,mass A hand,,,
t,frame,x,y,
1.166667E0,4.000000E2,-2.892848E0,8.413768E0,
1.170833E0,4.010000E2,-2.874577E0,8.450832E0,
1.175000E0,4.020000E2,-2.861873E0,8.458290E0,
1.179167E0,4.030000E2,-2.832913E0,8.460566E0,
1.183333E0,4.040000E2,-2.775882E0,8.507471E0,
1.187500E0,4.050000E2,-2.822202E0,8.515333E0,
1.191667E0,4.060000E2,-2.757358E0,8.538490E0,
1.195833E0,4.070000E2,-2.737738E0,8.573836E0,
1.200000E0,4.080000E2,-2.757966E0,8.587120E0,
1.204167E0,4.090000E2,-2.753714E0,8.617060E0,
1.208333E0,4.100000E2,-2.720402E0,8.607824E0,
1.212500E0,4.110000E2,-2.696776E0,8.615100E0,
1.216667E0,4.120000E2,-2.670472E0,8.628282E0,
1.220833E0,4.130000E2,-2.689099E0,8.651481E0,
1.225000E0,4.140000E2,-2.669633E0,8.635963E0,
1.229167E0,4.150000E2,-2.705801E0,8.651378E0,
1.233333E0,4.160000E2,-2.709927E0,8.647581E0,
1.237500E0,4.170000E2,-2.722750E0,8.654264E0,
1.241667E0,4.180000E2,-2.707292E0,8.671375E0,
1.245833E0,4.190000E2,-2.687057E0,8.728126E0,
1.250000E0,4.200000E2,-2.670759E0,8.679492E0,
1.254167E0,4.210000E2,-2.694898E0,8.699593E0,
1.258333E0,4.220000E2,-2.645910E0,8.705738E0,
1.262500E0,4.230000E2,-2.656480E0,8.711257E0,
1.266667E0,4.240000E2,-2.658268E0,8.727912E0,
1.270833E0,4.250000E2,-2.650355E0,8.780068E0,
1.275000E0,4.260000E2,-2.583053E0,8.752722E0,
1.279167E0,4.270000E2,-2.606692E0,8.806560E0,
1.283333E0,4.280000E2,-2.613146E0,8.806228E0,
1.287500E0,4.290000E2,-2.598670E0,8.796135E0,
1.291667E0,4.300000E2,-2.526602E0,8.820827E0,
1.295833E0,4.310000E2,-2.559051E0,8.845832E0,
1.300000E0,4.320000E2,-2.507509E0,8.854730E0,
1.304167E0,4.330000E2,-2.486962E0,8.919249E0,
1.308333E0,4.340000E2,-2.547811E0,8.925828E0,
1.312500E0,4.350000E2,-2.460646E0,8.947740E0,
1.316667E0,4.360000E2,-2.478818E0,8.935359E0,
1.320833E0,4.370000E2,-2.484459E0,8.980930E0,
1.325000E0,4.380000E2,-2.463027E0,8.976005E0,
1.329167E0,4.390000E2,-2.431828E0,9.046931E0,
1.333333E0,4.400000E2,-2.427741E0,9.008973E0,
1.337500E0,4.410000E2,-2.419902E0,9.025750E0,
1.341667E0,4.420000E2,-2.437180E0,9.036368E0,
1.345833E0,4.430000E2,-2.392582E0,9.026130E0,
1.350000E0,4.440000E2,-2.384324E0,9.034090E0,
1.354167E0,4.450000E2,-2.373873E0,9.039654E0,
1.358333E0,4.460000E2,-2.386773E0,9.069463E0,
1.362500E0,4.470000E2,-2.364803E0,9.044425E0,
1.366667E0,4.480000E2,-2.356300E0,9.062047E0,
1.370833E0,4.490000E2,-2.378821E0,9.079159E0,
1.375000E0,4.500000E2,-2.369413E0,9.073950E0,
1.379167E0,4.510000E2,-2.368677E0,9.066250E0,
1.383333E0,4.520000E2,-2.361691E0,9.082528E0,
1.387500E0,4.530000E2,-2.346783E0,9.112489E0,
1.391667E0,4.540000E2,-2.388436E0,9.118471E0,
1.395833E0,4.550000E2,-2.350029E0,9.174634E0,
1.400000E0,4.560000E2,-2.322708E0,9.176604E0,
1.404167E0,4.570000E2,-2.363044E0,9.197670E0,
1.408333E0,4.580000E2,-2.337493E0,9.201301E0,
1.412500E0,4.590000E2,-2.265019E0,9.254793E0,
1.416667E0,4.600000E2,-2.305965E0,9.261462E0,
1.420833E0,4.610000E2,-2.282253E0,9.273414E0,
1.425000E0,4.620000E2,-2.253653E0,9.302107E0,
1.429167E0,4.630000E2,-2.259197E0,9.382237E0,
1.433333E0,4.640000E2,-2.255930E0,9.343897E0,
1.437500E0,4.650000E2,-2.238001E0,9.356398E0,
1.441667E0,4.660000E2,-2.226659E0,9.411611E0,
1.445833E0,4.670000E2,-2.221406E0,9.417721E0,
1.450000E0,4.680000E2,-2.198935E0,9.410038E0,
1.454167E0,4.690000E2,-2.164436E0,9.452938E0,
1.458333E0,4.700000E2,-2.184545E0,9.406675E0,
1.462500E0,4.710000E2,-2.155013E0,9.433499E0,
1.466667E0,4.720000E2,-2.168777E0,9.417419E0,
1.470833E0,4.730000E2,-2.163245E0,9.481655E0,
1.475000E0,4.740000E2,-2.164804E0,9.461642E0,
1.479167E0,4.750000E2,-2.179139E0,9.517139E0,
1.483333E0,4.760000E2,-2.161233E0,9.482642E0,
1.487500E0,4.770000E2,-2.159798E0,9.490968E0,
1.491667E0,4.780000E2,-2.183397E0,9.469114E0,
1.495833E0,4.790000E2,-2.140153E0,9.478840E0,
1.500000E0,4.800000E2,-2.136651E0,9.504921E0,
1.504167E0,4.810000E2,-2.132876E0,9.546455E0,
1.508333E0,4.820000E2,-2.142723E0,9.525371E0,
1.512500E0,4.830000E2,-2.174516E0,9.517889E0,
1.516667E0,4.840000E2,-2.082010E0,9.600796E0,
1.520833E0,4.850000E2,-2.100905E0,9.623283E0,
1.525000E0,4.860000E2,-2.130807E0,9.610195E0,
1.529167E0,4.870000E2,-2.061459E0,9.659538E0,
1.533333E0,4.880000E2,-2.075664E0,9.696070E0,
1.537500E0,4.890000E2,-2.035479E0,9.720315E0,
1.541667E0,4.900000E2,-2.039072E0,9.689757E0,
1.545833E0,4.910000E2,-2.002848E0,9.743110E0,
1.550000E0,4.920000E2,-2.010078E0,9.747182E0,
1.554167E0,4.930000E2,-1.999522E0,9.799704E0,
1.558333E0,4.940000E2,-1.993595E0,9.799865E0,
1.562500E0,4.950000E2,-1.964278E0,9.789591E0,
1.566667E0,4.960000E2,-2.007957E0,9.828054E0,
1.570833E0,4.970000E2,-1.953028E0,9.848867E0,
1.575000E0,4.980000E2,-1.958129E0,9.816714E0,
1.579167E0,4.990000E2,-1.979203E0,9.828684E0,
1.583333E0,5.000000E2,-1.964947E0,9.848877E0,
1.587500E0,5.010000E2,-1.970878E0,9.862437E0,
1.591667E0,5.020000E2,-1.957858E0,9.863271E0,
1.595833E0,5.030000E2,-1.937281E0,9.844754E0,
1.600000E0,5.040000E2,-1.966471E0,9.856626E0,
1.604167E0,5.050000E2,-1.934446E0,9.894174E0,
1.608333E0,5.060000E2,-1.926064E0,9.912002E0,
1.612500E0,5.070000E2,-1.926773E0,9.897261E0,
1.616667E0,5.080000E2,-1.901951E0,9.930304E0,
1.620833E0,5.090000E2,-1.927812E0,9.978438E0,
1.625000E0,5.100000E2,-1.903965E0,9.953923E0,
1.629167E0,5.110000E2,-1.858867E0,9.967685E0,
1.633333E0,5.120000E2,-1.897376E0,9.982423E0,
1.637500E0,5.130000E2,-1.889648E0,1.002687E1,
1.641667E0,5.140000E2,-1.874879E0,1.004467E1,
1.645833E0,5.150000E2,-1.851100E0,1.006847E1,
1.650000E0,5.160000E2,-1.863629E0,1.008032E1,
1.654167E0,5.170000E2,-1.844813E0,1.011976E1,
1.658333E0,5.180000E2,-1.864108E0,1.014345E1,
1.662500E0,5.190000E2,-1.839711E0,1.015530E1,
1.666667E0,5.200000E2,-1.829134E0,1.020201E1,
1.670833E0,5.210000E2,-1.822880E0,1.016873E1,
1.675000E0,5.220000E2,-1.800303E0,1.023097E1,
1.679167E0,5.230000E2,-1.769952E0,1.023035E1,
1.683333E0,5.240000E2,-1.784844E0,1.026303E1,
1.687500E0,5.250000E2,-1.797885E0,1.029561E1,
1.691667E0,5.260000E2,-1.761836E0,1.026950E1,
1.695833E0,5.270000E2,-1.759269E0,1.027338E1,
1.700000E0,5.280000E2,-1.787167E0,1.028403E1,
1.704167E0,5.290000E2,-1.753226E0,1.031814E1,
1.708333E0,5.300000E2,-1.775030E0,1.032748E1,
1.712500E0,5.310000E2,-1.763720E0,1.030690E1,
1.716667E0,5.320000E2,-1.763222E0,1.032317E1,
1.720833E0,5.330000E2,-1.729084E0,1.035354E1,
1.725000E0,5.340000E2,-1.758449E0,1.033795E1,
1.729167E0,5.350000E2,-1.744094E0,1.030867E1,
1.733333E0,5.360000E2,-1.729270E0,1.033469E1,
1.737500E0,5.370000E2,-1.706750E0,1.035588E1,
1.741667E0,5.380000E2,-1.696980E0,1.038964E1,
1.745833E0,5.390000E2,-1.733372E0,1.038942E1,
1.750000E0,5.400000E2,-1.680331E0,1.044789E1,
1.754167E0,5.410000E2,-1.688457E0,1.043305E1,
1.758333E0,5.420000E2,-1.659816E0,1.049598E1,
1.762500E0,5.430000E2,-1.650938E0,1.047564E1,
1.766667E0,5.440000E2,-1.670767E0,1.053883E1,
1.770833E0,5.450000E2,-1.647420E0,1.053996E1,
1.775000E0,5.460000E2,-1.641594E0,1.058723E1,
1.779167E0,5.470000E2,-1.616538E0,1.062019E1,
1.783333E0,5.480000E2,-1.580791E0,1.063772E1,
1.787500E0,5.490000E2,-1.602767E0,1.064359E1,
1.791667E0,5.500000E2,-1.608691E0,1.062669E1,
1.795833E0,5.510000E2,-1.536975E0,1.064170E1,
1.800000E0,5.520000E2,-1.600587E0,1.060923E1,
1.804167E0,5.530000E2,-1.574661E0,1.071311E1,
1.808333E0,5.540000E2,-1.569543E0,1.071930E1,
1.812500E0,5.550000E2,-1.590285E0,1.072332E1,
1.816667E0,5.560000E2,-1.545383E0,1.068838E1,
1.820833E0,5.570000E2,-1.536654E0,1.077175E1,
1.825000E0,5.580000E2,-1.556460E0,1.071015E1,
1.829167E0,5.590000E2,-1.550440E0,1.074645E1,
1.833333E0,5.600000E2,-1.551366E0,1.070358E1,
1.837500E0,5.610000E2,-1.579552E0,1.073056E1,
1.841667E0,5.620000E2,-1.534768E0,1.077502E1,
1.845833E0,5.630000E2,-1.558891E0,1.078063E1,
1.850000E0,5.640000E2,-1.546581E0,1.075005E1,
1.854167E0,5.650000E2,-1.512117E0,1.078294E1,
1.858333E0,5.660000E2,-1.493489E0,1.082214E1,
1.862500E0,5.670000E2,-1.520084E0,1.078070E1,
1.866667E0,5.680000E2,-1.469450E0,1.085114E1,
1.870833E0,5.690000E2,-1.445733E0,1.082574E1,
1.875000E0,5.700000E2,-1.465583E0,1.089059E1,
1.879167E0,5.710000E2,-1.457817E0,1.089549E1,
1.883333E0,5.720000E2,-1.439720E0,1.094345E1,
1.887500E0,5.730000E2,-1.440018E0,1.093757E1,
1.891667E0,5.740000E2,-1.437570E0,1.096436E1,
1.895833E0,5.750000E2,-1.396399E0,1.098705E1,
1.900000E0,5.760000E2,-1.384507E0,1.099681E1,
1.904167E0,5.770000E2,-1.398417E0,1.103008E1,
1.908333E0,5.780000E2,-1.386923E0,1.103361E1,
1.912500E0,5.790000E2,-1.382350E0,1.105870E1,
1.916667E0,5.800000E2,-1.376744E0,1.109794E1,
1.920833E0,5.810000E2,-1.376063E0,1.109067E1,
1.925000E0,5.820000E2,-1.381710E0,1.112924E1,
1.929167E0,5.830000E2,-1.329217E0,1.113116E1,
1.933333E0,5.840000E2,-1.350168E0,1.114118E1,
1.937500E0,5.850000E2,-1.338340E0,1.110878E1,
1.941667E0,5.860000E2,-1.300973E0,1.114582E1,
1.945833E0,5.870000E2,-1.343475E0,1.117217E1,
1.950000E0,5.880000E2,-1.319263E0,1.116786E1,
1.954167E0,5.890000E2,-1.354455E0,1.118128E1,
1.958333E0,5.900000E2,-1.336012E0,1.119514E1,
1.962500E0,5.910000E2,-1.305152E0,1.114443E1,
1.966667E0,5.920000E2,-1.319150E0,1.119723E1,
1.970833E0,5.930000E2,-1.336626E0,1.121016E1,
1.975000E0,5.940000E2,-1.331922E0,1.121075E1,
1.979167E0,5.950000E2,-1.287314E0,1.120607E1,
1.983333E0,5.960000E2,-1.303785E0,1.125421E1,
1.987500E0,5.970000E2,-1.262221E0,1.126902E1,
1.991667E0,5.980000E2,-1.260611E0,1.133352E1,
1.995833E0,5.990000E2,-1.261686E0,1.134412E1,
