,cyst,,,
t,frame,x,y,
0.000000E0,1.200000E2,7.988352E0,-6.008920E0,
4.166667E-3,1.210000E2,8.003688E0,-5.996740E0,
8.333333E-3,1.220000E2,8.007639E0,-5.989803E0,
1.250000E-2,1.230000E2,7.995974E0,-5.996735E0,
1.666667E-2,1.240000E2,7.999697E0,-6.004635E0,
2.083333E-2,1.250000E2,7.999542E0,-6.008750E0,
2.500000E-2,1.260000E2,7.993463E0,-5.982854E0,
2.916667E-2,1.270000E2,8.002144E0,-5.998642E0,
3.333333E-2,1.280000E2,7.994381E0,-6.010426E0,
3.750000E-2,1.290000E2,8.001876E0,-6.011247E0,
4.166667E-2,1.300000E2,8.003517E0,-5.992162E0,
4.583333E-2,1.310000E2,8.006377E0,-5.991788E0,
5.000000E-2,1.320000E2,8.007929E0,-6.000539E0,
5.416667E-2,1.330000E2,8.002481E0,-6.002860E0,
5.833333E-2,1.340000E2,8.002863E0,-5.995209E0,
6.250000E-2,1.350000E2,7.998724E0,-5.994633E0,
6.666667E-2,1.360000E2,7.999636E0,-5.998446E0,
7.083333E-2,1.370000E2,8.005180E0,-6.007900E0,
7.500000E-2,1.380000E2,8.004572E0,-5.998038E0,
7.916667E-2,1.390000E2,8.002780E0,-5.984654E0,
8.333333E-2,1.400000E2,7.999960E0,-6.006668E0,
8.750000E-2,1.410000E2,8.006058E0,-6.004767E0,
9.166667E-2,1.420000E2,7.993446E0,-6.004994E0,
9.583333E-2,1.430000E2,7.996924E0,-6.005095E0,
1.000000E-1,1.440000E2,8.001317E0,-5.990265E0,
1.041667E-1,1.450000E2,8.006607E0,-5.995354E0,
1.083333E-1,1.460000E2,7.992803E0,-6.006453E0,
1.125000E-1,1.470000E2,7.993789E0,-6.007299E0,
1.166667E-1,1.480000E2,7.992965E0,-6.000556E0,
1.208333E-1,1.490000E2,8.004268E0,-6.004539E0,
1.250000E-1,1.500000E2,8.004693E0,-5.997841E0,
1.291667E-1,1.510000E2,8.008990E0,-5.998674E0,
1.333333E-1,1.520000E2,8.013303E0,-6.009793E0,
1.375000E-1,1.530000E2,7.993024E0,-5.988038E0,
1.416667E-1,1.540000E2,7.998937E0,-6.005073E0,
1.458333E-1,1.550000E2,7.996817E0,-5.990942E0,
1.500000E-1,1.560000E2,7.993657E0,-5.998998E0,
1.541667E-1,1.570000E2,8.000258E0,-6.001905E0,
1.583333E-1,1.580000E2,7.996817E0,-6.013487E0,
1.625000E-1,1.590000E2,8.000874E0,-6.004197E0,
1.666667E-1,1.600000E2,7.997949E0,-5.993017E0,
1.708333E-1,1.610000E2,7.991569E0,-5.994740E0,
1.750000E-1,1.620000E2,8.003475E0,-6.005631E0,
1.791667E-1,1.630000E2,8.003310E0,-6.016598E0,
1.833333E-1,1.640000E2,7.997464E0,-5.998477E0,
1.875000E-1,1.650000E2,7.987377E0,-6.008225E0,
1.916667E-1,1.660000E2,7.986473E0,-6.001515E0,
1.958333E-1,1.670000E2,7.991946E0,-6.006950E0,
2.000000E-1,1.680000E2,8.002169E0,-5.992076E0,
2.041667E-1,1.690000E2,8.003872E0,-6.003790E0,
2.083333E-1,1.700000E2,8.000398E0,-5.999313E0,
2.125000E-1,1.710000E2,8.000388E0,-6.001241E0,
2.166667E-1,1.720000E2,7.985151E0,-6.004238E0,
2.208333E-1,1.730000E2,8.002083E0,-5.995402E0,
2.250000E-1,1.740000E2,7.995947E0,-5.997770E0,
2.291667E-1,1.750000E2,7.998343E0,-5.998003E0,
2.333333E-1,1.760000E2,7.994317E0,-6.002543E0,
2.375000E-1,1.770000E2,7.988281E0,-5.996970E0,
2.416667E-1,1.780000E2,8.004370E0,-6.007025E0,
2.458333E-1,1.790000E2,8.002124E0,-5.998336E0,
2.500000E-1,1.800000E2,7.993705E0,-6.001634E0,
2.541667E-1,1.810000E2,7.990889E0,-6.019111E0,
2.583333E-1,1.820000E2,7.996245E0,-6.008833E0,
2.625000E-1,1.830000E2,8.004981E0,-6.002734E0,
2.666667E-1,1.840000E2,8.003077E0,-5.986763E0,
2.708333E-1,1.850000E2,8.000214E0,-5.992043E0,
2.750000E-1,1.860000E2,8.005232E0,-6.003884E0,
2.791667E-1,1.870000E2,8.001883E0,-5.992878E0,
2.833333E-1,1.880000E2,7.994356E0,-6.006165E0,
2.875000E-1,1.890000E2,8.003678E0,-5.992739E0,
2.916667E-1,1.900000E2,7.999537E0,-6.002419E0,
2.958333E-1,1.910000E2,7.995052E0,-6.005725E0,
3.000000E-1,1.920000E2,8.006530E0,-6.010176E0,
3.041667E-1,1.930000E2,8.002390E0,-6.001227E0,
3.083333E-1,1.940000E2,7.991488E0,-5.993997E0,
3.125000E-1,1.950000E2,8.004365E0,-6.000471E0,
3.166667E-1,1.960000E2,8.001055E0,-5.978997E0,
3.208333E-1,1.970000E2,7.997779E0,-6.004133E0,
3.250000E-1,1.980000E2,7.997209E0,-5.992564E0,
3.291667E-1,1.990000E2,7.993914E0,-5.994166E0,
3.333333E-1,2.000000E2,7.991361E0,-5.999275E0,
3.375000E-1,2.010000E2,8.001508E0,-6.001456E0,
3.416667E-1,2.020000E2,8.002644E0,-6.004383E0,
3.458333E-1,2.030000E2,7.997940E0,-5.995511E0,
3.500000E-1,2.040000E2,8.001387E0,-5.995027E0,
3.541667E-1,2.050000E2,7.997693E0,-6.001427E0,
3.583333E-1,2.060000E2,7.997833E0,-6.004655E0,
3.625000E-1,2.070000E2,8.002860E0,-6.008282E0,
3.666667E-1,2.080000E2,8.002743E0,-6.000772E0,
3.708333E-1,2.090000E2,8.008163E0,-6.011044E0,
3.750000E-1,2.100000E2,7.997201E0,-6.004997E0,
3.791667E-1,2.110000E2,8.001935E0,-5.987892E0,
3.833333E-1,2.120000E2,7.998935E0,-6.006048E0,
3.875000E-1,2.130000E2,8.001177E0,-6.003264E0,
3.916667E-1,2.140000E2,8.007190E0,-5.994735E0,
3.958333E-1,2.150000E2,8.002235E0,-5.997341E0,
4.000000E-1,2.160000E2,7.995383E0,-6.001952E0,
4.041667E-1,2.170000E2,7.997238E0,-5.997501E0,
4.083333E-1,2.180000E2,7.996479E0,-6.001097E0,
4.125000E-1,2.190000E2,7.998387E0,-5.999982E0,
4.166667E-1,2.200000E2,7.996050E0,-6.005652E0,
4.208333E-1,2.210000E2,7.997032E0,-5.996925E0,
4.250000E-1,2.220000E2,7.998918E0,-5.998981E0,
4.291667E-1,2.230000E2,8.001786E0,-5.999765E0,
4.333333E-1,2.240000E2,7.994974E0,-5.997874E0,
4.375000E-1,2.250000E2,8.000292E0,-5.999666E0,
4.416667E-1,2.260000E2,8.000142E0,-6.002714E0,
4.458333E-1,2.270000E2,8.004784E0,-5.999828E0,
4.500000E-1,2.280000E2,8.001367E0,-6.003810E0,
4.541667E-1,2.290000E2,8.002902E0,-6.014974E0,
4.583333E-1,2.300000E2,8.001476E0,-6.005539E0,
4.625000E-1,2.310000E2,8.006479E0,-6.002783E0,
4.666667E-1,2.320000E2,7.999162E0,-6.000192E0,
4.708333E-1,2.330000E2,7.991281E0,-5.998255E0,
4.750000E-1,2.340000E2,8.001896E0,-5.992217E0,
4.791667E-1,2.350000E2,7.994213E0,-5.991158E0,
4.833333E-1,2.360000E2,7.987059E0,-5.990739E0,
4.875000E-1,2.370000E2,8.002588E0,-6.001869E0,
4.916667E-1,2.380000E2,7.999607E0,-5.993909E0,
4.958333E-1,2.390000E2,8.000932E0,-6.013955E0,
5.000000E-1,2.400000E2,8.002425E0,-6.007565E0,
5.041667E-1,2.410000E2,7.998776E0,-5.990226E0,
5.083333E-1,2.420000E2,8.005971E0,-6.001365E0,
5.125000E-1,2.430000E2,8.000143E0,-6.001204E0,
5.166667E-1,2.440000E2,7.998014E0,-5.997905E0,
5.208333E-1,2.450000E2,7.999926E0,-5.997225E0,
5.250000E-1,2.460000E2,7.988070E0,-6.002086E0,
5.291667E-1,2.470000E2,8.002669E0,-6.000559E0,
5.333333E-1,2.480000E2,7.991324E0,-6.009146E0,
5.375000E-1,2.490000E2,8.001996E0,-5.998226E0,
5.416667E-1,2.500000E2,7.998971E0,-5.994866E0,
5.458333E-1,2.510000E2,8.000163E0,-5.994738E0,
5.500000E-1,2.520000E2,7.995100E0,-5.999156E0,
5.541667E-1,2.530000E2,8.009290E0,-6.003730E0,
5.583333E-1,2.540000E2,7.988068E0,-6.002434E0,
5.625000E-1,2.550000E2,7.998957E0,-6.005239E0,
5.666667E-1,2.560000E2,7.994600E0,-6.009044E0,
5.708333E-1,2.570000E2,7.990633E0,-5.997460E0,
5.750000E-1,2.580000E2,8.007925E0,-6.004440E0,
5.791667E-1,2.590000E2,8.000795E0,-5.986808E0,
5.833333E-1,2.600000E2,8.013607E0,-5.998536E0,
5.875000E-1,2.610000E2,8.004174E0,-5.991773E0,
5.916667E-1,2.620000E2,8.002586E0,-6.009661E0,
5.958333E-1,2.630000E2,8.002976E0,-6.001193E0,
6.000000E-1,2.640000E2,7.992424E0,-5.994912E0,
6.041667E-1,2.650000E2,7.992262E0,-5.995272E0,
6.083333E-1,2.660000E2,8.007935E0,-5.997866E0,
6.125000E-1,2.670000E2,8.004415E0,-5.996887E0,
6.166667E-1,2.680000E2,7.995587E0,-6.004956E0,
6.208333E-1,2.690000E2,8.000425E0,-6.005498E0,
6.250000E-1,2.700000E2,8.000750E0,-6.003191E0,
6.291667E-1,2.710000E2,8.006778E0,-6.009007E0,
6.333333E-1,2.720000E2,8.001817E0,-5.994114E0,
6.375000E-1,2.730000E2,7.995912E0,-6.006944E0,
6.416667E-1,2.740000E2,8.004497E0,-6.006482E0,
6.458333E-1,2.750000E2,7.996843E0,-6.001523E0,
6.500000E-1,2.760000E2,8.003172E0,-5.990150E0,
6.541667E-1,2.770000E2,7.996596E0,-5.998605E0,
6.583333E-1,2.780000E2,7.982019E0,-5.997019E0,
6.625000E-1,2.790000E2,8.009155E0,-5.999531E0,
6.666667E-1,2.800000E2,7.994628E0,-5.990505E0,
6.708333E-1,2.810000E2,8.005643E0,-5.996449E0,
6.750000E-1,2.820000E2,8.003559E0,-6.008997E0,
6.791667E-1,2.830000E2,7.996961E0,-6.007553E0,
6.833333E-1,2.840000E2,7.993357E0,-5.999077E0,
6.875000E-1,2.850000E2,8.010952E0,-5.998520E0,
6.916667E-1,2.860000E2,8.001340E0,-6.003439E0,
6.958333E-1,2.870000E2,8.007360E0,-5.998169E0,
7.000000E-1,2.880000E2,8.001964E0,-5.992206E0,
7.041667E-1,2.890000E2,8.005443E0,-6.003156E0,
7.083333E-1,2.900000E2,8.001379E0,-5.991661E0,
7.125000E-1,2.910000E2,7.992736E0,-5.991595E0,
7.166667E-1,2.920000E2,7.995665E0,-6.018379E0,
7.208333E-1,2.930000E2,8.002264E0,-6.004012E0,
7.250000E-1,2.940000E2,7.993298E0,-5.995522E0,
7.291667E-1,2.950000E2,7.998139E0,-6.000753E0,
7.333333E-1,2.960000E2,7.999504E0,-5.999921E0,
7.375000E-1,2.970000E2,8.006411E0,-5.994623E0,
7.416667E-1,2.980000E2,8.009338E0,-5.995254E0,
7.458333E-1,2.990000E2,7.988341E0,-6.004509E0,
7.500000E-1,3.000000E2,8.002493E0,-6.015700E0,
7.541667E-1,3.010000E2,8.010409E0,-5.996806E0,
7.583333E-1,3.020000E2,7.992346E0,-5.993917E0,
7.625000E-1,3.030000E2,7.993932E0,-5.997238E0,
7.666667E-1,3.040000E2,8.006810E0,-5.997919E0,
7.708333E-1,3.050000E2,8.001095E0,-5.995651E0,
7.750000E-1,3.060000E2,7.996954E0,-5.997195E0,
7.791667E-1,3.070000E2,8.001290E0,-6.004241E0,
7.833333E-1,3.080000E2,8.004268E0,-5.998661E0,
7.875000E-1,3.090000E2,8.000683E0,-5.996587E0,
7.916667E-1,3.100000E2,8.002377E0,-6.003967E0,
7.958333E-1,3.110000E2,8.001416E0,-5.999561E0,
8.000000E-1,3.120000E2,8.002526E0,-5.993411E0,
8.041667E-1,3.130000E2,8.001480E0,-5.988147E0,
8.083333E-1,3.140000E2,8.002731E0,-5.995752E0,
8.125000E-1,3.150000E2,7.999457E0,-5.987586E0,
8.166667E-1,3.160000E2,8.006727E0,-6.000464E0,
8.208333E-1,3.170000E2,7.998697E0,-6.001151E0,
8.250000E-1,3.180000E2,7.997564E0,-5.991946E0,
8.291667E-1,3.190000E2,7.992258E0,-6.001225E0,
8.333333E-1,3.200000E2,7.996225E0,-6.002601E0,
8.375000E-1,3.210000E2,8.001352E0,-6.007020E0,
8.416667E-1,3.220000E2,7.999458E0,-6.000304E0,
8.458333E-1,3.230000E2,8.003888E0,-6.001932E0,
8.500000E-1,3.240000E2,7.993831E0,-6.008085E0,
8.541667E-1,3.250000E2,7.996855E0,-6.008135E0,
8.583333E-1,3.260000E2,7.989209E0,-5.997940E0,
8.625000E-1,3.270000E2,7.998919E0,-5.995258E0,
8.666667E-1,3.280000E2,8.005918E0,-6.003159E0,
8.708333E-1,3.290000E2,8.003105E0,-6.004559E0,
8.750000E-1,3.300000E2,7.998144E0,-6.001609E0,
8.791667E-1,3.310000E2,8.003153E0,-6.025701E0,
8.833333E-1,3.320000E2,8.001970E0,-6.003787E0,
8.875000E-1,3.330000E2,7.995314E0,-5.993217E0,
8.916667E-1,3.340000E2,7.994613E0,-5.994260E0,
8.958333E-1,3.350000E2,7.995105E0,-6.003590E0,
9.000000E-1,3.360000E2,8.002903E0,-6.001364E0,
9.041667E-1,3.370000E2,8.003656E0,-6.010485E0,
9.083333E-1,3.380000E2,8.002620E0,-6.007634E0,
9.125000E-1,3.390000E2,7.998857E0,-5.999858E0,
9.166667E-1,3.400000E2,8.011115E0,-6.006795E0,
9.208333E-1,3.410000E2,7.999190E0,-5.990278E0,
9.250000E-1,3.420000E2,8.003134E0,-5.993719E0,
9.291667E-1,3.430000E2,8.001384E0,-5.997268E0,
9.333333E-1,3.440000E2,8.006274E0,-5.998301E0,
9.375000E-1,3.450000E2,7.990787E0,-6.003769E0,
9.416667E-1,3.460000E2,8.003309E0,-5.999754E0,
9.458333E-1,3.470000E2,7.999263E0,-6.011611E0,
9.500000E-1,3.480000E2,7.999844E0,-5.996065E0,
9.541667E-1,3.490000E2,7.994390E0,-5.995792E0,
9.583333E-1,3.500000E2,7.996199E0,-5.995147E0,
9.625000E-1,3.510000E2,8.007248E0,-6.000993E0,
9.666667E-1,3.520000E2,8.005299E0,-5.990413E0,
9.708333E-1,3.530000E2,7.992206E0,-5.999501E0,
9.750000E-1,3.540000E2,8.001746E0,-5.998834E0,
9.791667E-1,3.550000E2,7.997574E0,-6.003163E0,
9.833333E-1,3.560000E2,8.006448E0,-6.002848E0,
9.875000E-1,3.570000E2,8.002908E0,-6.009568E0,
9.916667E-1,3.580000E2,8.004689E0,-6.003263E0,
9.958333E-1,3.590000E2,8.000017E0,-6.002019E0,
1.000000E0,3.600000E2,8.000612E0,-6.001281E0,
1.004167E0,3.610000E2,7.996642E0,-6.006537E0,
1.008333E0,3.620000E2,7.991798E0,-6.008658E0,
1.012500E0,3.630000E2,7.997104E0,-6.005387E0,
1.016667E0,3.640000E2,8.007316E0,-6.002304E0,
1.020833E0,3.650000E2,8.007968E0,-5.994028E0,
1.025000E0,3.660000E2,7.995334E0,-6.006026E0,
1.029167E0,3.670000E2,7.995437E0,-5.998001E0,
1.033333E0,3.680000E2,7.996025E0,-6.002161E0,
1.037500E0,3.690000E2,7.995796E0,-6.002234E0,
1.041667E0,3.700000E2,7.993549E0,-6.005918E0,
1.045833E0,3.710000E2,7.996287E0,-5.987342E0,
1.050000E0,3.720000E2,8.003895E0,-5.998966E0,
1.054167E0,3.730000E2,8.004324E0,-6.000724E0,
1.058333E0,3.740000E2,8.009789E0,-5.995926E0,
1.062500E0,3.750000E2,7.999207E0,-6.006386E0,
1.066667E0,3.760000E2,7.987896E0,-6.005497E0,
1.070833E0,3.770000E2,7.996888E0,-5.998817E0,
1.075000E0,3.780000E2,7.993998E0,-6.007215E0,
1.079167E0,3.790000E2,7.998099E0,-6.000564E0,
1.083333E0,3.800000E2,7.995851E0,-5.991542E0,
1.087500E0,3.810000E2,8.005535E0,-6.007215E0,
1.091667E0,3.820000E2,7.995250E0,-6.000088E0,
1.095833E0,3.830000E2,8.000038E0,-5.995511E0,
1.100000E0,3.840000E2,8.010221E0,-6.008850E0,
1.104167E0,3.850000E2,7.999924E0,-5.998356E0,
1.108333E0,3.860000E2,7.990580E0,-5.999920E0,
1.112500E0,3.870000E2,8.005092E0,-6.009221E0,
1.116667E0,3.880000E2,8.002644E0,-6.000305E0,
1.120833E0,3.890000E2,8.003081E0,-5.995937E0,
1.125000E0,3.900000E2,8.003898E0,-5.994182E0,
1.129167E0,3.910000E2,7.994598E0,-6.001388E0,
1.133333E0,3.920000E2,7.994342E0,-5.991836E0,
1.137500E0,3.930000E2,8.000830E0,-5.998808E0,
1.141667E0,3.940000E2,7.990354E0,-5.999878E0,
1.145833E0,3.950000E2,7.995216E0,-6.005055E0,
1.150000E0,3.960000E2,8.006518E0,-6.002718E0,
1.154167E0,3.970000E2,7.992763E0,-5.997050E0,
1.158333E0,3.980000E2,8.001952E0,-5.999871E0,
1.162500E0,3.990000E2,8.005978E0,-5.992683E0,
1.166667E0,4.000000E2,7.999619E0,-5.998447E0,
1.170833E0,4.010000E2,7.997423E0,-6.000050E0,
1.175000E0,4.020000E2,8.007390E0,-5.986325E0,
1.179167E0,4.030000E2,7.992184E0,-6.002739E0,
1.183333E0,4.040000E2,8.009392E0,-5.997453E0,
1.187500E0,4.050000E2,7.994881E0,-5.991404E0,
1.191667E0,4.060000E2,8.000130E0,-5.998387E0,
1.195833E0,4.070000E2,7.993720E0,-5.995053E0,
1.200000E0,4.080000E2,7.993840E0,-5.995353E0,
1.204167E0,4.090000E2,8.005561E0,-6.009976E0,
1.208333E0,4.100000E2,8.000365E0,-5.990453E0,
1.212500E0,4.110000E2,8.002895E0,-6.002580E0,
1.216667E0,4.120000E2,7.992568E0,-5.999772E0,
1.220833E0,4.130000E2,7.997928E0,-5.990460E0,
1.225000E0,4.140000E2,7.992915E0,-6.000898E0,
1.229167E0,4.150000E2,7.999788E0,-6.000166E0,
1.233333E0,4.160000E2,8.002555E0,-5.996652E0,
1.237500E0,4.170000E2,8.002786E0,-6.004055E0,
1.241667E0,4.180000E2,8.002873E0,-5.995920E0,
1.245833E0,4.190000E2,7.996227E0,-5.999609E0,
1.250000E0,4.200000E2,8.003205E0,-6.002072E0,
1.254167E0,4.210000E2,7.997467E0,-6.004835E0,
1.258333E0,4.220000E2,8.007625E0,-5.996738E0,
1.262500E0,4.230000E2,7.998982E0,-6.012392E0,
1.266667E0,4.240000E2,8.006735E0,-6.003659E0,
1.270833E0,4.250000E2,7.997916E0,-6.004639E0,
1.275000E0,4.260000E2,8.003711E0,-5.996768E0,
1.279167E0,4.270000E2,8.001255E0,-5.985904E0,
1.283333E0,4.280000E2,7.991619E0,-5.996741E0,
1.287500E0,4.290000E2,8.003754E0,-5.992551E0,
1.291667E0,4.300000E2,7.994748E0,-6.007324E0,
1.295833E0,4.310000E2,7.989793E0,-5.992654E0,
1.300000E0,4.320000E2,8.000750E0,-6.006487E0,
1.304167E0,4.330000E2,8.006383E0,-6.004051E0,
1.308333E0,4.340000E2,8.004144E0,-6.001702E0,
1.312500E0,4.350000E2,7.995145E0,-6.008185E0,
1.316667E0,4.360000E2,7.990220E0,-5.996250E0,
1.320833E0,4.370000E2,7.984695E0,-5.994200E0,
1.325000E0,4.380000E2,7.996277E0,-5.995832E0,
1.329167E0,4.390000E2,7.996957E0,-6.008983E0,
1.333333E0,4.400000E2,7.999005E0,-6.011551E0,
1.337500E0,4.410000E2,8.006959E0,-6.002768E0,
1.341667E0,4.420000E2,7.998799E0,-5.989810E0,
1.345833E0,4.430000E2,7.993767E0,-6.011889E0,
1.350000E0,4.440000E2,7.993554E0,-6.006657E0,
1.354167E0,4.450000E2,7.994488E0,-5.991163E0,
1.358333E0,4.460000E2,7.996100E0,-5.995521E0,
1.362500E0,4.470000E2,8.001764E0,-5.994729E0,
1.366667E0,4.480000E2,7.998108E0,-5.999369E0,
1.370833E0,4.490000E2,7.999493E0,-5.998270E0,
1.375000E0,4.500000E2,8.000505E0,-5.999046E0,
1.379167E0,4.510000E2,8.001113E0,-6.001656E0,
1.383333E0,4.520000E2,8.003628E0,-6.013158E0,
1.387500E0,4.530000E2,8.006601E0,-6.001714E0,
1.391667E0,4.540000E2,7.994268E0,-5.993214E0,
1.395833E0,4.550000E2,7.998267E0,-6.005756E0,
1.400000E0,4.560000E2,7.999280E0,-5.995566E0,
1.404167E0,4.570000E2,7.999061E0,-6.001051E0,
1.408333E0,4.580000E2,8.004611E0,-6.003930E0,
1.412500E0,4.590000E2,8.004085E0,-5.993920E0,
1.416667E0,4.600000E2,7.996365E0,-6.001350E0,
1.420833E0,4.610000E2,8.009474E0,-6.008568E0,
1.425000E0,4.620000E2,8.002938E0,-6.008549E0,
1.429167E0,4.630000E2,8.003931E0,-5.993590E0,
1.433333E0,4.640000E2,7.996566E0,-5.998126E0,
1.437500E0,4.650000E2,8.004492E0,-6.005913E0,
1.441667E0,4.660000E2,7.998169E0,-5.996688E0,
1.445833E0,4.670000E2,7.994597E0,-6.001047E0,
1.450000E0,4.680000E2,8.000702E0,-5.990451E0,
1.454167E0,4.690000E2,7.994199E0,-6.004744E0,
1.458333E0,4.700000E2,7.993816E0,-6.007871E0,
1.462500E0,4.710000E2,8.002577E0,-6.008194E0,
1.466667E0,4.720000E2,8.004535E0,-6.005780E0,
1.470833E0,4.730000E2,7.996102E0,-6.004086E0,
1.475000E0,4.740000E2,8.005468E0,-6.004651E0,
1.479167E0,4.750000E2,8.006687E0,-6.003504E0,
1.483333E0,4.760000E2,8.006570E0,-6.006468E0,
1.487500E0,4.770000E2,8.001967E0,-5.995168E0,
1.491667E0,4.780000E2,7.998302E0,-5.993098E0,
1.495833E0,4.790000E2,8.008812E0,-6.006678E0,
1.500000E0,4.800000E2,7.997887E0,-5.991389E0,
1.504167E0,4.810000E2,8.002760E0,-5.993741E0,
1.508333E0,4.820000E2,8.006465E0,-5.992423E0,
1.512500E0,4.830000E2,8.009841E0,-6.003525E0,
1.516667E0,4.840000E2,8.001832E0,-6.006296E0,
1.520833E0,4.850000E2,8.001656E0,-5.992321E0,
1.525000E0,4.860000E2,8.003176E0,-6.013408E0,
1.529167E0,4.870000E2,8.001444E0,-6.002169E0,
1.533333E0,4.880000E2,8.006544E0,-6.003212E0,
1.537500E0,4.890000E2,8.006307E0,-6.003608E0,
1.541667E0,4.900000E2,8.010057E0,-6.005117E0,
1.545833E0,4.910000E2,7.999960E0,-6.001413E0,
1.550000E0,4.920000E2,8.004494E0,-6.001595E0,
1.554167E0,4.930000E2,7.996244E0,-5.998820E0,
1.558333E0,4.940000E2,7.997978E0,-6.006018E0,
1.562500E0,4.950000E2,8.008422E0,-6.000794E0,
1.566667E0,4.960000E2,7.998788E0,-5.997101E0,
1.570833E0,4.970000E2,7.989539E0,-5.999685E0,
1.575000E0,4.980000E2,7.997228E0,-6.006253E0,
1.579167E0,4.990000E2,7.997324E0,-6.003916E0,
1.583333E0,5.000000E2,7.989903E0,-5.997059E0,
1.587500E0,5.010000E2,8.001412E0,-6.001607E0,
1.591667E0,5.020000E2,8.005068E0,-6.001631E0,
1.595833E0,5.030000E2,7.997344E0,-6.001035E0,
1.600000E0,5.040000E2,8.005832E0,-5.995486E0,
1.604167E0,5.050000E2,7.988536E0,-5.997523E0,
1.608333E0,5.060000E2,8.004541E0,-5.979797E0,
1.612500E0,5.070000E2,8.000210E0,-5.991198E0,
1.616667E0,5.080000E2,8.013103E0,-5.996092E0,
1.620833E0,5.090000E2,8.000407E0,-5.994993E0,
1.625000E0,5.100000E2,8.000137E0,-6.003315E0,
1.629167E0,5.110000E2,8.000143E0,-5.999537E0,
1.633333E0,5.120000E2,7.998323E0,-5.995286E0,
1.637500E0,5.130000E2,7.998130E0,-5.991551E0,
1.641667E0,5.140000E2,8.004221E0,-6.000353E0,
1.645833E0,5.150000E2,8.001833E0,-6.003039E0,
1.650000E0,5.160000E2,8.001992E0,-5.998532E0,
1.654167E0,5.170000E2,8.001870E0,-6.001979E0,
1.658333E0,5.180000E2,7.996435E0,-6.002209E0,
1.662500E0,5.190000E2,8.011023E0,-5.997073E0,
1.666667E0,5.200000E2,7.994633E0,-5.992190E0,
1.670833E0,5.210000E2,8.005591E0,-6.003538E0,
1.675000E0,5.220000E2,7.999357E0,-5.989508E0,
1.679167E0,5.230000E2,8.006216E0,-6.000170E0,
1.683333E0,5.240000E2,7.999057E0,-6.008962E0,
1.687500E0,5.250000E2,8.006515E0,-5.997047E0,
1.691667E0,5.260000E2,8.003153E0,-5.998643E0,
1.695833E0,5.270000E2,8.006996E0,-5.996818E0,
1.700000E0,5.280000E2,8.011609E0,-6.009408E0,
1.704167E0,5.290000E2,8.001598E0,-5.996229E0,
1.708333E0,5.300000E2,8.001278E0,-5.994454E0,
1.712500E0,5.310000E2,7.986875E0,-6.006588E0,
1.716667E0,5.320000E2,8.000530E0,-6.006016E0,
1.720833E0,5.330000E2,8.005476E0,-5.994439E0,
1.725000E0,5.340000E2,7.999009E0,-5.986692E0,
1.729167E0,5.350000E2,8.000783E0,-5.990141E0,
1.733333E0,5.360000E2,7.999517E0,-6.008153E0,
1.737500E0,5.370000E2,7.989554E0,-5.989785E0,
1.741667E0,5.380000E2,8.005289E0,-6.006745E0,
1.745833E0,5.390000E2,7.996389E0,-6.000680E0,
1.750000E0,5.400000E2,7.992786E0,-6.001598E0,
1.754167E0,5.410000E2,8.005971E0,-5.992127E0,
1.758333E0,5.420000E2,8.002676E0,-5.992674E0,
1.762500E0,5.430000E2,8.003640E0,-6.000246E0,
1.766667E0,5.440000E2,8.001179E0,-5.997283E0,
1.770833E0,5.450000E2,7.996762E0,-6.005258E0,
1.775000E0,5.460000E2,8.005489E0,-5.999002E0,
1.779167E0,5.470000E2,7.995602E0,-5.991140E0,
1.783333E0,5.480000E2,8.001912E0,-5.998838E0,
1.787500E0,5.490000E2,7.994863E0,-6.003011E0,
1.791667E0,5.500000E2,7.994281E0,-5.992075E0,
1.795833E0,5.510000E2,8.005067E0,-6.002027E0,
1.800000E0,5.520000E2,7.996123E0,-5.998626E0,
1.804167E0,5.530000E2,8.009475E0,-5.997817E0,
1.808333E0,5.540000E2,7.993204E0,-5.998376E0,
1.812500E0,5.550000E2,8.006495E0,-6.002911E0,
1.816667E0,5.560000E2,7.998849E0,-6.000240E0,
1.820833E0,5.570000E2,8.004856E0,-6.001738E0,
1.825000E0,5.580000E2,8.004450E0,-6.000944E0,
1.829167E0,5.590000E2,7.990309E0,-6.013086E0,
1.833333E0,5.600000E2,8.003950E0,-6.002385E0,
1.837500E0,5.610000E2,7.998763E0,-6.002029E0,
1.841667E0,5.620000E2,7.995262E0,-5.992103E0,
1.845833E0,5.630000E2,8.006394E0,-5.993050E0,
1.850000E0,5.640000E2,8.002602E0,-6.009553E0,
1.854167E0,5.650000E2,8.002858E0,-6.007281E0,
1.858333E0,5.660000E2,8.008399E0,-5.996211E0,
1.862500E0,5.670000E2,8.006227E0,-5.999430E0,
1.866667E0,5.680000E2,8.001086E0,-6.004012E0,
1.870833E0,5.690000E2,7.996011E0,-6.005546E0,
1.875000E0,5.700000E2,8.008776E0,-6.002924E0,
1.879167E0,5.710000E2,7.996918E0,-6.003196E0,
1.883333E0,5.720000E2,7.991568E0,-6.007502E0,
1.887500E0,5.730000E2,8.011316E0,-5.997257E0,
1.891667E0,5.740000E2,8.012262E0,-5.991203E0,
1.895833E0,5.750000E2,7.991422E0,-6.000858E0,
1.900000E0,5.760000E2,8.002682E0,-5.998456E0,
1.904167E0,5.770000E2,7.992624E0,-6.012079E0,
1.908333E0,5.780000E2,8.004157E0,-6.006211E0,
1.912500E0,5.790000E2,7.998041E0,-6.010081E0,
1.916667E0,5.800000E2,7.992754E0,-5.996407E0,
1.920833E0,5.810000E2,8.005930E0,-5.994125E0,
1.925000E0,5.820000E2,7.995699E0,-6.006549E0,
1.929167E0,5.830000E2,8.002824E0,-6.003251E0,
1.933333E0,5.840000E2,7.996833E0,-6.005987E0,
1.937500E0,5.850000E2,8.010171E0,-6.002628E0,
1.941667E0,5.860000E2,8.006638E0,-6.008633E0,
1.945833E0,5.870000E2,7.998081E0,-5.995287E0,
1.950000E0,5.880000E2,7.988533E0,-6.004913E0,
1.954167E0,5.890000E2,8.002656E0,-6.006777E0,
1.958333E0,5.900000E2,7.995312E0,-6.006384E0,
1.962500E0,5.910000E2,8.007237E0,-6.002204E0,
1.966667E0,5.920000E2,8.009408E0,-5.992837E0,
1.970833E0,5.930000E2,8.000642E0,-5.998520E0,
1.975000E0,5.940000E2,8.005651E0,-5.999328E0,
1.979167E0,5.950000E2,7.993191E0,-6.004009E0,
1.983333E0,5.960000E2,8.003817E0,-6.005394E0,
1.987500E0,5.970000E2,8.009770E0,-5.998426E0,
1.991667E0,5.980000E2,7.992808E0,-5.994854E0,
1.995833E0,5.990000E2,8.004650E0,-5.993299E0,
2.000000E0,6.000000E2,8.001867E0,-6.000028E0,
2.004167E0,6.010000E2,8.005355E0,-6.007277E0,
2.008333E0,6.020000E2,8.000800E0,-6.003796E0,
2.012500E0,6.030000E2,8.000018E0,-6.000269E0,
2.016667E0,6.040000E2,8.007144E0,-5.998181E0,
2.020833E0,6.050000E2,8.000598E0,-5.999346E0,
2.025000E0,6.060000E2,8.003069E0,-5.993915E0,
2.029167E0,6.070000E2,7.992734E0,-5.996541E0,
2.033333E0,6.080000E2,8.002588E0,-5.995861E0,
2.037500E0,6.090000E2,8.004246E0,-5.992957E0,
2.041667E0,6.100000E2,7.999554E0,-5.998233E0,
2.045833E0,6.110000E2,8.000099E0,-5.992617E0,
2.050000E0,6.120000E2,7.989163E0,-6.001795E0,
2.054167E0,6.130000E2,7.994492E0,-6.002614E0,
2.058333E0,6.140000E2,7.998838E0,-5.990083E0,
2.062500E0,6.150000E2,7.998571E0,-6.000040E0,
2.066667E0,6.160000E2,8.012543E0,-5.986903E0,
2.070833E0,6.170000E2,8.004695E0,-6.011680E0,
2.075000E0,6.180000E2,7.993643E0,-5.997998E0,
2.079167E0,6.190000E2,8.013114E0,-5.996618E0,
2.083333E0,6.200000E2,7.992464E0,-5.986001E0,
2.087500E0,6.210000E2,7.993832E0,-5.993564E0,
2.091667E0,6.220000E2,7.995367E0,-6.002288E0,
2.095833E0,6.230000E2,7.999993E0,-5.998115E0,
2.100000E0,6.240000E2,8.014850E0,-6.004254E0,
2.104167E0,6.250000E2,7.998848E0,-6.003638E0,
2.108333E0,6.260000E2,8.003414E0,-5.996404E0,
2.112500E0,6.270000E2,7.992076E0,-5.998070E0,
2.116667E0,6.280000E2,7.997812E0,-5.988736E0,
2.120833E0,6.290000E2,8.014806E0,-6.015963E0,
2.125000E0,6.300000E2,8.007724E0,-6.000663E0,
2.129167E0,6.310000E2,8.005538E0,-5.995210E0,
2.133333E0,6.320000E2,8.008977E0,-5.991676E0,
2.137500E0,6.330000E2,8.003605E0,-5.998603E0,
2.141667E0,6.340000E2,8.003419E0,-5.999318E0,
2.145833E0,6.350000E2,7.994285E0,-5.996355E0,
2.150000E0,6.360000E2,7.991865E0,-5.982177E0,
2.154167E0,6.370000E2,7.996607E0,-5.994880E0,
2.158333E0,6.380000E2,7.998507E0,-6.005727E0,
2.162500E0,6.390000E2,7.995814E0,-6.004396E0,
2.166667E0,6.400000E2,8.004447E0,-5.997309E0,
2.170833E0,6.410000E2,8.010777E0,-6.004501E0,
2.175000E0,6.420000E2,8.000321E0,-5.994878E0,
2.179167E0,6.430000E2,7.991503E0,-5.998659E0,
2.183333E0,6.440000E2,7.993350E0,-6.000440E0,
2.187500E0,6.450000E2,8.006358E0,-5.998198E0,
2.191667E0,6.460000E2,8.004924E0,-6.007921E0,
2.195833E0,6.470000E2,8.001730E0,-6.004160E0,
2.200000E0,6.480000E2,8.004079E0,-6.001405E0,
2.204167E0,6.490000E2,8.006874E0,-5.999744E0,
2.208333E0,6.500000E2,8.000676E0,-5.999189E0,
2.212500E0,6.510000E2,8.002173E0,-5.999115E0,
2.216667E0,6.520000E2,7.998450E0,-5.987128E0,
2.220833E0,6.530000E2,7.989122E0,-6.009539E0,
2.225000E0,6.540000E2,8.001009E0,-5.992110E0,
2.229167E0,6.550000E2,8.000174E0,-5.996596E0,
2.233333E0,6.560000E2,8.002642E0,-6.004229E0,
2.237500E0,6.570000E2,7.997214E0,-5.998974E0,
2.241667E0,6.580000E2,8.002689E0,-6.003309E0,
2.245833E0,6.590000E2,8.002537E0,-6.001383E0,
2.250000E0,6.600000E2,7.997907E0,-5.997844E0,
2.254167E0,6.610000E2,7.994556E0,-5.996647E0,
2.258333E0,6.620000E2,7.996341E0,-5.998500E0,
2.262500E0,6.630000E2,8.002239E0,-5.993700E0,
2.266667E0,6.640000E2,8.005270E0,-6.007841E0,
2.270833E0,6.650000E2,8.010735E0,-5.992071E0,
2.275000E0,6.660000E2,7.999747E0,-5.998559E0,
2.279167E0,6.670000E2,8.003178E0,-6.005669E0,
2.283333E0,6.680000E2,8.007218E0,-5.992636E0,
2.287500E0,6.690000E2,7.994543E0,-5.998571E0,
2.291667E0,6.700000E2,8.003903E0,-6.001430E0,
2.295833E0,6.710000E2,7.997654E0,-6.000593E0,
2.300000E0,6.720000E2,7.998130E0,-6.002884E0,
2.304167E0,6.730000E2,8.004694E0,-6.008900E0,
2.308333E0,6.740000E2,7.998938E0,-5.999642E0,
2.312500E0,6.750000E2,8.002224E0,-5.997744E0,
2.316667E0,6.760000E2,7.993910E0,-6.003314E0,
2.320833E0,6.770000E2,7.999925E0,-6.000926E0,
2.325000E0,6.780000E2,7.995251E0,-6.015242E0,
2.329167E0,6.790000E2,7.998525E0,-5.993439E0,
2.333333E0,6.800000E2,8.016757E0,-6.004340E0,
2.337500E0,6.810000E2,8.000432E0,-6.006854E0,
2.341667E0,6.820000E2,7.999058E0,-5.996015E0,
2.345833E0,6.830000E2,7.998003E0,-5.993234E0,
2.350000E0,6.840000E2,7.995837E0,-5.997839E0,
2.354167E0,6.850000E2,8.010777E0,-5.994734E0,
2.358333E0,6.860000E2,7.996298E0,-5.999799E0,
2.362500E0,6.870000E2,8.014221E0,-6.002662E0,
2.366667E0,6.880000E2,7.999045E0,-5.990979E0,
2.370833E0,6.890000E2,8.007519E0,-6.014387E0,
2.375000E0,6.900000E2,8.001016E0,-6.007375E0,
2.379167E0,6.910000E2,7.996606E0,-6.001101E0,
2.383333E0,6.920000E2,7.999237E0,-5.994768E0,
2.387500E0,6.930000E2,8.008056E0,-5.997776E0,
2.391667E0,6.940000E2,7.999339E0,-6.000954E0,
2.395833E0,6.950000E2,7.989028E0,-6.000811E0,
2.400000E0,6.960000E2,8.011310E0,-5.995780E0,
2.404167E0,6.970000E2,7.996217E0,-6.001706E0,
2.408333E0,6.980000E2,7.998395E0,-5.998844E0,
2.412500E0,6.990000E2,8.008908E0,-5.998236E0,
2.416667E0,7.000000E2,7.990473E0,-6.006750E0,
2.420833E0,7.010000E2,7.997347E0,-6.004884E0,
2.425000E0,7.020000E2,8.004037E0,-6.002365E0,
2.429167E0,7.030000E2,8.004017E0,-5.998195E0,
2.433333E0,7.040000E2,8.003686E0,-5.993372E0,
2.437500E0,7.050000E2,7.994677E0,-6.004500E0,
2.441667E0,7.060000E2,8.005789E0,-6.011163E0,
2.445833E0,7.070000E2,7.997661E0,-5.993318E0,
2.450000E0,7.080000E2,8.001404E0,-6.008316E0,
2.454167E0,7.090000E2,7.994868E0,-5.993722E0,
2.458333E0,7.100000E2,8.010537E0,-6.004565E0,
2.462500E0,7.110000E2,7.998129E0,-6.004155E0,
2.466667E0,7.120000E2,7.999903E0,-6.000692E0,
2.470833E0,7.130000E2,7.997114E0,-6.005587E0,
2.475000E0,7.140000E2,8.002663E0,-5.994848E0,
2.479167E0,7.150000E2,7.992445E0,-5.996105E0,
2.483333E0,7.160000E2,7.999782E0,-6.015086E0,
2.487500E0,7.170000E2,7.999030E0,-6.000546E0,
2.491667E0,7.180000E2,8.009960E0,-6.008919E0,
2.495833E0,7.190000E2,7.998413E0,-5.999316E0,
2.500000E0,7.200000E2,7.999277E0,-5.996941E0,
2.504167E0,7.210000E2,8.001248E0,-6.004762E0,
2.508333E0,7.220000E2,8.006514E0,-5.999693E0,
2.512500E0,7.230000E2,8.012440E0,-6.000426E0,
2.516667E0,7.240000E2,8.003073E0,-5.997536E0,
2.520833E0,7.250000E2,8.003516E0,-6.000183E0,
2.525000E0,7.260000E2,8.010137E0,-6.005414E0,
2.529167E0,7.270000E2,8.000893E0,-5.996356E0,
2.533333E0,7.280000E2,8.003064E0,-5.997963E0,
2.537500E0,7.290000E2,7.996991E0,-6.011133E0,
2.541667E0,7.300000E2,7.999653E0,-6.002313E0,
2.545833E0,7.310000E2,7.995913E0,-6.005790E0,
2.550000E0,7.320000E2,8.013566E0,-6.001054E0,
2.554167E0,7.330000E2,8.005222E0,-6.015350E0,
2.558333E0,7.340000E2,8.004679E0,-6.003578E0,
2.562500E0,7.350000E2,7.994545E0,-5.988714E0,
2.566667E0,7.360000E2,8.001221E0,-6.008511E0,
2.570833E0,7.370000E2,7.996412E0,-6.000061E0,
2.575000E0,7.380000E2,7.996387E0,-5.988958E0,
2.579167E0,7.390000E2,7.992411E0,-5.997644E0,
2.583333E0,7.400000E2,7.996616E0,-5.993993E0,
2.587500E0,7.410000E2,8.016259E0,-6.001093E0,
2.591667E0,7.420000E2,7.996889E0,-6.008301E0,
2.595833E0,7.430000E2,8.004609E0,-6.006066E0,
2.600000E0,7.440000E2,8.006248E0,-5.997127E0,
2.604167E0,7.450000E2,8.003327E0,-6.005240E0,
2.608333E0,7.460000E2,8.005087E0,-6.001346E0,
2.612500E0,7.470000E2,7.994581E0,-6.004596E0,
2.616667E0,7.480000E2,8.009806E0,-6.010861E0,
2.620833E0,7.490000E2,8.013135E0,-6.016841E0,
2.625000E0,7.500000E2,8.000783E0,-5.995261E0,
2.629167E0,7.510000E2,7.996330E0,-6.008676E0,
2.633333E0,7.520000E2,7.995551E0,-6.007155E0,
2.637500E0,7.530000E2,7.992550E0,-5.999981E0,
2.641667E0,7.540000E2,8.004162E0,-6.001274E0,
2.645833E0,7.550000E2,8.005559E0,-6.002557E0,
2.650000E0,7.560000E2,8.010695E0,-5.997732E0,
2.654167E0,7.570000E2,7.992705E0,-5.997037E0,
2.658333E0,7.580000E2,8.005604E0,-6.002213E0,
2.662500E0,7.590000E2,8.004625E0,-6.005425E0,
2.666667E0,7.600000E2,7.998929E0,-5.994525E0,
2.670833E0,7.610000E2,7.995226E0,-6.000516E0,
2.675000E0,7.620000E2,8.002233E0,-6.003242E0,
2.679167E0,7.630000E2,8.013723E0,-6.001804E0,
2.683333E0,7.640000E2,7.992803E0,-5.993025E0,
2.687500E0,7.650000E2,7.996887E0,-5.987105E0,
2.691667E0,7.660000E2,7.997270E0,-6.001202E0,
2.695833E0,7.670000E2,7.999562E0,-6.002208E0,
2.700000E0,7.680000E2,8.006984E0,-5.996292E0,
2.704167E0,7.690000E2,7.997547E0,-5.996650E0,
2.708333E0,7.700000E2,7.986750E0,-5.993804E0,
2.712500E0,7.710000E2,7.992805E0,-5.999904E0,
2.716667E0,7.720000E2,7.992700E0,-6.004920E0,
2.720833E0,7.730000E2,8.001907E0,-5.992827E0,
2.725000E0,7.740000E2,8.001282E0,-6.004613E0,
2.729167E0,7.750000E2,7.993473E0,-6.003530E0,
2.733333E0,7.760000E2,8.004669E0,-6.004699E0,
2.737500E0,7.770000E2,7.989352E0,-5.998679E0,
2.741667E0,7.780000E2,7.999180E0,-6.008654E0,
2.745833E0,7.790000E2,8.008140E0,-6.004851E0,
2.750000E0,7.800000E2,7.990859E0,-5.989272E0,
2.754167E0,7.810000E2,8.003890E0,-5.994288E0,
2.758333E0,7.820000E2,8.006489E0,-5.994582E0,
2.762500E0,7.830000E2,7.997527E0,-5.994131E0,
2.766667E0,7.840000E2,8.001235E0,-5.988129E0,
2.770833E0,7.850000E2,7.991349E0,-6.004168E0,
2.775000E0,7.860000E2,8.002290E0,-5.999555E0,
2.779167E0,7.870000E2,7.993041E0,-5.994479E0,
2.783333E0,7.880000E2,7.996890E0,-6.001928E0,
2.787500E0,7.890000E2,8.002775E0,-5.997617E0,
2.791667E0,7.900000E2,7.997955E0,-6.003012E0,
2.795833E0,7.910000E2,7.993612E0,-5.997960E0,
2.800000E0,7.920000E2,7.999965E0,-5.996934E0,
2.804167E0,7.930000E2,7.998546E0,-5.994739E0,
2.808333E0,7.940000E2,7.995325E0,-5.995286E0,
2.812500E0,7.950000E2,7.988259E0,-5.996670E0,
2.816667E0,7.960000E2,7.998908E0,-6.013057E0,
2.820833E0,7.970000E2,8.005408E0,-5.998423E0,
2.825000E0,7.980000E2,7.996400E0,-6.000400E0,
2.829167E0,7.990000E2,7.996760E0,-6.000181E0,
2.833333E0,8.000000E2,7.997216E0,-6.005092E0,
2.837500E0,8.010000E2,8.002520E0,-5.995594E0,
2.841667E0,8.020000E2,7.991004E0,-5.998821E0,
2.845833E0,8.030000E2,8.004617E0,-6.002231E0,
2.850000E0,8.040000E2,8.012371E0,-5.999254E0,
2.854167E0,8.050000E2,8.002923E0,-5.996572E0,
2.858333E0,8.060000E2,8.000451E0,-6.005634E0,
2.862500E0,8.070000E2,8.002730E0,-5.994367E0,
2.866667E0,8.080000E2,8.002988E0,-5.998431E0,
2.870833E0,8.090000E2,7.998068E0,-5.995568E0,
2.875000E0,8.100000E2,7.999334E0,-6.002696E0,
2.879167E0,8.110000E2,7.998873E0,-6.002224E0,
2.883333E0,8.120000E2,8.003278E0,-6.005822E0,
2.887500E0,8.130000E2,8.011358E0,-6.003761E0,
2.891667E0,8.140000E2,8.000930E0,-5.998064E0,
2.895833E0,8.150000E2,8.012253E0,-5.999685E0,
2.900000E0,8.160000E2,7.994931E0,-5.998294E0,
2.904167E0,8.170000E2,8.004624E0,-6.008464E0,
2.908333E0,8.180000E2,7.995873E0,-6.000495E0,
2.912500E0,8.190000E2,8.000915E0,-5.992388E0,
2.916667E0,8.200000E2,7.999601E0,-6.001311E0,
2.920833E0,8.210000E2,7.988818E0,-5.997363E0,
2.925000E0,8.220000E2,7.998697E0,-6.003030E0,
2.929167E0,8.230000E2,8.002547E0,-5.994297E0,
2.933333E0,8.240000E2,8.001959E0,-6.000222E0,
2.937500E0,8.250000E2,7.991347E0,-5.997694E0,
2.941667E0,8.260000E2,7.991550E0,-5.998922E0,
2.945833E0,8.270000E2,8.003820E0,-5.986659E0,
2.950000E0,8.280000E2,7.994089E0,-6.002403E0,
2.954167E0,8.290000E2,8.012410E0,-5.989291E0,
2.958333E0,8.300000E2,8.002017E0,-6.007987E0,
2.962500E0,8.310000E2,8.002154E0,-5.998586E0,
2.966667E0,8.320000E2,7.999109E0,-5.994971E0,
2.970833E0,8.330000E2,7.995472E0,-6.002097E0,
2.975000E0,8.340000E2,8.001799E0,-5.993679E0,
2.979167E0,8.350000E2,7.998837E0,-5.990742E0,
2.983333E0,8.360000E2,8.009180E0,-6.000282E0,
2.987500E0,8.370000E2,8.001147E0,-5.999760E0,
2.991667E0,8.380000E2,8.001662E0,-6.002257E0,
2.995833E0,8.390000E2,8.006571E0,-6.008877E0,
3.000000E0,8.400000E2,8.006071E0,-6.002768E0,
3.004167E0,8.410000E2,7.988059E0,-5.997835E0,
3.008333E0,8.420000E2,8.011981E0,-5.995724E0,
3.012500E0,8.430000E2,7.991059E0,-6.000703E0,
3.016667E0,8.440000E2,7.994122E0,-6.003258E0,
3.020833E0,8.450000E2,7.998419E0,-6.001334E0,
3.025000E0,8.460000E2,7.995423E0,-6.002182E0,
3.029167E0,8.470000E2,8.011087E0,-5.994228E0,
3.033333E0,8.480000E2,8.000405E0,-5.997964E0,
3.037500E0,8.490000E2,7.993423E0,-6.013234E0,
3.041667E0,8.500000E2,7.997942E0,-6.000407E0,
3.045833E0,8.510000E2,7.995432E0,-5.995829E0,
3.050000E0,8.520000E2,7.996123E0,-6.013897E0,
3.054167E0,8.530000E2,8.002544E0,-5.997359E0,
3.058333E0,8.540000E2,8.003440E0,-6.000756E0,
3.062500E0,8.550000E2,7.999267E0,-5.993597E0,
3.066667E0,8.560000E2,7.992307E0,-6.003283E0,
3.070833E0,8.570000E2,7.996408E0,-6.002009E0,
3.075000E0,8.580000E2,8.005749E0,-6.002368E0,
3.079167E0,8.590000E2,8.003408E0,-5.999173E0,
3.083333E0,8.600000E2,7.998332E0,-5.993575E0,
3.087500E0,8.610000E2,8.004766E0,-5.998054E0,
3.091667E0,8.620000E2,7.989040E0,-5.993556E0,
3.095833E0,8.630000E2,7.996067E0,-6.001296E0,
3.100000E0,8.640000E2,8.000435E0,-5.999828E0,
3.104167E0,8.650000E2,8.002065E0,-5.997965E0,
3.108333E0,8.660000E2,8.006547E0,-5.995711E0,
3.112500E0,8.670000E2,8.000732E0,-5.996182E0,
3.116667E0,8.680000E2,8.002021E0,-5.990171E0,
3.120833E0,8.690000E2,8.001165E0,-6.004384E0,
3.125000E0,8.700000E2,7.993861E0,-6.001376E0,
3.129167E0,8.710000E2,7.999114E0,-5.997589E0,
3.133333E0,8.720000E2,8.008803E0,-5.991738E0,
3.137500E0,8.730000E2,8.004555E0,-5.997813E0,
3.141667E0,8.740000E2,7.998396E0,-6.004564E0,
3.145833E0,8.750000E2,8.000332E0,-5.994129E0,
3.150000E0,8.760000E2,8.010593E0,-6.003073E0,
3.154167E0,8.770000E2,8.009749E0,-6.001352E0,
3.158333E0,8.780000E2,8.011520E0,-5.992292E0,
3.162500E0,8.790000E2,8.008030E0,-5.993424E0,
3.166667E0,8.800000E2,7.999471E0,-6.007740E0,
3.170833E0,8.810000E2,7.999153E0,-5.989803E0,
3.175000E0,8.820000E2,7.990653E0,-5.997874E0,
3.179167E0,8.830000E2,8.008005E0,-5.996927E0,
3.183333E0,8.840000E2,8.007685E0,-6.018906E0,
3.187500E0,8.850000E2,8.013703E0,-6.004328E0,
3.191667E0,8.860000E2,7.995739E0,-6.000982E0,
3.195833E0,8.870000E2,8.010717E0,-6.004489E0,
3.200000E0,8.880000E2,8.003717E0,-6.003925E0,
3.204167E0,8.890000E2,8.001266E0,-6.000231E0,
3.208333E0,8.900000E2,8.002065E0,-5.998492E0,
3.212500E0,8.910000E2,7.993620E0,-5.997873E0,
3.216667E0,8.920000E2,8.000070E0,-6.007903E0,
3.220833E0,8.930000E2,7.994577E0,-6.000289E0,
3.225000E0,8.940000E2,7.997615E0,-6.003117E0,
3.229167E0,8.950000E2,8.001810E0,-5.984827E0,
3.233333E0,8.960000E2,7.997676E0,-5.998538E0,
3.237500E0,8.970000E2,8.004801E0,-6.004175E0,
3.241667E0,8.980000E2,7.996363E0,-6.001194E0,
3.245833E0,8.990000E2,7.997257E0,-6.010281E0,
3.250000E0,9.000000E2,7.997119E0,-6.000270E0,
3.254167E0,9.010000E2,8.001787E0,-5.993814E0,
3.258333E0,9.020000E2,8.002112E0,-5.993471E0,
3.262500E0,9.030000E2,8.006574E0,-5.987515E0,
3.266667E0,9.040000E2,7.998748E0,-6.002841E0,
3.270833E0,9.050000E2,7.996638E0,-6.006854E0,
3.275000E0,9.060000E2,8.002364E0,-6.000223E0,
3.279167E0,9.070000E2,8.011394E0,-5.998500E0,
3.283333E0,9.080000E2,8.005959E0,-6.000514E0,
3.287500E0,9.090000E2,7.989465E0,-5.992741E0,
3.291667E0,9.100000E2,8.001359E0,-6.002197E0,
3.295833E0,9.110000E2,7.998328E0,-5.998811E0,
3.300000E0,9.120000E2,7.999569E0,-5.993881E0,
3.304167E0,9.130000E2,8.005699E0,-5.998443E0,
3.308333E0,9.140000E2,8.001064E0,-5.991670E0,
3.312500E0,9.150000E2,8.000168E0,-5.988493E0,
3.316667E0,9.160000E2,7.991197E0,-5.996900E0,
3.320833E0,9.170000E2,8.000115E0,-6.005599E0,
3.325000E0,9.180000E2,7.996306E0,-5.990836E0,
3.329167E0,9.190000E2,8.002223E0,-6.004944E0,
3.333333E0,9.200000E2,8.007190E0,-6.001068E0,
3.337500E0,9.210000E2,7.995535E0,-6.008051E0,
3.341667E0,9.220000E2,7.999398E0,-6.004514E0,
3.345833E0,9.230000E2,8.004395E0,-6.006735E0,
3.350000E0,9.240000E2,7.991001E0,-6.000067E0,
3.354167E0,9.250000E2,7.996530E0,-6.008737E0,
3.358333E0,9.260000E2,7.992063E0,-6.005653E0,
3.362500E0,9.270000E2,7.997022E0,-6.001878E0,
3.366667E0,9.280000E2,8.000113E0,-5.991601E0,
3.370833E0,9.290000E2,7.998659E0,-6.002304E0,
3.375000E0,9.300000E2,8.009238E0,-6.008450E0,
3.379167E0,9.310000E2,8.005413E0,-6.005501E0,
3.383333E0,9.320000E2,8.001837E0,-5.985765E0,
3.387500E0,9.330000E2,8.007431E0,-6.007501E0,
3.391667E0,9.340000E2,8.012179E0,-6.008662E0,
3.395833E0,9.350000E2,7.998524E0,-5.998696E0,
3.400000E0,9.360000E2,7.999706E0,-5.998605E0,
3.404167E0,9.370000E2,8.002800E0,-5.995983E0,
3.408333E0,9.380000E2,8.007108E0,-6.009160E0,
3.412500E0,9.390000E2,7.988729E0,-6.000687E0,
3.416667E0,9.400000E2,8.000414E0,-6.002487E0,
3.420833E0,9.410000E2,8.016852E0,-5.991105E0,
3.425000E0,9.420000E2,8.001018E0,-5.993001E0,
3.429167E0,9.430000E2,8.012378E0,-6.011491E0,
3.433333E0,9.440000E2,8.015700E0,-5.994117E0,
3.437500E0,9.450000E2,8.005535E0,-6.002664E0,
3.441667E0,9.460000E2,8.014740E0,-6.000961E0,
3.445833E0,9.470000E2,8.001215E0,-6.002719E0,
3.450000E0,9.480000E2,7.990423E0,-6.010739E0,
3.454167E0,9.490000E2,7.998077E0,-6.001720E0,
3.458333E0,9.500000E2,8.009817E0,-6.007055E0,
3.462500E0,9.510000E2,8.017112E0,-5.998903E0,
3.466667E0,9.520000E2,8.004571E0,-6.003337E0,
3.470833E0,9.530000E2,7.991234E0,-5.999029E0,
3.475000E0,9.540000E2,8.001033E0,-6.006474E0,
3.479167E0,9.550000E2,7.988974E0,-6.008474E0,
3.483333E0,9.560000E2,8.001524E0,-5.995756E0,
3.487500E0,9.570000E2,8.010805E0,-6.010183E0,
3.491667E0,9.580000E2,7.995450E0,-5.994378E0,
3.495833E0,9.590000E2,7.995693E0,-5.995294E0,
3.500000E0,9.600000E2,7.998155E0,-6.001167E0,
3.504167E0,9.610000E2,7.998877E0,-5.999333E0,
3.508333E0,9.620000E2,8.004559E0,-6.005597E0,
3.512500E0,9.630000E2,8.003115E0,-5.999722E0,
3.516667E0,9.640000E2,8.005557E0,-6.011760E0,
3.520833E0,9.650000E2,7.994923E0,-5.998314E0,
3.525000E0,9.660000E2,8.008275E0,-6.002733E0,
3.529167E0,9.670000E2,8.004972E0,-6.001021E0,
3.533333E0,9.680000E2,7.995687E0,-6.010820E0,
3.537500E0,9.690000E2,7.997807E0,-5.995401E0,
3.541667E0,9.700000E2,7.997082E0,-5.989988E0,
3.545833E0,9.710000E2,7.990562E0,-6.000732E0,
3.550000E0,9.720000E2,8.012737E0,-6.001117E0,
3.554167E0,9.730000E2,8.004806E0,-5.989243E0,
3.558333E0,9.740000E2,8.001404E0,-5.998805E0,
3.562500E0,9.750000E2,8.007978E0,-6.002636E0,
3.566667E0,9.760000E2,8.000045E0,-6.012960E0,
3.570833E0,9.770000E2,8.000057E0,-5.992804E0,
3.575000E0,9.780000E2,8.008948E0,-6.002945E0,
3.579167E0,9.790000E2,7.994769E0,-5.996129E0,
3.583333E0,9.800000E2,7.995675E0,-5.994259E0,
3.587500E0,9.810000E2,7.990737E0,-5.997775E0,
3.591667E0,9.820000E2,7.996747E0,-5.998340E0,
3.595833E0,9.830000E2,8.007255E0,-6.002904E0,
3.600000E0,9.840000E2,7.997745E0,-5.998766E0,
3.604167E0,9.850000E2,8.010218E0,-5.999114E0,
3.608333E0,9.860000E2,7.997698E0,-5.998537E0,
3.612500E0,9.870000E2,8.002212E0,-6.008370E0,
3.616667E0,9.880000E2,7.994341E0,-6.006765E0,
3.620833E0,9.890000E2,8.005256E0,-6.005372E0,
3.625000E0,9.900000E2,8.013171E0,-5.993308E0,
3.629167E0,9.910000E2,7.999057E0,-5.998763E0,
3.633333E0,9.920000E2,7.991132E0,-6.011269E0,
3.637500E0,9.930000E2,8.000244E0,-5.993986E0,
3.641667E0,9.940000E2,8.005187E0,-5.992664E0,
3.645833E0,9.950000E2,7.995742E0,-5.999633E0,
3.650000E0,9.960000E2,8.012595E0,-5.987719E0,
3.654167E0,9.970000E2,7.992943E0,-5.995815E0,
3.658333E0,9.980000E2,8.004316E0,-5.994036E0,
3.662500E0,9.990000E2,8.009510E0,-5.990367E0,
3.666667E0,1.000000E3,8.002590E0,-5.996737E0,
3.670833E0,1.001000E3,8.008616E0,-6.003574E0,
3.675000E0,1.002000E3,8.003777E0,-6.004959E0,
3.679167E0,1.003000E3,7.998249E0,-6.005601E0,
3.683333E0,1.004000E3,7.997891E0,-6.000924E0,
3.687500E0,1.005000E3,8.011942E0,-6.001289E0,
3.691667E0,1.006000E3,7.989949E0,-6.004126E0,
3.695833E0,1.007000E3,8.002188E0,-5.988931E0,
3.700000E0,1.008000E3,7.995815E0,-5.995821E0,
3.704167E0,1.009000E3,7.997969E0,-5.995731E0,
3.708333E0,1.010000E3,8.005845E0,-5.999651E0,
3.712500E0,1.011000E3,7.995330E0,-5.996894E0,
3.716667E0,1.012000E3,7.991093E0,-5.999232E0,
3.720833E0,1.013000E3,8.007952E0,-6.002688E0,
3.725000E0,1.014000E3,8.008322E0,-5.999051E0,
3.729167E0,1.015000E3,8.000803E0,-6.009409E0,
3.733333E0,1.016000E3,7.995052E0,-6.001386E0,
3.737500E0,1.017000E3,7.994390E0,-5.999297E0,
3.741667E0,1.018000E3,8.002462E0,-5.999369E0,
3.745833E0,1.019000E3,8.003118E0,-6.002876E0,
3.750000E0,1.020000E3,8.003442E0,-6.001188E0,
3.754167E0,1.021000E3,8.004493E0,-5.995892E0,
3.758333E0,1.022000E3,8.000353E0,-6.003782E0,
3.762500E0,1.023000E3,8.004138E0,-6.004511E0,
3.766667E0,1.024000E3,8.000178E0,-5.990489E0,
3.770833E0,1.025000E3,8.002644E0,-6.002844E0,
3.775000E0,1.026000E3,7.998968E0,-6.001585E0,
3.779167E0,1.027000E3,8.002158E0,-6.001479E0,
3.783333E0,1.028000E3,7.994631E0,-5.995860E0,
3.787500E0,1.029000E3,7.999003E0,-6.000590E0,
3.791667E0,1.030000E3,7.993298E0,-6.006386E0,
3.795833E0,1.031000E3,8.003772E0,-6.006889E0,
3.800000E0,1.032000E3,7.996654E0,-6.008898E0,
3.804167E0,1.033000E3,7.996111E0,-5.998430E0,
3.808333E0,1.034000E3,7.996312E0,-6.002627E0,
3.812500E0,1.035000E3,7.995047E0,-5.996223E0,
3.816667E0,1.036000E3,7.994347E0,-5.997166E0,
3.820833E0,1.037000E3,8.003765E0,-6.003910E0,
3.825000E0,1.038000E3,8.003298E0,-5.995672E0,
3.829167E0,1.039000E3,8.005703E0,-6.001329E0,
3.833333E0,1.040000E3,7.996514E0,-5.992544E0,
3.837500E0,1.041000E3,8.001768E0,-5.996419E0,
3.841667E0,1.042000E3,7.988248E0,-5.997148E0,
3.845833E0,1.043000E3,8.005592E0,-5.991543E0,
3.850000E0,1.044000E3,7.993992E0,-6.000696E0,
3.854167E0,1.045000E3,8.007909E0,-6.004653E0,
3.858333E0,1.046000E3,8.004470E0,-5.998824E0,
3.862500E0,1.047000E3,8.012997E0,-6.002654E0,
3.866667E0,1.048000E3,8.003337E0,-5.983981E0,
3.870833E0,1.049000E3,7.996256E0,-6.002540E0,
3.875000E0,1.050000E3,8.013546E0,-6.002922E0,
3.879167E0,1.051000E3,8.008212E0,-6.004772E0,
3.883333E0,1.052000E3,8.007351E0,-5.989440E0,
3.887500E0,1.053000E3,8.011242E0,-6.009156E0,
3.891667E0,1.054000E3,8.000195E0,-6.002681E0,
3.895833E0,1.055000E3,7.986214E0,-6.001958E0,
3.900000E0,1.056000E3,7.999171E0,-6.002982E0,
3.904167E0,1.057000E3,7.996921E0,-6.001122E0,
3.908333E0,1.058000E3,8.004355E0,-5.995252E0,
3.912500E0,1.059000E3,7.998064E0,-6.008750E0,
3.916667E0,1.060000E3,8.003952E0,-6.003354E0,
3.920833E0,1.061000E3,7.995290E0,-5.997018E0,
3.925000E0,1.062000E3,8.007380E0,-5.996162E0,
3.929167E0,1.063000E3,8.004327E0,-5.993086E0,
3.933333E0,1.064000E3,7.996156E0,-6.002954E0,
3.937500E0,1.065000E3,8.008879E0,-6.012081E0,
3.941667E0,1.066000E3,8.009898E0,-5.998842E0,
3.945833E0,1.067000E3,8.004239E0,-5.991452E0,
3.950000E0,1.068000E3,7.996959E0,-5.999841E0,
3.954167E0,1.069000E3,8.002721E0,-5.996470E0,
3.958333E0,1.070000E3,8.001190E0,-6.002814E0,
3.962500E0,1.071000E3,7.997850E0,-6.003945E0,
3.966667E0,1.072000E3,8.000087E0,-5.997543E0,
3.970833E0,1.073000E3,7.999609E0,-6.010716E0,
3.975000E0,1.074000E3,7.991939E0,-5.997858E0,
3.979167E0,1.075000E3,8.000150E0,-5.999293E0,
3.983333E0,1.076000E3,7.993935E0,-5.995262E0,
3.987500E0,1.077000E3,8.000246E0,-6.002994E0,
3.991667E0,1.078000E3,7.999184E0,-5.994436E0,
3.995833E0,1.079000E3,8.005563E0,-5.996541E0,
4.000000E0,1.080000E3,7.997433E0,-5.996250E0,
4.004167E0,1.081000E3,8.001289E0,-6.006492E0,
4.008333E0,1.082000E3,7.991517E0,-6.006931E0,
4.012500E0,1.083000E3,8.007505E0,-6.009554E0,
4.016667E0,1.084000E3,8.013618E0,-6.000158E0,
4.020833E0,1.085000E3,7.999704E0,-6.005932E0,
4.025000E0,1.086000E3,8.003613E0,-5.997003E0,
4.029167E0,1.087000E3,8.004662E0,-6.003019E0,
4.033333E0,1.088000E3,7.999459E0,-6.007535E0,
4.037500E0,1.089000E3,8.005976E0,-6.003112E0,
4.041667E0,1.090000E3,7.997229E0,-5.998115E0,
4.045833E0,1.091000E3,7.999796E0,-6.002160E0,
4.050000E0,1.092000E3,8.000026E0,-6.001189E0,
4.054167E0,1.093000E3,7.996764E0,-5.999227E0,
4.058333E0,1.094000E3,7.991935E0,-6.002293E0,
4.062500E0,1.095000E3,8.006588E0,-6.004257E0,
4.066667E0,1.096000E3,8.001152E0,-5.999621E0,
4.070833E0,1.097000E3,7.995835E0,-6.011008E0,
4.075000E0,1.098000E3,7.993413E0,-6.003517E0,
4.079167E0,1.099000E3,7.999575E0,-6.005595E0,
4.083333E0,1.100000E3,7.994393E0,-6.001023E0,
4.087500E0,1.101000E3,8.003613E0,-5.998639E0,
4.091667E0,1.102000E3,8.000628E0,-6.000831E0,
4.095833E0,1.103000E3,8.002905E0,-5.998682E0,
4.100000E0,1.104000E3,8.006744E0,-6.001737E0,
4.104167E0,1.105000E3,8.001574E0,-6.001973E0,
4.108333E0,1.106000E3,8.004102E0,-5.996146E0,
4.112500E0,1.107000E3,8.007531E0,-6.006573E0,
4.116667E0,1.108000E3,8.003496E0,-6.003671E0,
4.120833E0,1.109000E3,7.986583E0,-5.998314E0,
4.125000E0,1.110000E3,8.007611E0,-5.997188E0,
4.129167E0,1.111000E3,8.001958E0,-5.998837E0,
4.133333E0,1.112000E3,8.003893E0,-6.004567E0,
4.137500E0,1.113000E3,8.009942E0,-5.999354E0,
4.141667E0,1.114000E3,7.999184E0,-5.996488E0,
4.145833E0,1.115000E3,8.003365E0,-6.005917E0,
4.150000E0,1.116000E3,7.987598E0,-5.989328E0,
4.154167E0,1.117000E3,8.009577E0,-5.996249E0,
4.158333E0,1.118000E3,8.000031E0,-6.007634E0,
4.162500E0,1.119000E3,7.998891E0,-5.988565E0,
4.166667E0,1.120000E3,7.998852E0,-6.004875E0,
4.170833E0,1.121000E3,8.003975E0,-5.993728E0,
4.175000E0,1.122000E3,7.989179E0,-6.006851E0,
4.179167E0,1.123000E3,8.011792E0,-6.002642E0,
4.183333E0,1.124000E3,8.001123E0,-6.011920E0,
4.187500E0,1.125000E3,7.999790E0,-6.005808E0,
4.191667E0,1.126000E3,8.008926E0,-6.007634E0,
4.195833E0,1.127000E3,8.005772E0,-6.000511E0,
4.200000E0,1.128000E3,8.003541E0,-5.993099E0,
4.204167E0,1.129000E3,7.994892E0,-5.999610E0,
4.208333E0,1.130000E3,8.007124E0,-6.010007E0,
4.212500E0,1.131000E3,8.002004E0,-5.989568E0,
4.216667E0,1.132000E3,7.995386E0,-6.004100E0,
4.220833E0,1.133000E3,7.999330E0,-5.999279E0,
4.225000E0,1.134000E3,8.002138E0,-5.995527E0,
4.229167E0,1.135000E3,7.995862E0,-5.994313E0,
4.233333E0,1.136000E3,8.005577E0,-6.003581E0,
4.237500E0,1.137000E3,7.997012E0,-5.991614E0,
4.241667E0,1.138000E3,8.005779E0,-6.000772E0,
4.245833E0,1.139000E3,8.002164E0,-5.998831E0,
4.250000E0,1.140000E3,8.003239E0,-6.015175E0,
4.254167E0,1.141000E3,7.994315E0,-5.992950E0,
4.258333E0,1.142000E3,8.000931E0,-6.005257E0,
4.262500E0,1.143000E3,8.004100E0,-6.007699E0,
4.266667E0,1.144000E3,8.002428E0,-5.992862E0,
4.270833E0,1.145000E3,7.998137E0,-6.000661E0,
4.275000E0,1.146000E3,8.002497E0,-6.005222E0,
4.279167E0,1.147000E3,7.998295E0,-6.002445E0,
4.283333E0,1.148000E3,8.000073E0,-6.003709E0,
4.287500E0,1.149000E3,8.007649E0,-6.004572E0,
4.291667E0,1.150000E3,8.010474E0,-5.993463E0,
4.295833E0,1.151000E3,8.011120E0,-6.003169E0,
4.300000E0,1.152000E3,8.003963E0,-6.000078E0,
4.304167E0,1.153000E3,7.996948E0,-6.005743E0,
4.308333E0,1.154000E3,7.998774E0,-6.005916E0,
4.312500E0,1.155000E3,8.007124E0,-6.003281E0,
4.316667E0,1.156000E3,8.001184E0,-6.005181E0,
4.320833E0,1.157000E3,8.009757E0,-6.000300E0,
4.325000E0,1.158000E3,7.998333E0,-5.992199E0,
4.329167E0,1.159000E3,8.005855E0,-5.986229E0,
4.333333E0,1.160000E3,7.992528E0,-6.004182E0,
4.337500E0,1.161000E3,7.998503E0,-5.993370E0,
4.341667E0,1.162000E3,8.003537E0,-6.003171E0,
4.345833E0,1.163000E3,8.002875E0,-5.994760E0,
4.350000E0,1.164000E3,8.001405E0,-6.000611E0,
4.354167E0,1.165000E3,7.993628E0,-6.002332E0,
4.358333E0,1.166000E3,8.001068E0,-5.999809E0,
4.362500E0,1.167000E3,7.998570E0,-6.008881E0,
4.366667E0,1.168000E3,7.996402E0,-6.007753E0,
4.370833E0,1.169000E3,8.001719E0,-6.015176E0,
4.375000E0,1.170000E3,7.995376E0,-5.989930E0,
4.379167E0,1.171000E3,7.996460E0,-5.990377E0,
4.383333E0,1.172000E3,8.013519E0,-5.999738E0,
4.387500E0,1.173000E3,8.002541E0,-5.991607E0,
4.391667E0,1.174000E3,8.007835E0,-5.999300E0,
4.395833E0,1.175000E3,7.997240E0,-6.006003E0,
4.400000E0,1.176000E3,7.997558E0,-6.001406E0,
4.404167E0,1.177000E3,7.992342E0,-6.009030E0,
4.408333E0,1.178000E3,7.992291E0,-6.000087E0,
4.412500E0,1.179000E3,7.992591E0,-5.997078E0,
4.416667E0,1.180000E3,8.003147E0,-5.998200E0,
4.420833E0,1.181000E3,7.994590E0,-6.006688E0,
4.425000E0,1.182000E3,7.995001E0,-5.999284E0,
4.429167E0,1.183000E3,7.996556E0,-6.007324E0,
4.433333E0,1.184000E3,8.004527E0,-6.005570E0,
4.437500E0,1.185000E3,7.997809E0,-6.011187E0,
4.441667E0,1.186000E3,8.003845E0,-5.997698E0,
4.445833E0,1.187000E3,7.993925E0,-5.999658E0,
4.450000E0,1.188000E3,8.003752E0,-5.997485E0,
4.454167E0,1.189000E3,8.000026E0,-5.991063E0,
4.458333E0,1.190000E3,8.003761E0,-5.989988E0,
4.462500E0,1.191000E3,7.993275E0,-6.002183E0,
4.466667E0,1.192000E3,7.999200E0,-5.992867E0,
4.470833E0,1.193000E3,8.000046E0,-6.001448E0,
4.475000E0,1.194000E3,7.995906E0,-6.002268E0,
4.479167E0,1.195000E3,8.003607E0,-5.998613E0,
4.483333E0,1.196000E3,8.000452E0,-5.999359E0,
4.487500E0,1.197000E3,8.003296E0,-5.999623E0,
4.491667E0,1.198000E3,7.996552E0,-6.001502E0,
4.495833E0,1.199000E3,8.001356E0,-5.997217E0,
4.500000E0,1.200000E3,7.991640E0,-6.010965E0,
4.504167E0,1.201000E3,8.004222E0,-5.993992E0,
4.508333E0,1.202000E3,7.991978E0,-6.003379E0,
4.512500E0,1.203000E3,7.995978E0,-6.002283E0,
4.516667E0,1.204000E3,8.000586E0,-6.003240E0,
4.520833E0,1.205000E3,8.003302E0,-6.006885E0,
4.525000E0,1.206000E3,8.000780E0,-5.994873E0,
4.529167E0,1.207000E3,7.987884E0,-6.003674E0,
4.533333E0,1.208000E3,7.992428E0,-6.002466E0,
4.537500E0,1.209000E3,7.994962E0,-5.995781E0,
4.541667E0,1.210000E3,7.999213E0,-5.994227E0,
4.545833E0,1.211000E3,7.991693E0,-6.001184E0,
4.550000E0,1.212000E3,7.994740E0,-6.000044E0,
4.554167E0,1.213000E3,8.002054E0,-5.997466E0,
4.558333E0,1.214000E3,8.000323E0,-5.998958E0,
4.562500E0,1.215000E3,8.002796E0,-5.997306E0,
4.566667E0,1.216000E3,8.001972E0,-6.003887E0,
4.570833E0,1.217000E3,7.990917E0,-6.000151E0,
4.575000E0,1.218000E3,7.993471E0,-6.004937E0,
4.579167E0,1.219000E3,7.999980E0,-5.993549E0,
4.583333E0,1.220000E3,8.001619E0,-5.996227E0,
4.587500E0,1.221000E3,7.996095E0,-5.997129E0,
4.591667E0,1.222000E3,8.005185E0,-5.998596E0,
4.595833E0,1.223000E3,7.995290E0,-6.002906E0,
4.600000E0,1.224000E3,7.996267E0,-6.007820E0,
4.604167E0,1.225000E3,7.999431E0,-6.004369E0,
4.608333E0,1.226000E3,8.001031E0,-5.996835E0,
4.612500E0,1.227000E3,7.995756E0,-6.004928E0,
4.616667E0,1.228000E3,7.998917E0,-5.991308E0,
4.620833E0,1.229000E3,7.993604E0,-5.998390E0,
4.625000E0,1.230000E3,7.995017E0,-6.004105E0,
4.629167E0,1.231000E3,8.008614E0,-5.998161E0,
4.633333E0,1.232000E3,7.992567E0,-5.987732E0,
4.637500E0,1.233000E3,8.008590E0,-5.998372E0,
4.641667E0,1.234000E3,7.995915E0,-5.987780E0,
4.645833E0,1.235000E3,8.006949E0,-6.000410E0,
4.650000E0,1.236000E3,7.996687E0,-6.004070E0,
4.654167E0,1.237000E3,7.993077E0,-5.997565E0,
4.658333E0,1.238000E3,7.998947E0,-6.006534E0,
4.662500E0,1.239000E3,7.999372E0,-6.008792E0,
4.666667E0,1.240000E3,8.000956E0,-6.010238E0,
4.670833E0,1.241000E3,7.993448E0,-5.992083E0,
4.675000E0,1.242000E3,7.990544E0,-6.000938E0,
4.679167E0,1.243000E3,7.998104E0,-6.011698E0,
4.683333E0,1.244000E3,7.996629E0,-5.994162E0,
4.687500E0,1.245000E3,7.994762E0,-6.008320E0,
4.691667E0,1.246000E3,7.998914E0,-6.004366E0,
4.695833E0,1.247000E3,8.007662E0,-5.992207E0,
4.700000E0,1.248000E3,8.006979E0,-6.005435E0,
4.704167E0,1.249000E3,8.001498E0,-5.993580E0,
4.708333E0,1.250000E3,8.007747E0,-6.003468E0,
4.712500E0,1.251000E3,8.011497E0,-5.998624E0,
4.716667E0,1.252000E3,8.008656E0,-5.994002E0,
4.720833E0,1.253000E3,7.989429E0,-5.998999E0,
4.725000E0,1.254000E3,7.995339E0,-5.999433E0,
4.729167E0,1.255000E3,8.001675E0,-5.998034E0,
4.733333E0,1.256000E3,8.005689E0,-6.007738E0,
4.737500E0,1.257000E3,7.992373E0,-5.998843E0,
4.741667E0,1.258000E3,8.013223E0,-5.999407E0,
4.745833E0,1.259000E3,7.995940E0,-5.990408E0,
4.750000E0,1.260000E3,7.994047E0,-6.001327E0,
4.754167E0,1.261000E3,7.987313E0,-5.994766E0,
4.758333E0,1.262000E3,8.005493E0,-5.997804E0,
4.762500E0,1.263000E3,8.006065E0,-6.008801E0,
4.766667E0,1.264000E3,8.005564E0,-6.003407E0,
4.770833E0,1.265000E3,8.001432E0,-5.999712E0,
4.775000E0,1.266000E3,8.002228E0,-5.997170E0,
4.779167E0,1.267000E3,8.000714E0,-6.003489E0,
4.783333E0,1.268000E3,8.011036E0,-6.002452E0,
4.787500E0,1.269000E3,8.004502E0,-5.996661E0,
4.791667E0,1.270000E3,8.006563E0,-5.996300E0,
4.795833E0,1.271000E3,7.990003E0,-6.002573E0,
4.800000E0,1.272000E3,7.990127E0,-6.001894E0,
4.804167E0,1.273000E3,8.007065E0,-5.995985E0,
4.808333E0,1.274000E3,8.003824E0,-6.004183E0,
4.812500E0,1.275000E3,8.003267E0,-5.997535E0,
4.816667E0,1.276000E3,7.999551E0,-5.997217E0,
4.820833E0,1.277000E3,8.001916E0,-6.010758E0,
4.825000E0,1.278000E3,7.997366E0,-5.990960E0,
4.829167E0,1.279000E3,8.003994E0,-5.991982E0,
4.833333E0,1.280000E3,7.989959E0,-5.995445E0,
4.837500E0,1.281000E3,8.000677E0,-5.993783E0,
4.841667E0,1.282000E3,7.996233E0,-5.999449E0,
4.845833E0,1.283000E3,7.994817E0,-5.994193E0,
4.850000E0,1.284000E3,7.998686E0,-6.004115E0,
4.854167E0,1.285000E3,7.998845E0,-6.008023E0,
4.858333E0,1.286000E3,7.999304E0,-5.999483E0,
4.862500E0,1.287000E3,8.010178E0,-5.998276E0,
4.866667E0,1.288000E3,7.992581E0,-6.000268E0,
4.870833E0,1.289000E3,7.994204E0,-6.003011E0,
4.875000E0,1.290000E3,8.000129E0,-6.003698E0,
4.879167E0,1.291000E3,7.999945E0,-6.003433E0,
4.883333E0,1.292000E3,8.002385E0,-6.000510E0,
4.887500E0,1.293000E3,8.005656E0,-6.009468E0,
4.891667E0,1.294000E3,8.002114E0,-5.999771E0,
4.895833E0,1.295000E3,7.994676E0,-6.001832E0,
4.900000E0,1.296000E3,8.014202E0,-5.995571E0,
4.904167E0,1.297000E3,8.001217E0,-6.006532E0,
4.908333E0,1.298000E3,8.000278E0,-5.999920E0,
4.912500E0,1.299000E3,8.000475E0,-6.001591E0,
4.916667E0,1.300000E3,7.994847E0,-6.002251E0,
4.920833E0,1.301000E3,7.995385E0,-5.997722E0,
4.925000E0,1.302000E3,8.000126E0,-5.997442E0,
4.929167E0,1.303000E3,8.001628E0,-5.994371E0,
4.933333E0,1.304000E3,8.003262E0,-5.990763E0,
4.937500E0,1.305000E3,7.993678E0,-5.992573E0,
4.941667E0,1.306000E3,8.004282E0,-6.005355E0,
4.945833E0,1.307000E3,7.993367E0,-6.015743E0,
4.950000E0,1.308000E3,8.006516E0,-6.002521E0,
4.954167E0,1.309000E3,8.015672E0,-6.000646E0,
4.958333E0,1.310000E3,7.992176E0,-5.995485E0,
4.962500E0,1.311000E3,8.003031E0,-5.996838E0,
4.966667E0,1.312000E3,8.006338E0,-5.996343E0,
4.970833E0,1.313000E3,7.997061E0,-6.003820E0,
4.975000E0,1.314000E3,8.008904E0,-6.006366E0,
4.979167E0,1.315000E3,7.990723E0,-5.999242E0,
4.983333E0,1.316000E3,7.996128E0,-5.987490E0,
4.987500E0,1.317000E3,8.003532E0,-6.002169E0,
4.991667E0,1.318000E3,8.009484E0,-6.007802E0,
4.995833E0,1.319000E3,7.996877E0,-5.996660E0,
