,mass C,,,
t,frame,x,y,
0.000000E0,1.200000E2,7.007112E0,-3.004467E0,
4.166667E-3,1.210000E2,7.004879E0,-3.011061E0,
8.333333E-3,1.220000E2,7.005594E0,-3.007803E0,
1.250000E-2,1.230000E2,7.029339E0,-3.019998E0,
1.666667E-2,1.240000E2,7.033803E0,-3.035915E0,
2.083333E-2,1.250000E2,7.042817E0,-3.045256E0,
2.500000E-2,1.260000E2,7.064220E0,-3.065946E0,
2.916667E-2,1.270000E2,7.086923E0,-3.079494E0,
3.333333E-2,1.280000E2,7.098365E0,-3.092279E0,
3.750000E-2,1.290000E2,7.127590E0,-3.117329E0,
4.166667E-2,1.300000E2,7.133318E0,-3.133513E0,
4.583333E-2,1.310000E2,7.175983E0,-3.167961E0,
5.000000E-2,1.320000E2,7.213375E0,-3.189617E0,
5.416667E-2,1.330000E2,7.236292E0,-3.227918E0,
5.833333E-2,1.340000E2,7.254922E0,-3.245414E0,
6.250000E-2,1.350000E2,7.280409E0,-3.270223E0,
6.666667E-2,1.360000E2,7.315911E0,-3.299606E0,
7.083333E-2,1.370000E2,7.334173E0,-3.333070E0,
7.500000E-2,1.380000E2,7.359402E0,-3.343027E0,
7.916667E-2,1.390000E2,7.373316E0,-3.373887E0,
8.333333E-2,1.400000E2,7.396424E0,-3.382195E0,
8.750000E-2,1.410000E2,7.422105E0,-3.389668E0,
9.166667E-2,1.420000E2,7.428178E0,-3.404021E0,
9.583333E-2,1.430000E2,7.439476E0,-3.418067E0,
1.000000E-1,1.440000E2,7.446536E0,-3.417370E0,
1.041667E-1,1.450000E2,7.462217E0,-3.436765E0,
1.083333E-1,1.460000E2,7.473400E0,-3.425472E0,
1.125000E-1,1.470000E2,7.480132E0,-3.435063E0,
1.166667E-1,1.480000E2,7.471709E0,-3.461399E0,
1.208333E-1,1.490000E2,7.499592E0,-3.451394E0,
1.250000E-1,1.500000E2,7.507076E0,-3.455230E0,
1.291667E-1,1.510000E2,7.527839E0,-3.470286E0,
1.333333E-1,1.520000E2,7.540348E0,-3.486789E0,
1.375000E-1,1.530000E2,7.575069E0,-3.508937E0,
1.416667E-1,1.540000E2,7.604364E0,-3.527705E0,
1.458333E-1,1.550000E2,7.626151E0,-3.536949E0,
1.500000E-1,1.560000E2,7.661017E0,-3.557508E0,
1.541667E-1,1.570000E2,7.683072E0,-3.572682E0,
1.583333E-1,1.580000E2,7.712406E0,-3.610490E0,
1.625000E-1,1.590000E2,7.733848E0,-3.617939E0,
1.666667E-1,1.600000E2,7.773495E0,-3.645478E0,
1.708333E-1,1.610000E2,7.804514E0,-3.671389E0,
1.750000E-1,1.620000E2,7.844923E0,-3.695056E0,
1.791667E-1,1.630000E2,7.856018E0,-3.719144E0,
1.833333E-1,1.640000E2,7.885815E0,-3.739199E0,
1.875000E-1,1.650000E2,7.909992E0,-3.746917E0,
1.916667E-1,1.660000E2,7.924119E0,-3.767259E0,
1.958333E-1,1.670000E2,7.938580E0,-3.770415E0,
2.000000E-1,1.680000E2,7.957639E0,-3.772303E0,
2.041667E-1,1.690000E2,7.956688E0,-3.780009E0,
2.083333E-1,1.700000E2,7.971199E0,-3.787931E0,
2.125000E-1,1.710000E2,7.980778E0,-3.799343E0,
2.166667E-1,1.720000E2,7.997467E0,-3.807896E0,
2.208333E-1,1.730000E2,8.005384E0,-3.804700E0,
2.250000E-1,1.740000E2,8.011460E0,-3.812625E0,
2.291667E-1,1.750000E2,8.026263E0,-3.832169E0,
2.333333E-1,1.760000E2,8.024594E0,-3.841776E0,
2.375000E-1,1.770000E2,8.058007E0,-3.846144E0,
2.416667E-1,1.780000E2,8.075207E0,-3.858196E0,
2.458333E-1,1.790000E2,8.094398E0,-3.880508E0,
2.500000E-1,1.800000E2,8.135825E0,-3.901414E0,
2.541667E-1,1.810000E2,8.160045E0,-3.910679E0,
2.583333E-1,1.820000E2,8.190719E0,-3.930967E0,
2.625000E-1,1.830000E2,8.218343E0,-3.946328E0,
2.666667E-1,1.840000E2,8.264626E0,-3.975151E0,
2.708333E-1,1.850000E2,8.305850E0,-3.984917E0,
2.750000E-1,1.860000E2,8.332205E0,-4.009747E0,
2.791667E-1,1.870000E2,8.366272E0,-4.024296E0,
2.833333E-1,1.880000E2,8.395750E0,-4.036213E0,
2.875000E-1,1.890000E2,8.414489E0,-4.059844E0,
2.916667E-1,1.900000E2,8.434036E0,-4.078570E0,
2.958333E-1,1.910000E2,8.451777E0,-4.085726E0,
3.000000E-1,1.920000E2,8.469786E0,-4.110660E0,
3.041667E-1,1.930000E2,8.481554E0,-4.113906E0,
3.083333E-1,1.940000E2,8.496395E0,-4.119311E0,
3.125000E-1,1.950000E2,8.502580E0,-4.126914E0,
3.166667E-1,1.960000E2,8.520618E0,-4.134827E0,
3.208333E-1,1.970000E2,8.517012E0,-4.125652E0,
3.250000E-1,1.980000E2,8.540658E0,-4.141412E0,
3.291667E-1,1.990000E2,8.538394E0,-4.146379E0,
3.333333E-1,2.000000E2,8.550078E0,-4.157448E0,
3.375000E-1,2.010000E2,8.570637E0,-4.179043E0,
3.416667E-1,2.020000E2,8.578992E0,-4.177225E0,
3.458333E-1,2.030000E2,8.592024E0,-4.191965E0,
3.500000E-1,2.040000E2,8.630999E0,-4.213869E0,
3.541667E-1,2.050000E2,8.659733E0,-4.234634E0,
3.583333E-1,2.060000E2,8.667127E0,-4.253136E0,
3.625000E-1,2.070000E2,8.710728E0,-4.288087E0,
3.666667E-1,2.080000E2,8.734324E0,-4.294095E0,
3.708333E-1,2.090000E2,8.767891E0,-4.330201E0,
3.750000E-1,2.100000E2,8.810163E0,-4.349923E0,
3.791667E-1,2.110000E2,8.823936E0,-4.373935E0,
3.833333E-1,2.120000E2,8.858695E0,-4.404214E0,
3.875000E-1,2.130000E2,8.897111E0,-4.415555E0,
3.916667E-1,2.140000E2,8.916811E0,-4.434840E0,
3.958333E-1,2.150000E2,8.940525E0,-4.451026E0,
4.000000E-1,2.160000E2,8.953145E0,-4.462440E0,
4.041667E-1,2.170000E2,8.968659E0,-4.483444E0,
4.083333E-1,2.180000E2,8.982503E0,-4.495381E0,
4.125000E-1,2.190000E2,9.000080E0,-4.495885E0,
4.166667E-1,2.200000E2,9.006027E0,-4.495677E0,
4.208333E-1,2.210000E2,9.019763E0,-4.503975E0,
4.250000E-1,2.220000E2,9.041019E0,-4.510424E0,
4.291667E-1,2.230000E2,9.023024E0,-4.525823E0,
4.333333E-1,2.240000E2,9.044466E0,-4.534834E0,
4.375000E-1,2.250000E2,9.053575E0,-4.531436E0,
4.416667E-1,2.260000E2,9.061129E0,-4.540114E0,
4.458333E-1,2.270000E2,9.084661E0,-4.556719E0,
4.500000E-1,2.280000E2,9.097002E0,-4.571339E0,
4.541667E-1,2.290000E2,9.116234E0,-4.589641E0,
4.583333E-1,2.300000E2,9.149393E0,-4.615773E0,
4.625000E-1,2.310000E2,9.186481E0,-4.623690E0,
4.666667E-1,2.320000E2,9.205584E0,-4.643488E0,
4.708333E-1,2.330000E2,9.241241E0,-4.666688E0,
4.750000E-1,2.340000E2,9.267069E0,-4.692020E0,
4.791667E-1,2.350000E2,9.298706E0,-4.710101E0,
4.833333E-1,2.360000E2,9.325413E0,-4.746579E0,
4.875000E-1,2.370000E2,9.364359E0,-4.772523E0,
4.916667E-1,2.380000E2,9.395528E0,-4.778519E0,
4.958333E-1,2.390000E2,9.407741E0,-4.803603E0,
5.000000E-1,2.400000E2,9.429202E0,-4.816265E0,
5.041667E-1,2.410000E2,9.464057E0,-4.835007E0,
5.083333E-1,2.420000E2,9.474221E0,-4.844125E0,
5.125000E-1,2.430000E2,9.483482E0,-4.850163E0,
5.166667E-1,2.440000E2,9.509177E0,-4.864783E0,
5.208333E-1,2.450000E2,9.514209E0,-4.881183E0,
5.250000E-1,2.460000E2,9.521927E0,-4.866678E0,
5.291667E-1,2.470000E2,9.532498E0,-4.884771E0,
5.333333E-1,2.480000E2,9.536968E0,-4.885673E0,
5.375000E-1,2.490000E2,9.566735E0,-4.898845E0,
5.416667E-1,2.500000E2,9.547710E0,-4.910212E0,
5.458333E-1,2.510000E2,9.570696E0,-4.916522E0,
5.500000E-1,2.520000E2,9.592971E0,-4.941566E0,
5.541667E-1,2.530000E2,9.610669E0,-4.935342E0,
5.583333E-1,2.540000E2,9.622771E0,-4.957087E0,
5.625000E-1,2.550000E2,9.652782E0,-4.959684E0,
5.666667E-1,2.560000E2,9.681796E0,-4.984533E0,
5.708333E-1,2.570000E2,9.720648E0,-5.000734E0,
5.750000E-1,2.580000E2,9.753499E0,-5.026688E0,
5.791667E-1,2.590000E2,9.786174E0,-5.056916E0,
5.833333E-1,2.600000E2,9.811222E0,-5.073865E0,
5.875000E-1,2.610000E2,9.851573E0,-5.089550E0,
5.916667E-1,2.620000E2,9.879170E0,-5.117143E0,
5.958333E-1,2.630000E2,9.904874E0,-5.133691E0,
6.000000E-1,2.640000E2,9.932832E0,-5.151224E0,
6.041667E-1,2.650000E2,9.964745E0,-5.163618E0,
6.083333E-1,2.660000E2,9.985213E0,-5.178901E0,
6.125000E-1,2.670000E2,9.999348E0,-5.182147E0,
6.166667E-1,2.680000E2,1.001322E1,-5.194278E0,
6.208333E-1,2.690000E2,1.002662E1,-5.206314E0,
6.250000E-1,2.700000E2,1.005195E1,-5.211093E0,
6.291667E-1,2.710000E2,1.005174E1,-5.222694E0,
6.333333E-1,2.720000E2,1.006283E1,-5.224333E0,
6.375000E-1,2.730000E2,1.007965E1,-5.226986E0,
6.416667E-1,2.740000E2,1.008950E1,-5.232604E0,
6.458333E-1,2.750000E2,1.009681E1,-5.252690E0,
6.500000E-1,2.760000E2,1.010773E1,-5.250655E0,
6.541667E-1,2.770000E2,1.011875E1,-5.261853E0,
6.583333E-1,2.780000E2,1.014173E1,-5.250985E0,
6.625000E-1,2.790000E2,1.016614E1,-5.266282E0,
6.666667E-1,2.800000E2,1.019482E1,-5.283208E0,
6.708333E-1,2.810000E2,1.021555E1,-5.306070E0,
6.750000E-1,2.820000E2,1.025460E1,-5.321132E0,
6.791667E-1,2.830000E2,1.028857E1,-5.337432E0,
6.833333E-1,2.840000E2,1.031899E1,-5.350249E0,
6.875000E-1,2.850000E2,1.034261E1,-5.386476E0,
6.916667E-1,2.860000E2,1.037410E1,-5.404763E0,
6.958333E-1,2.870000E2,1.042208E1,-5.427098E0,
7.000000E-1,2.880000E2,1.043879E1,-5.444964E0,
7.041667E-1,2.890000E2,1.047936E1,-5.460041E0,
7.083333E-1,2.900000E2,1.052156E1,-5.473574E0,
7.125000E-1,2.910000E2,1.052705E1,-5.479156E0,
7.166667E-1,2.920000E2,1.053987E1,-5.500890E0,
7.208333E-1,2.930000E2,1.056994E1,-5.506148E0,
7.250000E-1,2.940000E2,1.057599E1,-5.517393E0,
7.291667E-1,2.950000E2,1.058991E1,-5.531545E0,
7.333333E-1,2.960000E2,1.059028E1,-5.521637E0,
7.375000E-1,2.970000E2,1.060593E1,-5.527278E0,
7.416667E-1,2.980000E2,1.062704E1,-5.536947E0,
7.458333E-1,2.990000E2,1.062700E1,-5.543148E0,
7.500000E-1,3.000000E2,1.063558E1,-5.545246E0,
7.541667E-1,3.010000E2,1.065290E1,-5.547148E0,
7.583333E-1,3.020000E2,1.067019E1,-5.561952E0,
7.625000E-1,3.030000E2,1.069346E1,-5.570625E0,
7.666667E-1,3.040000E2,1.071397E1,-5.574710E0,
7.708333E-1,3.050000E2,1.074143E1,-5.594252E0,
7.750000E-1,3.060000E2,1.075726E1,-5.608711E0,
7.791667E-1,3.070000E2,1.079483E1,-5.612658E0,
7.833333E-1,3.080000E2,1.081973E1,-5.631506E0,
7.875000E-1,3.090000E2,1.087687E1,-5.651406E0,
7.916667E-1,3.100000E2,1.090167E1,-5.648417E0,
7.958333E-1,3.110000E2,1.094011E1,-5.668298E0,
8.000000E-1,3.120000E2,1.098928E1,-5.691612E0,
8.041667E-1,3.130000E2,1.101856E1,-5.706219E0,
8.083333E-1,3.140000E2,1.104366E1,-5.714896E0,
8.125000E-1,3.150000E2,1.107267E1,-5.725303E0,
8.166667E-1,3.160000E2,1.109658E1,-5.730640E0,
8.208333E-1,3.170000E2,1.112539E1,-5.752878E0,
8.250000E-1,3.180000E2,1.115643E1,-5.756373E0,
8.291667E-1,3.190000E2,1.114540E1,-5.774159E0,
8.333333E-1,3.200000E2,1.117495E1,-5.770008E0,
8.375000E-1,3.210000E2,1.118412E1,-5.775066E0,
8.416667E-1,3.220000E2,1.118303E1,-5.774710E0,
8.458333E-1,3.230000E2,1.119638E1,-5.783411E0,
8.500000E-1,3.240000E2,1.120501E1,-5.800021E0,
8.541667E-1,3.250000E2,1.120908E1,-5.799383E0,
8.583333E-1,3.260000E2,1.122131E1,-5.802925E0,
8.625000E-1,3.270000E2,1.124797E1,-5.818940E0,
8.666667E-1,3.280000E2,1.125876E1,-5.829007E0,
8.708333E-1,3.290000E2,1.127350E1,-5.838730E0,
8.750000E-1,3.300000E2,1.129316E1,-5.853413E0,
8.791667E-1,3.310000E2,1.132365E1,-5.878600E0,
8.833333E-1,3.320000E2,1.135298E1,-5.887439E0,
8.875000E-1,3.330000E2,1.138848E1,-5.903584E0,
8.916667E-1,3.340000E2,1.142551E1,-5.931017E0,
8.958333E-1,3.350000E2,1.145023E1,-5.948069E0,
9.000000E-1,3.360000E2,1.147898E1,-5.967917E0,
9.041667E-1,3.370000E2,1.151974E1,-5.991269E0,
9.083333E-1,3.380000E2,1.155065E1,-6.014948E0,
9.125000E-1,3.390000E2,1.157650E1,-6.033292E0,
9.166667E-1,3.400000E2,1.161178E1,-6.037370E0,
9.208333E-1,3.410000E2,1.163212E1,-6.052939E0,
9.250000E-1,3.420000E2,1.165695E1,-6.081808E0,
9.291667E-1,3.430000E2,1.167427E1,-6.085232E0,
9.333333E-1,3.440000E2,1.169288E1,-6.087721E0,
9.375000E-1,3.450000E2,1.170671E1,-6.096827E0,
9.416667E-1,3.460000E2,1.170834E1,-6.090882E0,
9.458333E-1,3.470000E2,1.172906E1,-6.114932E0,
9.500000E-1,3.480000E2,1.173253E1,-6.110964E0,
9.541667E-1,3.490000E2,1.173143E1,-6.117357E0,
9.583333E-1,3.500000E2,1.174941E1,-6.123209E0,
9.625000E-1,3.510000E2,1.177033E1,-6.134912E0,
9.666667E-1,3.520000E2,1.178548E1,-6.143071E0,
9.708333E-1,3.530000E2,1.179007E1,-6.147719E0,
9.750000E-1,3.540000E2,1.181559E1,-6.167847E0,
9.791667E-1,3.550000E2,1.182962E1,-6.159348E0,
9.833333E-1,3.560000E2,1.186671E1,-6.179897E0,
9.875000E-1,3.570000E2,1.187981E1,-6.190078E0,
9.916667E-1,3.580000E2,1.191470E1,-6.212199E0,
9.958333E-1,3.590000E2,1.196063E1,-6.219832E0,
1.000000E0,3.600000E2,1.199575E1,-6.249670E0,
1.004167E0,3.610000E2,1.202413E1,-6.269479E0,
1.008333E0,3.620000E2,1.206537E1,-6.279589E0,
1.012500E0,3.630000E2,1.210529E1,-6.303347E0,
1.016667E0,3.640000E2,1.212681E1,-6.310377E0,
1.020833E0,3.650000E2,1.216042E1,-6.339838E0,
1.025000E0,3.660000E2,1.217850E1,-6.353617E0,
1.029167E0,3.670000E2,1.219866E1,-6.362023E0,
1.033333E0,3.680000E2,1.223686E1,-6.375960E0,
1.037500E0,3.690000E2,1.224379E1,-6.384699E0,
1.041667E0,3.700000E2,1.225303E1,-6.389816E0,
1.045833E0,3.710000E2,1.225817E1,-6.406687E0,
1.050000E0,3.720000E2,1.228186E1,-6.405818E0,
1.054167E0,3.730000E2,1.229234E1,-6.406854E0,
1.058333E0,3.740000E2,1.230391E1,-6.420414E0,
1.062500E0,3.750000E2,1.230342E1,-6.428687E0,
1.066667E0,3.760000E2,1.232075E1,-6.442429E0,
1.070833E0,3.770000E2,1.232812E1,-6.439258E0,
1.075000E0,3.780000E2,1.233782E1,-6.448283E0,
1.079167E0,3.790000E2,1.236133E1,-6.460253E0,
1.083333E0,3.800000E2,1.237890E1,-6.462205E0,
1.087500E0,3.810000E2,1.240052E1,-6.476397E0,
1.091667E0,3.820000E2,1.242889E1,-6.511458E0,
1.095833E0,3.830000E2,1.246773E1,-6.531186E0,
1.100000E0,3.840000E2,1.249479E1,-6.543489E0,
1.104167E0,3.850000E2,1.252255E1,-6.563444E0,
1.108333E0,3.860000E2,1.256015E1,-6.593660E0,
1.112500E0,3.870000E2,1.259312E1,-6.613400E0,
1.116667E0,3.880000E2,1.262541E1,-6.630566E0,
1.120833E0,3.890000E2,1.265763E1,-6.662416E0,
1.125000E0,3.900000E2,1.268038E1,-6.676872E0,
1.129167E0,3.910000E2,1.271846E1,-6.685941E0,
1.133333E0,3.920000E2,1.272531E1,-6.699616E0,
1.137500E0,3.930000E2,1.274785E1,-6.718194E0,
1.141667E0,3.940000E2,1.275937E1,-6.731160E0,
1.145833E0,3.950000E2,1.277845E1,-6.734335E0,
1.150000E0,3.960000E2,1.278861E1,-6.747620E0,
1.154167E0,3.970000E2,1.280240E1,-6.762746E0,
1.158333E0,3.980000E2,1.280056E1,-6.757935E0,
1.162500E0,3.990000E2,1.281859E1,-6.760339E0,
1.166667E0,4.000000E2,1.281562E1,-6.770637E0,
1.170833E0,4.010000E2,1.284263E1,-6.782810E0,
1.175000E0,4.020000E2,1.284294E1,-6.791761E0,
1.179167E0,4.030000E2,1.286678E1,-6.808424E0,
1.183333E0,4.040000E2,1.288454E1,-6.820441E0,
1.187500E0,4.050000E2,1.288729E1,-6.832327E0,
1.191667E0,4.060000E2,1.292726E1,-6.849572E0,
1.195833E0,4.070000E2,1.293871E1,-6.872454E0,
1.200000E0,4.080000E2,1.295088E1,-6.891860E0,
1.204167E0,4.090000E2,1.299366E1,-6.916573E0,
1.208333E0,4.100000E2,1.302303E1,-6.939617E0,
1.212500E0,4.110000E2,1.306256E1,-6.976255E0,
1.216667E0,4.120000E2,1.307137E1,-6.988355E0,
1.220833E0,4.130000E2,1.309465E1,-7.005235E0,
1.225000E0,4.140000E2,1.314238E1,-7.038530E0,
1.229167E0,4.150000E2,1.316789E1,-7.053812E0,
1.233333E0,4.160000E2,1.319032E1,-7.077610E0,
1.237500E0,4.170000E2,1.317346E1,-7.072678E0,
1.241667E0,4.180000E2,1.316525E1,-7.040087E0,
1.245833E0,4.190000E2,1.313801E1,-7.034517E0,
1.250000E0,4.200000E2,1.313044E1,-7.031298E0,
1.254167E0,4.210000E2,1.310936E1,-7.025166E0,
1.258333E0,4.220000E2,1.309624E1,-7.001522E0,
1.262500E0,4.230000E2,1.309323E1,-6.995862E0,
1.266667E0,4.240000E2,1.309960E1,-6.996167E0,
1.270833E0,4.250000E2,1.308881E1,-6.989973E0,
1.275000E0,4.260000E2,1.307680E1,-6.973484E0,
1.279167E0,4.270000E2,1.305991E1,-6.969996E0,
1.283333E0,4.280000E2,1.305185E1,-6.961764E0,
1.287500E0,4.290000E2,1.303894E1,-6.951666E0,
1.291667E0,4.300000E2,1.300867E1,-6.930508E0,
1.295833E0,4.310000E2,1.299554E1,-6.923500E0,
1.300000E0,4.320000E2,1.298581E1,-6.886184E0,
1.304167E0,4.330000E2,1.293983E1,-6.871090E0,
1.308333E0,4.340000E2,1.292209E1,-6.846286E0,
1.312500E0,4.350000E2,1.288912E1,-6.826971E0,
1.316667E0,4.360000E2,1.286001E1,-6.795177E0,
1.320833E0,4.370000E2,1.283880E1,-6.772244E0,
1.325000E0,4.380000E2,1.279949E1,-6.742379E0,
1.329167E0,4.390000E2,1.278222E1,-6.721936E0,
1.333333E0,4.400000E2,1.275149E1,-6.690125E0,
1.337500E0,4.410000E2,1.273425E1,-6.672397E0,
1.341667E0,4.420000E2,1.270102E1,-6.650581E0,
1.345833E0,4.430000E2,1.269470E1,-6.635323E0,
1.350000E0,4.440000E2,1.267221E1,-6.625296E0,
1.354167E0,4.450000E2,1.265611E1,-6.592044E0,
1.358333E0,4.460000E2,1.264408E1,-6.602469E0,
1.362500E0,4.470000E2,1.262700E1,-6.593602E0,
1.366667E0,4.480000E2,1.263752E1,-6.584151E0,
1.370833E0,4.490000E2,1.261973E1,-6.561359E0,
1.375000E0,4.500000E2,1.262464E1,-6.559277E0,
1.379167E0,4.510000E2,1.262413E1,-6.557042E0,
1.383333E0,4.520000E2,1.259151E1,-6.546284E0,
1.387500E0,4.530000E2,1.259303E1,-6.524384E0,
1.391667E0,4.540000E2,1.257449E1,-6.518619E0,
1.395833E0,4.550000E2,1.256462E1,-6.505922E0,
1.400000E0,4.560000E2,1.254962E1,-6.486096E0,
1.404167E0,4.570000E2,1.251953E1,-6.449635E0,
1.408333E0,4.580000E2,1.251160E1,-6.442886E0,
1.412500E0,4.590000E2,1.248073E1,-6.394630E0,
1.416667E0,4.600000E2,1.246758E1,-6.377964E0,
1.420833E0,4.610000E2,1.243248E1,-6.332601E0,
1.425000E0,4.620000E2,1.240791E1,-6.316391E0,
1.429167E0,4.630000E2,1.238039E1,-6.289730E0,
1.433333E0,4.640000E2,1.237208E1,-6.269385E0,
1.437500E0,4.650000E2,1.232714E1,-6.244637E0,
1.441667E0,4.660000E2,1.229256E1,-6.210728E0,
1.445833E0,4.670000E2,1.229166E1,-6.192952E0,
1.450000E0,4.680000E2,1.226801E1,-6.172909E0,
1.454167E0,4.690000E2,1.225727E1,-6.156861E0,
1.458333E0,4.700000E2,1.224637E1,-6.140841E0,
1.462500E0,4.710000E2,1.223742E1,-6.134363E0,
1.466667E0,4.720000E2,1.222049E1,-6.107976E0,
1.470833E0,4.730000E2,1.221385E1,-6.107015E0,
1.475000E0,4.740000E2,1.221066E1,-6.093472E0,
1.479167E0,4.750000E2,1.220509E1,-6.092830E0,
1.483333E0,4.760000E2,1.218035E1,-6.091146E0,
1.487500E0,4.770000E2,1.219143E1,-6.072356E0,
1.491667E0,4.780000E2,1.216228E1,-6.058283E0,
1.495833E0,4.790000E2,1.215746E1,-6.056294E0,
1.500000E0,4.800000E2,1.214724E1,-6.038404E0,
1.504167E0,4.810000E2,1.211836E1,-6.022922E0,
1.508333E0,4.820000E2,1.209681E1,-6.005785E0,
1.512500E0,4.830000E2,1.208524E1,-5.978649E0,
1.516667E0,4.840000E2,1.205828E1,-5.958532E0,
1.520833E0,4.850000E2,1.201151E1,-5.930796E0,
1.525000E0,4.860000E2,1.198928E1,-5.919201E0,
1.529167E0,4.870000E2,1.196149E1,-5.891774E0,
1.533333E0,4.880000E2,1.193833E1,-5.853930E0,
1.537500E0,4.890000E2,1.190310E1,-5.836791E0,
1.541667E0,4.900000E2,1.187838E1,-5.808486E0,
1.545833E0,4.910000E2,1.184895E1,-5.797087E0,
1.550000E0,4.920000E2,1.182782E1,-5.765810E0,
1.554167E0,4.930000E2,1.181844E1,-5.743178E0,
1.558333E0,4.940000E2,1.178925E1,-5.739770E0,
1.562500E0,4.950000E2,1.177396E1,-5.718077E0,
1.566667E0,4.960000E2,1.174997E1,-5.707608E0,
1.570833E0,4.970000E2,1.174270E1,-5.700371E0,
1.575000E0,4.980000E2,1.173213E1,-5.699173E0,
1.579167E0,4.990000E2,1.173287E1,-5.681188E0,
1.583333E0,5.000000E2,1.172416E1,-5.673060E0,
1.587500E0,5.010000E2,1.171403E1,-5.669362E0,
1.591667E0,5.020000E2,1.171372E1,-5.667813E0,
1.595833E0,5.030000E2,1.168977E1,-5.647130E0,
1.600000E0,5.040000E2,1.168794E1,-5.638957E0,
1.604167E0,5.050000E2,1.167100E1,-5.627867E0,
1.608333E0,5.060000E2,1.164925E1,-5.605847E0,
1.612500E0,5.070000E2,1.162810E1,-5.595467E0,
1.616667E0,5.080000E2,1.160660E1,-5.571294E0,
1.620833E0,5.090000E2,1.158851E1,-5.547759E0,
1.625000E0,5.100000E2,1.156150E1,-5.522426E0,
1.629167E0,5.110000E2,1.151763E1,-5.504739E0,
1.633333E0,5.120000E2,1.149810E1,-5.472507E0,
1.637500E0,5.130000E2,1.146444E1,-5.443966E0,
1.641667E0,5.140000E2,1.144654E1,-5.415526E0,
1.645833E0,5.150000E2,1.142046E1,-5.389011E0,
1.650000E0,5.160000E2,1.139224E1,-5.369794E0,
1.654167E0,5.170000E2,1.136680E1,-5.342024E0,
1.658333E0,5.180000E2,1.134713E1,-5.329497E0,
1.662500E0,5.190000E2,1.131387E1,-5.317181E0,
1.666667E0,5.200000E2,1.131175E1,-5.295871E0,
1.670833E0,5.210000E2,1.129767E1,-5.290258E0,
1.675000E0,5.220000E2,1.128372E1,-5.281108E0,
1.679167E0,5.230000E2,1.127085E1,-5.256690E0,
1.683333E0,5.240000E2,1.125960E1,-5.261682E0,
1.687500E0,5.250000E2,1.125412E1,-5.255520E0,
1.691667E0,5.260000E2,1.124747E1,-5.242387E0,
1.695833E0,5.270000E2,1.122663E1,-5.247706E0,
1.700000E0,5.280000E2,1.123188E1,-5.238630E0,
1.704167E0,5.290000E2,1.122166E1,-5.209985E0,
1.708333E0,5.300000E2,1.121559E1,-5.210308E0,
1.712500E0,5.310000E2,1.119865E1,-5.196651E0,
1.716667E0,5.320000E2,1.117233E1,-5.170701E0,
1.720833E0,5.330000E2,1.114686E1,-5.168670E0,
1.725000E0,5.340000E2,1.112138E1,-5.132348E0,
1.729167E0,5.350000E2,1.109977E1,-5.111144E0,
1.733333E0,5.360000E2,1.107278E1,-5.076302E0,
1.737500E0,5.370000E2,1.102822E1,-5.051094E0,
1.741667E0,5.380000E2,1.101297E1,-5.023428E0,
1.745833E0,5.390000E2,1.097775E1,-4.992885E0,
1.750000E0,5.400000E2,1.095370E1,-4.971187E0,
1.754167E0,5.410000E2,1.092664E1,-4.953341E0,
1.758333E0,5.420000E2,1.090825E1,-4.919638E0,
1.762500E0,5.430000E2,1.087904E1,-4.900009E0,
1.766667E0,5.440000E2,1.086689E1,-4.878944E0,
1.770833E0,5.450000E2,1.084203E1,-4.867336E0,
1.775000E0,5.460000E2,1.084410E1,-4.856655E0,
1.779167E0,5.470000E2,1.083181E1,-4.837477E0,
1.783333E0,5.480000E2,1.081476E1,-4.845828E0,
1.787500E0,5.490000E2,1.080798E1,-4.828747E0,
1.791667E0,5.500000E2,1.079711E1,-4.830830E0,
1.795833E0,5.510000E2,1.079723E1,-4.826163E0,
1.800000E0,5.520000E2,1.078763E1,-4.811296E0,
1.804167E0,5.530000E2,1.077170E1,-4.805245E0,
1.808333E0,5.540000E2,1.076141E1,-4.806956E0,
1.812500E0,5.550000E2,1.074977E1,-4.778603E0,
1.816667E0,5.560000E2,1.072649E1,-4.770553E0,
1.820833E0,5.570000E2,1.071239E1,-4.748812E0,
1.825000E0,5.580000E2,1.069061E1,-4.725576E0,
1.829167E0,5.590000E2,1.067588E1,-4.715757E0,
1.833333E0,5.600000E2,1.063477E1,-4.698582E0,
1.837500E0,5.610000E2,1.059770E1,-4.671617E0,
1.841667E0,5.620000E2,1.057706E1,-4.655467E0,
1.845833E0,5.630000E2,1.053898E1,-4.628806E0,
1.850000E0,5.640000E2,1.050261E1,-4.599663E0,
1.854167E0,5.650000E2,1.047955E1,-4.578501E0,
1.858333E0,5.660000E2,1.044216E1,-4.556638E0,
1.862500E0,5.670000E2,1.042710E1,-4.544065E0,
1.866667E0,5.680000E2,1.039890E1,-4.513183E0,
1.870833E0,5.690000E2,1.037162E1,-4.525275E0,
1.875000E0,5.700000E2,1.035547E1,-4.490008E0,
1.879167E0,5.710000E2,1.035258E1,-4.479687E0,
1.883333E0,5.720000E2,1.032527E1,-4.475337E0,
1.887500E0,5.730000E2,1.031366E1,-4.459755E0,
1.891667E0,5.740000E2,1.031099E1,-4.458038E0,
1.895833E0,5.750000E2,1.029947E1,-4.455536E0,
1.900000E0,5.760000E2,1.028918E1,-4.446003E0,
1.904167E0,5.770000E2,1.028559E1,-4.432505E0,
1.908333E0,5.780000E2,1.025962E1,-4.424924E0,
1.912500E0,5.790000E2,1.026058E1,-4.417122E0,
1.916667E0,5.800000E2,1.025468E1,-4.413946E0,
1.920833E0,5.810000E2,1.023779E1,-4.398883E0,
1.925000E0,5.820000E2,1.020573E1,-4.374880E0,
1.929167E0,5.830000E2,1.018846E1,-4.366671E0,
1.933333E0,5.840000E2,1.016865E1,-4.338705E0,
1.937500E0,5.850000E2,1.013578E1,-4.322507E0,
1.941667E0,5.860000E2,1.011253E1,-4.291779E0,
1.945833E0,5.870000E2,1.008377E1,-4.267838E0,
1.950000E0,5.880000E2,1.003897E1,-4.245355E0,
1.954167E0,5.890000E2,1.002228E1,-4.216856E0,
1.958333E0,5.900000E2,9.986520E0,-4.184834E0,
1.962500E0,5.910000E2,9.955074E0,-4.171303E0,
1.966667E0,5.920000E2,9.925938E0,-4.149304E0,
1.970833E0,5.930000E2,9.889068E0,-4.137787E0,
1.975000E0,5.940000E2,9.878781E0,-4.118726E0,
1.979167E0,5.950000E2,9.865488E0,-4.103443E0,
1.983333E0,5.960000E2,9.850801E0,-4.102960E0,
1.987500E0,5.970000E2,9.829471E0,-4.087178E0,
1.991667E0,5.980000E2,9.815947E0,-4.089494E0,
1.995833E0,5.990000E2,9.805012E0,-4.074869E0,
2.000000E0,6.000000E2,9.806544E0,-4.059073E0,
2.004167E0,6.010000E2,9.803204E0,-4.063388E0,
2.008333E0,6.020000E2,9.782317E0,-4.049954E0,
2.012500E0,6.030000E2,9.756720E0,-4.059769E0,
2.016667E0,6.040000E2,9.762077E0,-4.036018E0,
2.020833E0,6.050000E2,9.755507E0,-4.030036E0,
2.025000E0,6.060000E2,9.720892E0,-4.024653E0,
2.029167E0,6.070000E2,9.703663E0,-4.010269E0,
2.033333E0,6.080000E2,9.675930E0,-4.001601E0,
2.037500E0,6.090000E2,9.660923E0,-3.977366E0,
2.041667E0,6.100000E2,9.645530E0,-3.963130E0,
2.045833E0,6.110000E2,9.607563E0,-3.936181E0,
2.050000E0,6.120000E2,9.560036E0,-3.902144E0,
2.054167E0,6.130000E2,9.529928E0,-3.891734E0,
2.058333E0,6.140000E2,9.508893E0,-3.870378E0,
2.062500E0,6.150000E2,9.472262E0,-3.844535E0,
2.066667E0,6.160000E2,9.433445E0,-3.815807E0,
2.070833E0,6.170000E2,9.417662E0,-3.798321E0,
2.075000E0,6.180000E2,9.384327E0,-3.783570E0,
2.079167E0,6.190000E2,9.368484E0,-3.772262E0,
2.083333E0,6.200000E2,9.348310E0,-3.752752E0,
2.087500E0,6.210000E2,9.329078E0,-3.742791E0,
2.091667E0,6.220000E2,9.305984E0,-3.726552E0,
2.095833E0,6.230000E2,9.294688E0,-3.731170E0,
2.100000E0,6.240000E2,9.287758E0,-3.709544E0,
2.104167E0,6.250000E2,9.275708E0,-3.712110E0,
2.108333E0,6.260000E2,9.276741E0,-3.699207E0,
2.112500E0,6.270000E2,9.268606E0,-3.711229E0,
2.116667E0,6.280000E2,9.252658E0,-3.700444E0,
2.120833E0,6.290000E2,9.245144E0,-3.679015E0,
2.125000E0,6.300000E2,9.234613E0,-3.680585E0,
2.129167E0,6.310000E2,9.202634E0,-3.683115E0,
2.133333E0,6.320000E2,9.185280E0,-3.671769E0,
2.137500E0,6.330000E2,9.175423E0,-3.659594E0,
2.141667E0,6.340000E2,9.136161E0,-3.651128E0,
2.145833E0,6.350000E2,9.104380E0,-3.619179E0,
2.150000E0,6.360000E2,9.075684E0,-3.610591E0,
2.154167E0,6.370000E2,9.043862E0,-3.598542E0,
2.158333E0,6.380000E2,8.997059E0,-3.570821E0,
2.162500E0,6.390000E2,8.970969E0,-3.547554E0,
2.166667E0,6.400000E2,8.942168E0,-3.533220E0,
2.170833E0,6.410000E2,8.901006E0,-3.527200E0,
2.175000E0,6.420000E2,8.869831E0,-3.506752E0,
2.179167E0,6.430000E2,8.849922E0,-3.483169E0,
2.183333E0,6.440000E2,8.813789E0,-3.469279E0,
2.187500E0,6.450000E2,8.789032E0,-3.454396E0,
2.191667E0,6.460000E2,8.776552E0,-3.440317E0,
2.195833E0,6.470000E2,8.765692E0,-3.432941E0,
2.200000E0,6.480000E2,8.746251E0,-3.423375E0,
2.204167E0,6.490000E2,8.720753E0,-3.424791E0,
2.208333E0,6.500000E2,8.722621E0,-3.407639E0,
2.212500E0,6.510000E2,8.720646E0,-3.410240E0,
2.216667E0,6.520000E2,8.719709E0,-3.404949E0,
2.220833E0,6.530000E2,8.699354E0,-3.391402E0,
2.225000E0,6.540000E2,8.703868E0,-3.392739E0,
2.229167E0,6.550000E2,8.669597E0,-3.392700E0,
2.233333E0,6.560000E2,8.656338E0,-3.371462E0,
2.237500E0,6.570000E2,8.641175E0,-3.354552E0,
2.241667E0,6.580000E2,8.623314E0,-3.349632E0,
2.245833E0,6.590000E2,8.591465E0,-3.333241E0,
2.250000E0,6.600000E2,8.569004E0,-3.318167E0,
2.254167E0,6.610000E2,8.532292E0,-3.291912E0,
2.258333E0,6.620000E2,8.504278E0,-3.289163E0,
2.262500E0,6.630000E2,8.471015E0,-3.262972E0,
2.266667E0,6.640000E2,8.434257E0,-3.236343E0,
2.270833E0,6.650000E2,8.399536E0,-3.227714E0,
2.275000E0,6.660000E2,8.362694E0,-3.198630E0,
2.279167E0,6.670000E2,8.328208E0,-3.183626E0,
2.283333E0,6.680000E2,8.320737E0,-3.173051E0,
2.287500E0,6.690000E2,8.271292E0,-3.153649E0,
2.291667E0,6.700000E2,8.262352E0,-3.135780E0,
2.295833E0,6.710000E2,8.240972E0,-3.134054E0,
2.300000E0,6.720000E2,8.218601E0,-3.114878E0,
2.304167E0,6.730000E2,8.204601E0,-3.113350E0,
2.308333E0,6.740000E2,8.188936E0,-3.106208E0,
2.312500E0,6.750000E2,8.184721E0,-3.090389E0,
2.316667E0,6.760000E2,8.167727E0,-3.090436E0,
2.320833E0,6.770000E2,8.165802E0,-3.096559E0,
2.325000E0,6.780000E2,8.168594E0,-3.084941E0,
2.329167E0,6.790000E2,8.153049E0,-3.077877E0,
2.333333E0,6.800000E2,8.124795E0,-3.071425E0,
2.337500E0,6.810000E2,8.118632E0,-3.066312E0,
2.341667E0,6.820000E2,8.097064E0,-3.052115E0,
2.345833E0,6.830000E2,8.069365E0,-3.032540E0,
2.350000E0,6.840000E2,8.059155E0,-3.021280E0,
2.354167E0,6.850000E2,8.013273E0,-3.020192E0,
2.358333E0,6.860000E2,7.995962E0,-2.996064E0,
2.362500E0,6.870000E2,7.970973E0,-2.965406E0,
2.366667E0,6.880000E2,7.934463E0,-2.957401E0,
2.370833E0,6.890000E2,7.881591E0,-2.939821E0,
2.375000E0,6.900000E2,7.851569E0,-2.925589E0,
2.379167E0,6.910000E2,7.816909E0,-2.909778E0,
2.383333E0,6.920000E2,7.784379E0,-2.887182E0,
2.387500E0,6.930000E2,7.759986E0,-2.889527E0,
2.391667E0,6.940000E2,7.730929E0,-2.859610E0,
2.395833E0,6.950000E2,7.713172E0,-2.847635E0,
2.400000E0,6.960000E2,7.677386E0,-2.848570E0,
2.404167E0,6.970000E2,7.665628E0,-2.827750E0,
2.408333E0,6.980000E2,7.655630E0,-2.829578E0,
2.412500E0,6.990000E2,7.638870E0,-2.814416E0,
2.416667E0,7.000000E2,7.614320E0,-2.806715E0,
2.420833E0,7.010000E2,7.616755E0,-2.795795E0,
2.425000E0,7.020000E2,7.608171E0,-2.805492E0,
2.429167E0,7.030000E2,7.597635E0,-2.793289E0,
2.433333E0,7.040000E2,7.580822E0,-2.791170E0,
2.437500E0,7.050000E2,7.578051E0,-2.790182E0,
2.441667E0,7.060000E2,7.558804E0,-2.785663E0,
2.445833E0,7.070000E2,7.535148E0,-2.778420E0,
2.450000E0,7.080000E2,7.521408E0,-2.762473E0,
2.454167E0,7.090000E2,7.492669E0,-2.751496E0,
2.458333E0,7.100000E2,7.461605E0,-2.741972E0,
2.462500E0,7.110000E2,7.429479E0,-2.718447E0,
2.466667E0,7.120000E2,7.393284E0,-2.709897E0,
2.470833E0,7.130000E2,7.363395E0,-2.700424E0,
2.475000E0,7.140000E2,7.322539E0,-2.689960E0,
2.479167E0,7.150000E2,7.294621E0,-2.666925E0,
2.483333E0,7.160000E2,7.250560E0,-2.669920E0,
2.487500E0,7.170000E2,7.219999E0,-2.645073E0,
2.491667E0,7.180000E2,7.177569E0,-2.623580E0,
2.495833E0,7.190000E2,7.149195E0,-2.627960E0,
2.500000E0,7.200000E2,7.125273E0,-2.611055E0,
2.504167E0,7.210000E2,7.105636E0,-2.609078E0,
2.508333E0,7.220000E2,7.086390E0,-2.597572E0,
2.512500E0,7.230000E2,7.064703E0,-2.591860E0,
2.516667E0,7.240000E2,7.051246E0,-2.587312E0,
2.520833E0,7.250000E2,7.041462E0,-2.588100E0,
2.525000E0,7.260000E2,7.032446E0,-2.585632E0,
2.529167E0,7.270000E2,7.024475E0,-2.578417E0,
2.533333E0,7.280000E2,6.998580E0,-2.575176E0,
2.537500E0,7.290000E2,7.003107E0,-2.572453E0,
2.541667E0,7.300000E2,6.985098E0,-2.565404E0,
2.545833E0,7.310000E2,6.971233E0,-2.563792E0,
2.550000E0,7.320000E2,6.948490E0,-2.566949E0,
2.554167E0,7.330000E2,6.936769E0,-2.546801E0,
2.558333E0,7.340000E2,6.914991E0,-2.539248E0,
2.562500E0,7.350000E2,6.887143E0,-2.520364E0,
2.566667E0,7.360000E2,6.845519E0,-2.529775E0,
2.570833E0,7.370000E2,6.805956E0,-2.496688E0,
2.575000E0,7.380000E2,6.786622E0,-2.485749E0,
2.579167E0,7.390000E2,6.738453E0,-2.481855E0,
2.583333E0,7.400000E2,6.692344E0,-2.474325E0,
2.587500E0,7.410000E2,6.670548E0,-2.452199E0,
2.591667E0,7.420000E2,6.615693E0,-2.444702E0,
2.595833E0,7.430000E2,6.600213E0,-2.443406E0,
2.600000E0,7.440000E2,6.559607E0,-2.430333E0,
2.604167E0,7.450000E2,6.545595E0,-2.414854E0,
2.608333E0,7.460000E2,6.509977E0,-2.410240E0,
2.612500E0,7.470000E2,6.484667E0,-2.382431E0,
2.616667E0,7.480000E2,6.471065E0,-2.385957E0,
2.620833E0,7.490000E2,6.450497E0,-2.388425E0,
2.625000E0,7.500000E2,6.439518E0,-2.378548E0,
2.629167E0,7.510000E2,6.434856E0,-2.383072E0,
2.633333E0,7.520000E2,6.422838E0,-2.366057E0,
2.637500E0,7.530000E2,6.405646E0,-2.369487E0,
2.641667E0,7.540000E2,6.399839E0,-2.373644E0,
2.645833E0,7.550000E2,6.400886E0,-2.379141E0,
2.650000E0,7.560000E2,6.367427E0,-2.362969E0,
2.654167E0,7.570000E2,6.361129E0,-2.375382E0,
2.658333E0,7.580000E2,6.351720E0,-2.352396E0,
2.662500E0,7.590000E2,6.307427E0,-2.355518E0,
2.666667E0,7.600000E2,6.288802E0,-2.325971E0,
2.670833E0,7.610000E2,6.253007E0,-2.335768E0,
2.675000E0,7.620000E2,6.212400E0,-2.330631E0,
2.679167E0,7.630000E2,6.186125E0,-2.307575E0,
2.683333E0,7.640000E2,6.147415E0,-2.306854E0,
2.687500E0,7.650000E2,6.104132E0,-2.299018E0,
2.691667E0,7.660000E2,6.061126E0,-2.300275E0,
2.695833E0,7.670000E2,6.033953E0,-2.285079E0,
2.700000E0,7.680000E2,5.995818E0,-2.271758E0,
2.704167E0,7.690000E2,5.957338E0,-2.257606E0,
2.708333E0,7.700000E2,5.923763E0,-2.255607E0,
2.712500E0,7.710000E2,5.900892E0,-2.254492E0,
2.716667E0,7.720000E2,5.876964E0,-2.250216E0,
2.720833E0,7.730000E2,5.857228E0,-2.241223E0,
2.725000E0,7.740000E2,5.852262E0,-2.241110E0,
2.729167E0,7.750000E2,5.830814E0,-2.242341E0,
2.733333E0,7.760000E2,5.828931E0,-2.246497E0,
2.737500E0,7.770000E2,5.817471E0,-2.233713E0,
2.741667E0,7.780000E2,5.806670E0,-2.236229E0,
2.745833E0,7.790000E2,5.793707E0,-2.233354E0,
2.750000E0,7.800000E2,5.778591E0,-2.227406E0,
2.754167E0,7.810000E2,5.764999E0,-2.227536E0,
2.758333E0,7.820000E2,5.760919E0,-2.208256E0,
2.762500E0,7.830000E2,5.735691E0,-2.207987E0,
2.766667E0,7.840000E2,5.703504E0,-2.203120E0,
2.770833E0,7.850000E2,5.682855E0,-2.205811E0,
2.775000E0,7.860000E2,5.645219E0,-2.184856E0,
2.779167E0,7.870000E2,5.615104E0,-2.172296E0,
2.783333E0,7.880000E2,5.574257E0,-2.173661E0,
2.787500E0,7.890000E2,5.537630E0,-2.158781E0,
2.791667E0,7.900000E2,5.499234E0,-2.138806E0,
2.795833E0,7.910000E2,5.469962E0,-2.117643E0,
2.800000E0,7.920000E2,5.437625E0,-2.095030E0,
2.804167E0,7.930000E2,5.395187E0,-2.094090E0,
2.808333E0,7.940000E2,5.364366E0,-2.095929E0,
2.812500E0,7.950000E2,5.330558E0,-2.081728E0,
2.816667E0,7.960000E2,5.302471E0,-2.058801E0,
2.820833E0,7.970000E2,5.284390E0,-2.061395E0,
2.825000E0,7.980000E2,5.256198E0,-2.054850E0,
2.829167E0,7.990000E2,5.253249E0,-2.050418E0,
2.833333E0,8.000000E2,5.237900E0,-2.051198E0,
2.837500E0,8.010000E2,5.223907E0,-2.059357E0,
2.841667E0,8.020000E2,5.211573E0,-2.049968E0,
2.845833E0,8.030000E2,5.198751E0,-2.044069E0,
2.850000E0,8.040000E2,5.201707E0,-2.033726E0,
2.854167E0,8.050000E2,5.179818E0,-2.030158E0,
2.858333E0,8.060000E2,5.164682E0,-2.027036E0,
2.862500E0,8.070000E2,5.146620E0,-2.025490E0,
2.866667E0,8.080000E2,5.129605E0,-2.008525E0,
2.870833E0,8.090000E2,5.110499E0,-2.005334E0,
2.875000E0,8.100000E2,5.083777E0,-1.999155E0,
2.879167E0,8.110000E2,5.060675E0,-1.994630E0,
2.883333E0,8.120000E2,5.021808E0,-1.979019E0,
2.887500E0,8.130000E2,4.984486E0,-1.964899E0,
2.891667E0,8.140000E2,4.955326E0,-1.954124E0,
2.895833E0,8.150000E2,4.909622E0,-1.948501E0,
2.900000E0,8.160000E2,4.886744E0,-1.932933E0,
2.904167E0,8.170000E2,4.830352E0,-1.925938E0,
2.908333E0,8.180000E2,4.801011E0,-1.910555E0,
2.912500E0,8.190000E2,4.763044E0,-1.906619E0,
2.916667E0,8.200000E2,4.738820E0,-1.883794E0,
2.920833E0,8.210000E2,4.717474E0,-1.877219E0,
2.925000E0,8.220000E2,4.682652E0,-1.886046E0,
2.929167E0,8.230000E2,4.655509E0,-1.870842E0,
2.933333E0,8.240000E2,4.649759E0,-1.863054E0,
2.937500E0,8.250000E2,4.634375E0,-1.856226E0,
2.941667E0,8.260000E2,4.626215E0,-1.865584E0,
2.945833E0,8.270000E2,4.607344E0,-1.858231E0,
2.950000E0,8.280000E2,4.599104E0,-1.843217E0,
2.954167E0,8.290000E2,4.588976E0,-1.842890E0,
2.958333E0,8.300000E2,4.579939E0,-1.831557E0,
2.962500E0,8.310000E2,4.570650E0,-1.828012E0,
2.966667E0,8.320000E2,4.564925E0,-1.834222E0,
2.970833E0,8.330000E2,4.541900E0,-1.821696E0,
2.975000E0,8.340000E2,4.516127E0,-1.816517E0,
2.979167E0,8.350000E2,4.485411E0,-1.801495E0,
2.983333E0,8.360000E2,4.475225E0,-1.781474E0,
2.987500E0,8.370000E2,4.439934E0,-1.780709E0,
2.991667E0,8.380000E2,4.411558E0,-1.758075E0,
2.995833E0,8.390000E2,4.351731E0,-1.746346E0,
3.000000E0,8.400000E2,4.346579E0,-1.730563E0,
3.004167E0,8.410000E2,4.290327E0,-1.715007E0,
3.008333E0,8.420000E2,4.253778E0,-1.698507E0,
3.012500E0,8.430000E2,4.221807E0,-1.677361E0,
3.016667E0,8.440000E2,4.190678E0,-1.668350E0,
3.020833E0,8.450000E2,4.172571E0,-1.646074E0,
3.025000E0,8.460000E2,4.123817E0,-1.636499E0,
3.029167E0,8.470000E2,4.117595E0,-1.631265E0,
3.033333E0,8.480000E2,4.101669E0,-1.622789E0,
3.037500E0,8.490000E2,4.083363E0,-1.601102E0,
3.041667E0,8.500000E2,4.066248E0,-1.611420E0,
3.045833E0,8.510000E2,4.055943E0,-1.594255E0,
3.050000E0,8.520000E2,4.037548E0,-1.571683E0,
3.054167E0,8.530000E2,4.026225E0,-1.595234E0,
3.058333E0,8.540000E2,4.017525E0,-1.581593E0,
3.062500E0,8.550000E2,4.000944E0,-1.587802E0,
3.066667E0,8.560000E2,4.006124E0,-1.570759E0,
3.070833E0,8.570000E2,3.986289E0,-1.564167E0,
3.075000E0,8.580000E2,3.972389E0,-1.559036E0,
3.079167E0,8.590000E2,3.959451E0,-1.548247E0,
3.083333E0,8.600000E2,3.935569E0,-1.548712E0,
3.087500E0,8.610000E2,3.904254E0,-1.530417E0,
3.091667E0,8.620000E2,3.866135E0,-1.524675E0,
3.095833E0,8.630000E2,3.827437E0,-1.501676E0,
3.100000E0,8.640000E2,3.808656E0,-1.499585E0,
3.104167E0,8.650000E2,3.756764E0,-1.473515E0,
3.108333E0,8.660000E2,3.728414E0,-1.452816E0,
3.112500E0,8.670000E2,3.692860E0,-1.436930E0,
3.116667E0,8.680000E2,3.653001E0,-1.430327E0,
3.120833E0,8.690000E2,3.623624E0,-1.418022E0,
3.125000E0,8.700000E2,3.596250E0,-1.411453E0,
3.129167E0,8.710000E2,3.570233E0,-1.398010E0,
3.133333E0,8.720000E2,3.533056E0,-1.395431E0,
3.137500E0,8.730000E2,3.505267E0,-1.394165E0,
3.141667E0,8.740000E2,3.493310E0,-1.380165E0,
3.145833E0,8.750000E2,3.472543E0,-1.367573E0,
3.150000E0,8.760000E2,3.459998E0,-1.373686E0,
3.154167E0,8.770000E2,3.456424E0,-1.359181E0,
3.158333E0,8.780000E2,3.451658E0,-1.347120E0,
3.162500E0,8.790000E2,3.436448E0,-1.355422E0,
3.166667E0,8.800000E2,3.427040E0,-1.352543E0,
3.170833E0,8.810000E2,3.420990E0,-1.362100E0,
3.175000E0,8.820000E2,3.404408E0,-1.347871E0,
3.179167E0,8.830000E2,3.377577E0,-1.347916E0,
3.183333E0,8.840000E2,3.361927E0,-1.327902E0,
3.187500E0,8.850000E2,3.340266E0,-1.328037E0,
3.191667E0,8.860000E2,3.324933E0,-1.314899E0,
3.195833E0,8.870000E2,3.278242E0,-1.309040E0,
3.200000E0,8.880000E2,3.252663E0,-1.293154E0,
3.204167E0,8.890000E2,3.201978E0,-1.282119E0,
3.208333E0,8.900000E2,3.178469E0,-1.264182E0,
3.212500E0,8.910000E2,3.138245E0,-1.242381E0,
3.216667E0,8.920000E2,3.099668E0,-1.241350E0,
3.220833E0,8.930000E2,3.072183E0,-1.237206E0,
3.225000E0,8.940000E2,3.027719E0,-1.223873E0,
3.229167E0,8.950000E2,3.008360E0,-1.211603E0,
3.233333E0,8.960000E2,2.971120E0,-1.207121E0,
3.237500E0,8.970000E2,2.942238E0,-1.189322E0,
3.241667E0,8.980000E2,2.914496E0,-1.186135E0,
3.245833E0,8.990000E2,2.911777E0,-1.175221E0,
3.250000E0,9.000000E2,2.885765E0,-1.166985E0,
3.254167E0,9.010000E2,2.882014E0,-1.152941E0,
3.258333E0,9.020000E2,2.874534E0,-1.162009E0,
3.262500E0,9.030000E2,2.849463E0,-1.152329E0,
3.266667E0,9.040000E2,2.844153E0,-1.149417E0,
3.270833E0,9.050000E2,2.837870E0,-1.161262E0,
3.275000E0,9.060000E2,2.818407E0,-1.153556E0,
3.279167E0,9.070000E2,2.795052E0,-1.154338E0,
3.283333E0,9.080000E2,2.794975E0,-1.137921E0,
3.287500E0,9.090000E2,2.766323E0,-1.138820E0,
3.291667E0,9.100000E2,2.739874E0,-1.135673E0,
3.295833E0,9.110000E2,2.716950E0,-1.132262E0,
3.300000E0,9.120000E2,2.699131E0,-1.136878E0,
3.304167E0,9.130000E2,2.651298E0,-1.122711E0,
3.308333E0,9.140000E2,2.617910E0,-1.118978E0,
3.312500E0,9.150000E2,2.576972E0,-1.107283E0,
3.316667E0,9.160000E2,2.552165E0,-1.105820E0,
3.320833E0,9.170000E2,2.510256E0,-1.098652E0,
3.325000E0,9.180000E2,2.477782E0,-1.086060E0,
3.329167E0,9.190000E2,2.437194E0,-1.066628E0,
3.333333E0,9.200000E2,2.400106E0,-1.058638E0,
3.337500E0,9.210000E2,2.374430E0,-1.052887E0,
3.341667E0,9.220000E2,2.344018E0,-1.045126E0,
3.345833E0,9.230000E2,2.314718E0,-1.042359E0,
3.350000E0,9.240000E2,2.296453E0,-1.030451E0,
3.354167E0,9.250000E2,2.286340E0,-1.034855E0,
3.358333E0,9.260000E2,2.263867E0,-1.027588E0,
3.362500E0,9.270000E2,2.237179E0,-1.019706E0,
3.366667E0,9.280000E2,2.223681E0,-1.017081E0,
3.370833E0,9.290000E2,2.220940E0,-1.025240E0,
3.375000E0,9.300000E2,2.223329E0,-1.019294E0,
3.379167E0,9.310000E2,2.209004E0,-1.010536E0,
3.383333E0,9.320000E2,2.198200E0,-1.010281E0,
3.387500E0,9.330000E2,2.177986E0,-1.004475E0,
3.391667E0,9.340000E2,2.159475E0,-9.965334E-1,
3.395833E0,9.350000E2,2.135702E0,-9.945642E-1,
3.400000E0,9.360000E2,2.112503E0,-9.958127E-1,
3.404167E0,9.370000E2,2.083909E0,-9.895919E-1,
3.408333E0,9.380000E2,2.051336E0,-9.743230E-1,
3.412500E0,9.390000E2,2.010415E0,-9.577297E-1,
3.416667E0,9.400000E2,1.971695E0,-9.604582E-1,
3.420833E0,9.410000E2,1.949758E0,-9.430283E-1,
3.425000E0,9.420000E2,1.904370E0,-9.384604E-1,
3.429167E0,9.430000E2,1.867688E0,-9.173062E-1,
3.433333E0,9.440000E2,1.824950E0,-9.273992E-1,
3.437500E0,9.450000E2,1.794011E0,-9.131579E-1,
3.441667E0,9.460000E2,1.765017E0,-8.887319E-1,
3.445833E0,9.470000E2,1.731156E0,-8.802563E-1,
3.450000E0,9.480000E2,1.702761E0,-8.813530E-1,
3.454167E0,9.490000E2,1.689724E0,-8.665643E-1,
3.458333E0,9.500000E2,1.671751E0,-8.690902E-1,
3.462500E0,9.510000E2,1.645296E0,-8.624876E-1,
3.466667E0,9.520000E2,1.634506E0,-8.542680E-1,
3.470833E0,9.530000E2,1.637257E0,-8.540312E-1,
3.475000E0,9.540000E2,1.614655E0,-8.523438E-1,
3.479167E0,9.550000E2,1.605022E0,-8.557434E-1,
3.483333E0,9.560000E2,1.594957E0,-8.506216E-1,
3.487500E0,9.570000E2,1.589738E0,-8.441300E-1,
3.491667E0,9.580000E2,1.573503E0,-8.260518E-1,
3.495833E0,9.590000E2,1.562249E0,-8.360188E-1,
3.500000E0,9.600000E2,1.530321E0,-8.192556E-1,
3.504167E0,9.610000E2,1.509372E0,-8.216757E-1,
3.508333E0,9.620000E2,1.486146E0,-8.039739E-1,
3.512500E0,9.630000E2,1.455095E0,-7.973131E-1,
3.516667E0,9.640000E2,1.416129E0,-7.936530E-1,
3.520833E0,9.650000E2,1.384381E0,-7.672023E-1,
3.525000E0,9.660000E2,1.344596E0,-7.641175E-1,
3.529167E0,9.670000E2,1.310578E0,-7.546859E-1,
3.533333E0,9.680000E2,1.267489E0,-7.342933E-1,
3.537500E0,9.690000E2,1.244681E0,-7.193436E-1,
3.541667E0,9.700000E2,1.201987E0,-7.046505E-1,
3.545833E0,9.710000E2,1.169087E0,-7.026199E-1,
3.550000E0,9.720000E2,1.125954E0,-6.939597E-1,
3.554167E0,9.730000E2,1.111763E0,-6.692310E-1,
3.558333E0,9.740000E2,1.096026E0,-6.622780E-1,
3.562500E0,9.750000E2,1.080436E0,-6.635411E-1,
3.566667E0,9.760000E2,1.052077E0,-6.546636E-1,
3.570833E0,9.770000E2,1.057159E0,-6.470244E-1,
3.575000E0,9.780000E2,1.048786E0,-6.507080E-1,
3.579167E0,9.790000E2,1.020758E0,-6.495161E-1,
3.583333E0,9.800000E2,1.022663E0,-6.423735E-1,
3.587500E0,9.810000E2,1.000229E0,-6.413412E-1,
3.591667E0,9.820000E2,9.970728E-1,-6.379712E-1,
3.595833E0,9.830000E2,9.836723E-1,-6.257456E-1,
3.600000E0,9.840000E2,9.711481E-1,-6.191013E-1,
3.604167E0,9.850000E2,9.477971E-1,-6.180679E-1,
3.608333E0,9.860000E2,9.213081E-1,-6.083094E-1,
3.612500E0,9.870000E2,8.972982E-1,-6.115632E-1,
3.616667E0,9.880000E2,8.709260E-1,-5.924443E-1,
3.620833E0,9.890000E2,8.312931E-1,-5.800740E-1,
3.625000E0,9.900000E2,8.035474E-1,-5.698225E-1,
3.629167E0,9.910000E2,7.592984E-1,-5.672305E-1,
3.633333E0,9.920000E2,7.283843E-1,-5.477639E-1,
3.637500E0,9.930000E2,6.964295E-1,-5.221194E-1,
3.641667E0,9.940000E2,6.512404E-1,-5.187912E-1,
3.645833E0,9.950000E2,6.227756E-1,-4.922744E-1,
3.650000E0,9.960000E2,5.736666E-1,-4.793915E-1,
3.654167E0,9.970000E2,5.572780E-1,-4.534555E-1,
3.658333E0,9.980000E2,5.476953E-1,-4.569020E-1,
3.662500E0,9.990000E2,5.061614E-1,-4.469411E-1,
3.666667E0,1.000000E3,4.861362E-1,-4.289019E-1,
3.670833E0,1.001000E3,4.813277E-1,-4.225841E-1,
3.675000E0,1.002000E3,4.602634E-1,-4.309787E-1,
3.679167E0,1.003000E3,4.473667E-1,-4.204217E-1,
3.683333E0,1.004000E3,4.384899E-1,-4.141783E-1,
3.687500E0,1.005000E3,4.381984E-1,-4.133356E-1,
3.691667E0,1.006000E3,4.203929E-1,-4.081978E-1,
3.695833E0,1.007000E3,4.008854E-1,-4.006369E-1,
3.700000E0,1.008000E3,4.068104E-1,-4.125335E-1,
3.704167E0,1.009000E3,3.919881E-1,-3.889150E-1,
3.708333E0,1.010000E3,3.706707E-1,-3.856377E-1,
3.712500E0,1.011000E3,3.446480E-1,-3.746762E-1,
3.716667E0,1.012000E3,3.136954E-1,-3.607092E-1,
3.720833E0,1.013000E3,3.038997E-1,-3.530845E-1,
3.725000E0,1.014000E3,2.488598E-1,-3.426441E-1,
3.729167E0,1.015000E3,2.357639E-1,-3.169482E-1,
3.733333E0,1.016000E3,1.991250E-1,-3.165411E-1,
3.737500E0,1.017000E3,1.607978E-1,-3.035501E-1,
3.741667E0,1.018000E3,1.231864E-1,-2.960759E-1,
3.745833E0,1.019000E3,8.995764E-2,-2.578947E-1,
3.750000E0,1.020000E3,4.970712E-2,-2.544518E-1,
3.754167E0,1.021000E3,2.234812E-2,-2.279852E-1,
3.758333E0,1.022000E3,-8.982838E-3,-2.166004E-1,
3.762500E0,1.023000E3,-3.983829E-2,-2.051873E-1,
3.766667E0,1.024000E3,-6.317314E-2,-2.067359E-1,
3.770833E0,1.025000E3,-8.363937E-2,-1.891631E-1,
3.775000E0,1.026000E3,-9.208978E-2,-1.757454E-1,
3.779167E0,1.027000E3,-1.211102E-1,-1.817636E-1,
3.783333E0,1.028000E3,-1.280354E-1,-1.788207E-1,
3.787500E0,1.029000E3,-1.282930E-1,-1.683215E-1,
3.791667E0,1.030000E3,-1.506653E-1,-1.705592E-1,
3.795833E0,1.031000E3,-1.532439E-1,-1.638539E-1,
3.800000E0,1.032000E3,-1.654833E-1,-1.568183E-1,
3.804167E0,1.033000E3,-1.863712E-1,-1.518045E-1,
3.808333E0,1.034000E3,-1.899286E-1,-1.428415E-1,
3.812500E0,1.035000E3,-2.023227E-1,-1.415027E-1,
3.816667E0,1.036000E3,-2.287101E-1,-1.318351E-1,
3.820833E0,1.037000E3,-2.448567E-1,-1.160320E-1,
3.825000E0,1.038000E3,-2.736992E-1,-9.528291E-2,
3.829167E0,1.039000E3,-3.039546E-1,-8.507809E-2,
3.833333E0,1.040000E3,-3.475925E-1,-8.563186E-2,
3.837500E0,1.041000E3,-3.682571E-1,-5.334640E-2,
3.841667E0,1.042000E3,-4.053487E-1,-3.961352E-2,
3.845833E0,1.043000E3,-4.394593E-1,-2.337101E-2,
3.850000E0,1.044000E3,-4.764480E-1,-6.182344E-3,
3.854167E0,1.045000E3,-5.207741E-1,8.542816E-3,
3.858333E0,1.046000E3,-5.511209E-1,2.561382E-2,
3.862500E0,1.047000E3,-5.849982E-1,4.657298E-2,
3.866667E0,1.048000E3,-6.024435E-1,6.453665E-2,
3.870833E0,1.049000E3,-6.317312E-1,6.706210E-2,
3.875000E0,1.050000E3,-6.388497E-1,8.098732E-2,
3.879167E0,1.051000E3,-6.577107E-1,1.003688E-1,
3.883333E0,1.052000E3,-6.845088E-1,9.255805E-2,
3.887500E0,1.053000E3,-6.853517E-1,1.048674E-1,
3.891667E0,1.054000E3,-7.026456E-1,1.126886E-1,
3.895833E0,1.055000E3,-7.206428E-1,1.112978E-1,
3.900000E0,1.056000E3,-7.146419E-1,1.168052E-1,
3.904167E0,1.057000E3,-7.356408E-1,1.323203E-1,
3.908333E0,1.058000E3,-7.416545E-1,1.319215E-1,
3.912500E0,1.059000E3,-7.486352E-1,1.262537E-1,
3.916667E0,1.060000E3,-7.650143E-1,1.593353E-1,
3.920833E0,1.061000E3,-7.716944E-1,1.521069E-1,
3.925000E0,1.062000E3,-8.074416E-1,1.618998E-1,
3.929167E0,1.063000E3,-8.372827E-1,1.692858E-1,
3.933333E0,1.064000E3,-8.708961E-1,1.886276E-1,
3.937500E0,1.065000E3,-9.106771E-1,2.023577E-1,
3.941667E0,1.066000E3,-9.356444E-1,2.131690E-1,
3.945833E0,1.067000E3,-9.690111E-1,2.289216E-1,
3.950000E0,1.068000E3,-9.934035E-1,2.457868E-1,
3.954167E0,1.069000E3,-1.043092E0,2.562859E-1,
3.958333E0,1.070000E3,-1.086064E0,2.833860E-1,
3.962500E0,1.071000E3,-1.107984E0,2.904317E-1,
3.966667E0,1.072000E3,-1.139918E0,2.985228E-1,
3.970833E0,1.073000E3,-1.164296E0,3.081357E-1,
3.975000E0,1.074000E3,-1.192578E0,3.354706E-1,
3.979167E0,1.075000E3,-1.219390E0,3.344765E-1,
3.983333E0,1.076000E3,-1.241642E0,3.543124E-1,
3.987500E0,1.077000E3,-1.249440E0,3.637866E-1,
3.991667E0,1.078000E3,-1.260998E0,3.681501E-1,
3.995833E0,1.079000E3,-1.269062E0,3.837512E-1,
4.000000E0,1.080000E3,-1.271361E0,3.767202E-1,
4.004167E0,1.081000E3,-1.290058E0,3.842575E-1,
4.008333E0,1.082000E3,-1.301733E0,3.912793E-1,
4.012500E0,1.083000E3,-1.324789E0,4.015185E-1,
4.016667E0,1.084000E3,-1.316452E0,3.909278E-1,
4.020833E0,1.085000E3,-1.343495E0,4.219167E-1,
4.025000E0,1.086000E3,-1.355985E0,4.151773E-1,
4.029167E0,1.087000E3,-1.380521E0,4.387531E-1,
4.033333E0,1.088000E3,-1.398338E0,4.368261E-1,
4.037500E0,1.089000E3,-1.428427E0,4.535458E-1,
4.041667E0,1.090000E3,-1.459059E0,4.744154E-1,
4.045833E0,1.091000E3,-1.495300E0,4.859246E-1,
4.050000E0,1.092000E3,-1.520830E0,5.066546E-1,
4.054167E0,1.093000E3,-1.568956E0,5.193654E-1,
4.058333E0,1.094000E3,-1.600492E0,5.500960E-1,
4.062500E0,1.095000E3,-1.625440E0,5.501778E-1,
4.066667E0,1.096000E3,-1.673297E0,5.738108E-1,
4.070833E0,1.097000E3,-1.684819E0,5.946518E-1,
4.075000E0,1.098000E3,-1.728567E0,6.036409E-1,
4.079167E0,1.099000E3,-1.743516E0,6.031748E-1,
4.083333E0,1.100000E3,-1.762863E0,6.324027E-1,
4.087500E0,1.101000E3,-1.793542E0,6.270556E-1,
4.091667E0,1.102000E3,-1.806279E0,6.375199E-1,
4.095833E0,1.103000E3,-1.812832E0,6.586511E-1,
4.100000E0,1.104000E3,-1.828868E0,6.639365E-1,
4.104167E0,1.105000E3,-1.826268E0,6.586669E-1,
4.108333E0,1.106000E3,-1.845499E0,6.724690E-1,
4.112500E0,1.107000E3,-1.861309E0,6.595144E-1,
4.116667E0,1.108000E3,-1.863188E0,6.745099E-1,
4.120833E0,1.109000E3,-1.881472E0,6.754429E-1,
4.125000E0,1.110000E3,-1.885119E0,6.785764E-1,
4.129167E0,1.111000E3,-1.922600E0,6.821873E-1,
4.133333E0,1.112000E3,-1.923395E0,7.136858E-1,
4.137500E0,1.113000E3,-1.944269E0,7.185467E-1,
4.141667E0,1.114000E3,-1.973211E0,7.395441E-1,
4.145833E0,1.115000E3,-2.011920E0,7.539241E-1,
4.150000E0,1.116000E3,-2.056344E0,7.680185E-1,
4.154167E0,1.117000E3,-2.082161E0,7.877859E-1,
4.158333E0,1.118000E3,-2.110954E0,7.991182E-1,
4.162500E0,1.119000E3,-2.135860E0,8.279011E-1,
4.166667E0,1.120000E3,-2.177016E0,8.570179E-1,
4.170833E0,1.121000E3,-2.214388E0,8.793596E-1,
4.175000E0,1.122000E3,-2.239546E0,8.831967E-1,
4.179167E0,1.123000E3,-2.261096E0,9.148936E-1,
4.183333E0,1.124000E3,-2.297411E0,9.131199E-1,
4.187500E0,1.125000E3,-2.316598E0,9.346881E-1,
4.191667E0,1.126000E3,-2.334808E0,9.451840E-1,
4.195833E0,1.127000E3,-2.349513E0,9.590735E-1,
4.200000E0,1.128000E3,-2.360267E0,9.566363E-1,
4.204167E0,1.129000E3,-2.369375E0,9.726757E-1,
4.208333E0,1.130000E3,-2.395877E0,9.705977E-1,
4.212500E0,1.131000E3,-2.391811E0,9.703303E-1,
4.216667E0,1.132000E3,-2.404504E0,9.793186E-1,
4.220833E0,1.133000E3,-2.418945E0,9.885644E-1,
4.225000E0,1.134000E3,-2.423102E0,1.000835E0,
4.229167E0,1.135000E3,-2.437534E0,1.006822E0,
4.233333E0,1.136000E3,-2.455442E0,1.007502E0,
4.237500E0,1.137000E3,-2.469863E0,1.025216E0,
4.241667E0,1.138000E3,-2.497095E0,1.039439E0,
4.245833E0,1.139000E3,-2.519108E0,1.054028E0,
4.250000E0,1.140000E3,-2.548705E0,1.066396E0,
4.254167E0,1.141000E3,-2.580063E0,1.078874E0,
4.258333E0,1.142000E3,-2.613390E0,1.096173E0,
4.262500E0,1.143000E3,-2.649645E0,1.122652E0,
4.266667E0,1.144000E3,-2.674389E0,1.144749E0,
4.270833E0,1.145000E3,-2.712420E0,1.155928E0,
4.275000E0,1.146000E3,-2.747222E0,1.177383E0,
4.279167E0,1.147000E3,-2.775472E0,1.207884E0,
4.283333E0,1.148000E3,-2.812457E0,1.224330E0,
4.287500E0,1.149000E3,-2.825252E0,1.237844E0,
4.291667E0,1.150000E3,-2.866153E0,1.250707E0,
4.295833E0,1.151000E3,-2.877353E0,1.260788E0,
4.300000E0,1.152000E3,-2.901580E0,1.269085E0,
4.304167E0,1.153000E3,-2.908111E0,1.289267E0,
4.308333E0,1.154000E3,-2.913502E0,1.285243E0,
4.312500E0,1.155000E3,-2.924547E0,1.309325E0,
4.316667E0,1.156000E3,-2.920944E0,1.313746E0,
4.320833E0,1.157000E3,-2.939701E0,1.303573E0,
4.325000E0,1.158000E3,-2.947142E0,1.304553E0,
4.329167E0,1.159000E3,-2.960317E0,1.323397E0,
4.333333E0,1.160000E3,-2.977893E0,1.324267E0,
4.337500E0,1.161000E3,-2.981416E0,1.337702E0,
4.341667E0,1.162000E3,-2.995396E0,1.353976E0,
4.345833E0,1.163000E3,-3.032219E0,1.356358E0,
4.350000E0,1.164000E3,-3.060986E0,1.380908E0,
4.354167E0,1.165000E3,-3.086797E0,1.404285E0,
4.358333E0,1.166000E3,-3.107673E0,1.423123E0,
4.362500E0,1.167000E3,-3.135024E0,1.442440E0,
4.366667E0,1.168000E3,-3.165341E0,1.455898E0,
4.370833E0,1.169000E3,-3.216482E0,1.476847E0,
4.375000E0,1.170000E3,-3.245213E0,1.498619E0,
4.379167E0,1.171000E3,-3.267061E0,1.524614E0,
4.383333E0,1.172000E3,-3.295449E0,1.549562E0,
4.387500E0,1.173000E3,-3.327859E0,1.565456E0,
4.391667E0,1.174000E3,-3.353659E0,1.577105E0,
4.395833E0,1.175000E3,-3.369450E0,1.594024E0,
4.400000E0,1.176000E3,-3.395506E0,1.611822E0,
4.404167E0,1.177000E3,-3.417971E0,1.628964E0,
4.408333E0,1.178000E3,-3.412575E0,1.643088E0,
4.412500E0,1.179000E3,-3.426329E0,1.647655E0,
4.416667E0,1.180000E3,-3.443348E0,1.659762E0,
4.420833E0,1.181000E3,-3.450321E0,1.660865E0,
4.425000E0,1.182000E3,-3.462508E0,1.669255E0,
4.429167E0,1.183000E3,-3.455768E0,1.677048E0,
4.433333E0,1.184000E3,-3.471669E0,1.680671E0,
4.437500E0,1.185000E3,-3.479279E0,1.695786E0,
4.441667E0,1.186000E3,-3.499467E0,1.709852E0,
4.445833E0,1.187000E3,-3.519771E0,1.717412E0,
4.450000E0,1.188000E3,-3.517720E0,1.727511E0,
4.454167E0,1.189000E3,-3.549269E0,1.748481E0,
4.458333E0,1.190000E3,-3.568783E0,1.774158E0,
4.462500E0,1.191000E3,-3.593100E0,1.790407E0,
4.466667E0,1.192000E3,-3.618365E0,1.811413E0,
4.470833E0,1.193000E3,-3.656776E0,1.834057E0,
4.475000E0,1.194000E3,-3.699769E0,1.861936E0,
4.479167E0,1.195000E3,-3.718778E0,1.886819E0,
4.483333E0,1.196000E3,-3.755388E0,1.902830E0,
4.487500E0,1.197000E3,-3.781352E0,1.941616E0,
4.491667E0,1.198000E3,-3.799034E0,1.954641E0,
4.495833E0,1.199000E3,-3.827330E0,1.989275E0,
4.500000E0,1.200000E3,-3.852140E0,1.983773E0,
