,mass C2,,,
t,frame,x,y,
4.750000E0,1.260000E3,-4.841329E0,2.992813E0,
4.754167E0,1.261000E3,-4.854354E0,2.994923E0,
4.758333E0,1.262000E3,-4.866767E0,3.014982E0,
4.762500E0,1.263000E3,-4.870096E0,3.037906E0,
4.766667E0,1.264000E3,-4.886525E0,3.057590E0,
4.770833E0,1.265000E3,-4.911253E0,3.075392E0,
4.775000E0,1.266000E3,-4.924267E0,3.107644E0,
4.779167E0,1.267000E3,-4.946943E0,3.136866E0,
4.783333E0,1.268000E3,-4.967675E0,3.147035E0,
4.787500E0,1.269000E3,-4.981105E0,3.187986E0,
4.791667E0,1.270000E3,-5.019832E0,3.223383E0,
4.795833E0,1.271000E3,-5.032060E0,3.257041E0,
4.800000E0,1.272000E3,-5.057305E0,3.284148E0,
4.804167E0,1.273000E3,-5.084590E0,3.320284E0,
4.808333E0,1.274000E3,-5.098918E0,3.339713E0,
4.812500E0,1.275000E3,-5.118575E0,3.374980E0,
4.816667E0,1.276000E3,-5.137927E0,3.387438E0,
4.820833E0,1.277000E3,-5.160411E0,3.405396E0,
4.825000E0,1.278000E3,-5.168426E0,3.439229E0,
4.829167E0,1.279000E3,-5.175283E0,3.446879E0,
4.833333E0,1.280000E3,-5.178947E0,3.457554E0,
4.837500E0,1.281000E3,-5.183413E0,3.459133E0,
4.841667E0,1.282000E3,-5.180424E0,3.482689E0,
4.845833E0,1.283000E3,-5.193726E0,3.483020E0,
4.850000E0,1.284000E3,-5.189010E0,3.497956E0,
4.854167E0,1.285000E3,-5.198861E0,3.501025E0,
4.858333E0,1.286000E3,-5.207820E0,3.511610E0,
4.862500E0,1.287000E3,-5.224675E0,3.522456E0,
4.866667E0,1.288000E3,-5.235364E0,3.539388E0,
4.870833E0,1.289000E3,-5.245785E0,3.561501E0,
4.875000E0,1.290000E3,-5.268637E0,3.583087E0,
4.879167E0,1.291000E3,-5.285203E0,3.606988E0,
4.883333E0,1.292000E3,-5.316302E0,3.631004E0,
4.887500E0,1.293000E3,-5.325934E0,3.663600E0,
4.891667E0,1.294000E3,-5.351463E0,3.695839E0,
4.895833E0,1.295000E3,-5.379695E0,3.721037E0,
4.900000E0,1.296000E3,-5.392204E0,3.759476E0,
4.904167E0,1.297000E3,-5.414834E0,3.795749E0,
4.908333E0,1.298000E3,-5.445724E0,3.801794E0,
4.912500E0,1.299000E3,-5.475927E0,3.848670E0,
4.916667E0,1.300000E3,-5.491855E0,3.858710E0,
4.920833E0,1.301000E3,-5.513189E0,3.894650E0,
4.925000E0,1.302000E3,-5.526728E0,3.906569E0,
4.929167E0,1.303000E3,-5.548867E0,3.927535E0,
4.933333E0,1.304000E3,-5.555510E0,3.930861E0,
4.937500E0,1.305000E3,-5.564779E0,3.944784E0,
4.941667E0,1.306000E3,-5.574164E0,3.945229E0,
4.945833E0,1.307000E3,-5.581574E0,3.962268E0,
4.950000E0,1.308000E3,-5.590364E0,3.972824E0,
4.954167E0,1.309000E3,-5.599640E0,3.983731E0,
4.958333E0,1.310000E3,-5.610421E0,3.983850E0,
4.962500E0,1.311000E3,-5.624821E0,4.000659E0,
4.966667E0,1.312000E3,-5.633861E0,4.007743E0,
4.970833E0,1.313000E3,-5.637547E0,4.030291E0,
4.975000E0,1.314000E3,-5.649653E0,4.049880E0,
4.979167E0,1.315000E3,-5.655058E0,4.062929E0,
4.983333E0,1.316000E3,-5.677440E0,4.086676E0,
4.987500E0,1.317000E3,-5.705587E0,4.115813E0,
4.991667E0,1.318000E3,-5.725678E0,4.131727E0,
4.995833E0,1.319000E3,-5.750374E0,4.168160E0,
5.000000E0,1.320000E3,-5.774991E0,4.206620E0,
5.004167E0,1.321000E3,-5.783103E0,4.234054E0,
5.008333E0,1.322000E3,-5.823448E0,4.275222E0,
5.012500E0,1.323000E3,-5.839651E0,4.289366E0,
5.016667E0,1.324000E3,-5.865584E0,4.332020E0,
5.020833E0,1.325000E3,-5.891374E0,4.348993E0,
5.025000E0,1.326000E3,-5.904066E0,4.368763E0,
5.029167E0,1.327000E3,-5.928967E0,4.398551E0,
5.033333E0,1.328000E3,-5.934712E0,4.409780E0,
5.037500E0,1.329000E3,-5.940324E0,4.421039E0,
5.041667E0,1.330000E3,-5.961483E0,4.443967E0,
5.045833E0,1.331000E3,-5.957146E0,4.445329E0,
5.050000E0,1.332000E3,-5.974422E0,4.454164E0,
5.054167E0,1.333000E3,-5.979379E0,4.470679E0,
5.058333E0,1.334000E3,-5.982553E0,4.472573E0,
5.062500E0,1.335000E3,-5.981082E0,4.483729E0,
5.066667E0,1.336000E3,-6.000803E0,4.508496E0,
5.070833E0,1.337000E3,-6.001775E0,4.511788E0,
5.075000E0,1.338000E3,-6.020936E0,4.522201E0,
5.079167E0,1.339000E3,-6.023007E0,4.524813E0,
5.083333E0,1.340000E3,-6.029584E0,4.559232E0,
5.087500E0,1.341000E3,-6.070475E0,4.582313E0,
5.091667E0,1.342000E3,-6.080204E0,4.612153E0,
5.095833E0,1.343000E3,-6.102768E0,4.634470E0,
5.100000E0,1.344000E3,-6.123533E0,4.679480E0,
5.104167E0,1.345000E3,-6.153165E0,4.701818E0,
5.108333E0,1.346000E3,-6.164583E0,4.733679E0,
5.112500E0,1.347000E3,-6.192187E0,4.778056E0,
5.116667E0,1.348000E3,-6.213670E0,4.801995E0,
5.120833E0,1.349000E3,-6.229438E0,4.829734E0,
5.125000E0,1.350000E3,-6.253374E0,4.853497E0,
5.129167E0,1.351000E3,-6.272727E0,4.883306E0,
5.133333E0,1.352000E3,-6.273638E0,4.901773E0,
5.137500E0,1.353000E3,-6.297287E0,4.916891E0,
5.141667E0,1.354000E3,-6.311588E0,4.943213E0,
5.145833E0,1.355000E3,-6.320346E0,4.954211E0,
5.150000E0,1.356000E3,-6.328520E0,4.966359E0,
5.154167E0,1.357000E3,-6.336750E0,4.974215E0,
5.158333E0,1.358000E3,-6.338793E0,4.979948E0,
5.162500E0,1.359000E3,-6.353292E0,4.983414E0,
5.166667E0,1.360000E3,-6.346207E0,4.998020E0,
5.170833E0,1.361000E3,-6.360769E0,5.003962E0,
5.175000E0,1.362000E3,-6.363009E0,5.025625E0,
5.179167E0,1.363000E3,-6.381952E0,5.042587E0,
5.183333E0,1.364000E3,-6.382211E0,5.038074E0,
5.187500E0,1.365000E3,-6.404594E0,5.066762E0,
5.191667E0,1.366000E3,-6.424760E0,5.085689E0,
5.195833E0,1.367000E3,-6.436215E0,5.113490E0,
5.200000E0,1.368000E3,-6.467962E0,5.148302E0,
5.204167E0,1.369000E3,-6.488300E0,5.170865E0,
5.208333E0,1.370000E3,-6.520470E0,5.183568E0,
5.212500E0,1.371000E3,-6.528524E0,5.231279E0,
5.216667E0,1.372000E3,-6.572078E0,5.251204E0,
5.220833E0,1.373000E3,-6.601398E0,5.285002E0,
5.225000E0,1.374000E3,-6.621841E0,5.306847E0,
5.229167E0,1.375000E3,-6.640583E0,5.332361E0,
5.233333E0,1.376000E3,-6.672702E0,5.356525E0,
5.237500E0,1.377000E3,-6.679925E0,5.382723E0,
5.241667E0,1.378000E3,-6.703856E0,5.410117E0,
5.245833E0,1.379000E3,-6.718651E0,5.414474E0,
5.250000E0,1.380000E3,-6.731668E0,5.427379E0,
5.254167E0,1.381000E3,-6.727395E0,5.434113E0,
5.258333E0,1.382000E3,-6.751622E0,5.447912E0,
5.262500E0,1.383000E3,-6.755566E0,5.458275E0,
5.266667E0,1.384000E3,-6.762057E0,5.461355E0,
5.270833E0,1.385000E3,-6.766007E0,5.476299E0,
5.275000E0,1.386000E3,-6.771738E0,5.477057E0,
5.279167E0,1.387000E3,-6.786640E0,5.489931E0,
5.283333E0,1.388000E3,-6.798156E0,5.511590E0,
5.287500E0,1.389000E3,-6.822273E0,5.529604E0,
5.291667E0,1.390000E3,-6.817974E0,5.545751E0,
5.295833E0,1.391000E3,-6.842119E0,5.546824E0,
5.300000E0,1.392000E3,-6.860043E0,5.569727E0,
5.304167E0,1.393000E3,-6.886899E0,5.589946E0,
5.308333E0,1.394000E3,-6.924486E0,5.617479E0,
5.312500E0,1.395000E3,-6.935510E0,5.649763E0,
5.316667E0,1.396000E3,-6.959176E0,5.686360E0,
5.320833E0,1.397000E3,-7.005957E0,5.715814E0,
5.325000E0,1.398000E3,-7.018346E0,5.731713E0,
5.329167E0,1.399000E3,-7.056329E0,5.760256E0,
5.333333E0,1.400000E3,-7.080931E0,5.791984E0,
5.337500E0,1.401000E3,-7.109193E0,5.815383E0,
5.341667E0,1.402000E3,-7.128432E0,5.829956E0,
5.345833E0,1.403000E3,-7.141502E0,5.841083E0,
5.350000E0,1.404000E3,-7.154716E0,5.861332E0,
5.354167E0,1.405000E3,-7.168732E0,5.882295E0,
5.358333E0,1.406000E3,-7.180343E0,5.891279E0,
5.362500E0,1.407000E3,-7.196367E0,5.887756E0,
5.366667E0,1.408000E3,-7.199929E0,5.887081E0,
5.370833E0,1.409000E3,-7.207067E0,5.897556E0,
5.375000E0,1.410000E3,-7.213134E0,5.896654E0,
5.379167E0,1.411000E3,-7.225067E0,5.913445E0,
5.383333E0,1.412000E3,-7.229265E0,5.918766E0,
5.387500E0,1.413000E3,-7.251033E0,5.927534E0,
5.391667E0,1.414000E3,-7.279531E0,5.944417E0,
5.395833E0,1.415000E3,-7.279682E0,5.952262E0,
5.400000E0,1.416000E3,-7.301746E0,5.976417E0,
5.404167E0,1.417000E3,-7.322818E0,5.987049E0,
5.408333E0,1.418000E3,-7.361382E0,6.008743E0,
5.412500E0,1.419000E3,-7.377899E0,6.035362E0,
5.416667E0,1.420000E3,-7.411794E0,6.044050E0,
5.420833E0,1.421000E3,-7.450956E0,6.087967E0,
5.425000E0,1.422000E3,-7.483967E0,6.099813E0,
5.429167E0,1.423000E3,-7.502144E0,6.119622E0,
5.433333E0,1.424000E3,-7.524991E0,6.151112E0,
5.437500E0,1.425000E3,-7.562685E0,6.182595E0,
5.441667E0,1.426000E3,-7.598296E0,6.188056E0,
5.445833E0,1.427000E3,-7.614568E0,6.213831E0,
5.450000E0,1.428000E3,-7.643237E0,6.233665E0,
5.454167E0,1.429000E3,-7.657133E0,6.248375E0,
5.458333E0,1.430000E3,-7.668316E0,6.254231E0,
5.462500E0,1.431000E3,-7.684239E0,6.254983E0,
5.466667E0,1.432000E3,-7.686055E0,6.267505E0,
5.470833E0,1.433000E3,-7.711396E0,6.286010E0,
5.475000E0,1.434000E3,-7.708615E0,6.276438E0,
5.479167E0,1.435000E3,-7.710663E0,6.297693E0,
5.483333E0,1.436000E3,-7.724347E0,6.299085E0,
5.487500E0,1.437000E3,-7.728655E0,6.308261E0,
5.491667E0,1.438000E3,-7.747913E0,6.316473E0,
5.495833E0,1.439000E3,-7.754506E0,6.322305E0,
5.500000E0,1.440000E3,-7.780834E0,6.356419E0,
5.504167E0,1.441000E3,-7.791527E0,6.352141E0,
5.508333E0,1.442000E3,-7.813647E0,6.378770E0,
5.512500E0,1.443000E3,-7.832238E0,6.393173E0,
5.516667E0,1.444000E3,-7.865379E0,6.427621E0,
5.520833E0,1.445000E3,-7.888637E0,6.454440E0,
5.525000E0,1.446000E3,-7.937780E0,6.462279E0,
5.529167E0,1.447000E3,-7.950229E0,6.507154E0,
5.533333E0,1.448000E3,-7.972839E0,6.530918E0,
5.537500E0,1.449000E3,-7.998300E0,6.562369E0,
5.541667E0,1.450000E3,-8.029992E0,6.582531E0,
5.545833E0,1.451000E3,-8.057559E0,6.599522E0,
5.550000E0,1.452000E3,-8.069320E0,6.626290E0,
5.554167E0,1.453000E3,-8.101521E0,6.639980E0,
5.558333E0,1.454000E3,-8.121437E0,6.663270E0,
5.562500E0,1.455000E3,-8.134383E0,6.679474E0,
5.566667E0,1.456000E3,-8.149692E0,6.690175E0,
5.570833E0,1.457000E3,-8.166615E0,6.688420E0,
5.575000E0,1.458000E3,-8.179904E0,6.690672E0,
5.579167E0,1.459000E3,-8.184432E0,6.702195E0,
5.583333E0,1.460000E3,-8.184119E0,6.716553E0,
5.587500E0,1.461000E3,-8.190419E0,6.717654E0,
5.591667E0,1.462000E3,-8.199947E0,6.730746E0,
5.595833E0,1.463000E3,-8.216771E0,6.732361E0,
5.600000E0,1.464000E3,-8.229190E0,6.744207E0,
5.604167E0,1.465000E3,-8.236658E0,6.759321E0,
5.608333E0,1.466000E3,-8.264170E0,6.778400E0,
5.612500E0,1.467000E3,-8.283604E0,6.816396E0,
5.616667E0,1.468000E3,-8.296105E0,6.821314E0,
5.620833E0,1.469000E3,-8.330747E0,6.832211E0,
5.625000E0,1.470000E3,-8.363330E0,6.859189E0,
5.629167E0,1.471000E3,-8.393660E0,6.878708E0,
5.633333E0,1.472000E3,-8.412811E0,6.913498E0,
5.637500E0,1.473000E3,-8.451168E0,6.936528E0,
5.641667E0,1.474000E3,-8.480544E0,6.955835E0,
5.645833E0,1.475000E3,-8.510655E0,6.980359E0,
5.650000E0,1.476000E3,-8.552743E0,6.996414E0,
5.654167E0,1.477000E3,-8.573010E0,7.013217E0,
5.658333E0,1.478000E3,-8.589806E0,7.038897E0,
5.662500E0,1.479000E3,-8.611873E0,7.045370E0,
5.666667E0,1.480000E3,-8.626587E0,7.052667E0,
5.670833E0,1.481000E3,-8.648787E0,7.060071E0,
5.675000E0,1.482000E3,-8.660559E0,7.070045E0,
5.679167E0,1.483000E3,-8.662861E0,7.076137E0,
5.683333E0,1.484000E3,-8.664455E0,7.092360E0,
5.687500E0,1.485000E3,-8.688753E0,7.088284E0,
5.691667E0,1.486000E3,-8.691758E0,7.099766E0,
5.695833E0,1.487000E3,-8.706494E0,7.105308E0,
5.700000E0,1.488000E3,-8.721842E0,7.115351E0,
5.704167E0,1.489000E3,-8.726445E0,7.114160E0,
5.708333E0,1.490000E3,-8.743939E0,7.127330E0,
5.712500E0,1.491000E3,-8.776949E0,7.148277E0,
5.716667E0,1.492000E3,-8.788466E0,7.161674E0,
5.720833E0,1.493000E3,-8.814951E0,7.169175E0,
5.725000E0,1.494000E3,-8.848798E0,7.200047E0,
5.729167E0,1.495000E3,-8.876136E0,7.211343E0,
5.733333E0,1.496000E3,-8.893473E0,7.229076E0,
5.737500E0,1.497000E3,-8.951901E0,7.250895E0,
5.741667E0,1.498000E3,-8.981597E0,7.263349E0,
5.745833E0,1.499000E3,-9.001023E0,7.290598E0,
5.750000E0,1.500000E3,-9.038600E0,7.308843E0,
5.754167E0,1.501000E3,-9.067358E0,7.341691E0,
5.758333E0,1.502000E3,-9.097690E0,7.341664E0,
5.762500E0,1.503000E3,-9.122722E0,7.359171E0,
5.766667E0,1.504000E3,-9.148623E0,7.361848E0,
5.770833E0,1.505000E3,-9.157081E0,7.373810E0,
5.775000E0,1.506000E3,-9.192069E0,7.390153E0,
5.779167E0,1.507000E3,-9.191707E0,7.410206E0,
5.783333E0,1.508000E3,-9.217605E0,7.401637E0,
5.787500E0,1.509000E3,-9.228646E0,7.413549E0,
5.791667E0,1.510000E3,-9.225270E0,7.414442E0,
5.795833E0,1.511000E3,-9.223097E0,7.422104E0,
5.800000E0,1.512000E3,-9.239294E0,7.431000E0,
5.804167E0,1.513000E3,-9.253931E0,7.429340E0,
5.808333E0,1.514000E3,-9.256742E0,7.439797E0,
5.812500E0,1.515000E3,-9.283902E0,7.446165E0,
5.816667E0,1.516000E3,-9.306954E0,7.446527E0,
5.820833E0,1.517000E3,-9.321025E0,7.473775E0,
5.825000E0,1.518000E3,-9.358882E0,7.486272E0,
5.829167E0,1.519000E3,-9.365786E0,7.501769E0,
5.833333E0,1.520000E3,-9.407945E0,7.524932E0,
5.837500E0,1.521000E3,-9.443175E0,7.537003E0,
5.841667E0,1.522000E3,-9.479684E0,7.568933E0,
5.845833E0,1.523000E3,-9.506124E0,7.579780E0,
5.850000E0,1.524000E3,-9.533732E0,7.596039E0,
5.854167E0,1.525000E3,-9.582074E0,7.623181E0,
5.858333E0,1.526000E3,-9.608257E0,7.651430E0,
5.862500E0,1.527000E3,-9.636955E0,7.652619E0,
5.866667E0,1.528000E3,-9.670005E0,7.672419E0,
5.870833E0,1.529000E3,-9.680146E0,7.674764E0,
5.875000E0,1.530000E3,-9.705406E0,7.703483E0,
5.879167E0,1.531000E3,-9.727437E0,7.698155E0,
5.883333E0,1.532000E3,-9.733729E0,7.705404E0,
5.887500E0,1.533000E3,-9.755887E0,7.716972E0,
5.891667E0,1.534000E3,-9.758529E0,7.718427E0,
5.895833E0,1.535000E3,-9.768489E0,7.727080E0,
5.900000E0,1.536000E3,-9.783994E0,7.725854E0,
5.904167E0,1.537000E3,-9.791429E0,7.734751E0,
5.908333E0,1.538000E3,-9.797201E0,7.744948E0,
5.912500E0,1.539000E3,-9.822831E0,7.756851E0,
5.916667E0,1.540000E3,-9.826899E0,7.753848E0,
5.920833E0,1.541000E3,-9.842845E0,7.760877E0,
5.925000E0,1.542000E3,-9.866074E0,7.778796E0,
5.929167E0,1.543000E3,-9.891582E0,7.796553E0,
5.933333E0,1.544000E3,-9.927592E0,7.809951E0,
5.937500E0,1.545000E3,-9.951173E0,7.830431E0,
5.941667E0,1.546000E3,-9.981965E0,7.845101E0,
5.945833E0,1.547000E3,-1.001080E1,7.870167E0,
5.950000E0,1.548000E3,-1.004750E1,7.896859E0,
5.954167E0,1.549000E3,-1.007672E1,7.903910E0,
5.958333E0,1.550000E3,-1.011551E1,7.929528E0,
5.962500E0,1.551000E3,-1.014479E1,7.950698E0,
5.966667E0,1.552000E3,-1.017139E1,7.966314E0,
5.970833E0,1.553000E3,-1.020169E1,7.982216E0,
5.975000E0,1.554000E3,-1.021595E1,7.986992E0,
5.979167E0,1.555000E3,-1.025408E1,8.011329E0,
5.983333E0,1.556000E3,-1.026847E1,8.026933E0,
5.987500E0,1.557000E3,-1.026744E1,8.037418E0,
5.991667E0,1.558000E3,-1.029492E1,8.054854E0,
5.995833E0,1.559000E3,-1.029871E1,8.043962E0,
6.000000E0,1.560000E3,-1.030661E1,8.047988E0,
6.004167E0,1.561000E3,-1.030869E1,8.064812E0,
6.008333E0,1.562000E3,-1.032342E1,8.068461E0,
6.012500E0,1.563000E3,-1.033263E1,8.081503E0,
6.016667E0,1.564000E3,-1.032568E1,8.082489E0,
6.020833E0,1.565000E3,-1.035366E1,8.091015E0,
6.025000E0,1.566000E3,-1.036751E1,8.108461E0,
6.029167E0,1.567000E3,-1.038260E1,8.120396E0,
6.033333E0,1.568000E3,-1.040797E1,8.145193E0,
6.037500E0,1.569000E3,-1.043768E1,8.153726E0,
6.041667E0,1.570000E3,-1.046931E1,8.174964E0,
6.045833E0,1.571000E3,-1.049666E1,8.196891E0,
6.050000E0,1.572000E3,-1.052175E1,8.215407E0,
6.054167E0,1.573000E3,-1.055332E1,8.235385E0,
6.058333E0,1.574000E3,-1.058216E1,8.270181E0,
6.062500E0,1.575000E3,-1.061259E1,8.295309E0,
6.066667E0,1.576000E3,-1.063310E1,8.313904E0,
6.070833E0,1.577000E3,-1.066445E1,8.341184E0,
6.075000E0,1.578000E3,-1.069607E1,8.356050E0,
6.079167E0,1.579000E3,-1.071724E1,8.380859E0,
6.083333E0,1.580000E3,-1.073676E1,8.392836E0,
6.087500E0,1.581000E3,-1.075412E1,8.403329E0,
6.091667E0,1.582000E3,-1.076634E1,8.425909E0,
6.095833E0,1.583000E3,-1.077648E1,8.440343E0,
6.100000E0,1.584000E3,-1.079029E1,8.441318E0,
6.104167E0,1.585000E3,-1.080063E1,8.451718E0,
6.108333E0,1.586000E3,-1.080597E1,8.466895E0,
6.112500E0,1.587000E3,-1.080603E1,8.464967E0,
6.116667E0,1.588000E3,-1.081108E1,8.479775E0,
6.120833E0,1.589000E3,-1.082589E1,8.478386E0,
6.125000E0,1.590000E3,-1.083930E1,8.485973E0,
6.129167E0,1.591000E3,-1.084807E1,8.515741E0,
6.133333E0,1.592000E3,-1.086853E1,8.511470E0,
6.137500E0,1.593000E3,-1.088547E1,8.531347E0,
6.141667E0,1.594000E3,-1.090178E1,8.564753E0,
6.145833E0,1.595000E3,-1.094179E1,8.586524E0,
6.150000E0,1.596000E3,-1.096220E1,8.604537E0,
6.154167E0,1.597000E3,-1.096857E1,8.645982E0,
6.158333E0,1.598000E3,-1.100951E1,8.669402E0,
6.162500E0,1.599000E3,-1.104059E1,8.695003E0,
6.166667E0,1.600000E3,-1.106959E1,8.727614E0,
6.170833E0,1.601000E3,-1.109079E1,8.755095E0,
6.175000E0,1.602000E3,-1.111937E1,8.777581E0,
6.179167E0,1.603000E3,-1.113821E1,8.806561E0,
6.183333E0,1.604000E3,-1.115708E1,8.823013E0,
6.187500E0,1.605000E3,-1.116442E1,8.849193E0,
6.191667E0,1.606000E3,-1.118996E1,8.872403E0,
6.195833E0,1.607000E3,-1.119601E1,8.881363E0,
6.200000E0,1.608000E3,-1.121619E1,8.889454E0,
6.204167E0,1.609000E3,-1.120326E1,8.895899E0,
6.208333E0,1.610000E3,-1.123638E1,8.917007E0,
6.212500E0,1.611000E3,-1.123769E1,8.907439E0,
6.216667E0,1.612000E3,-1.124347E1,8.909209E0,
6.220833E0,1.613000E3,-1.125341E1,8.926673E0,
6.225000E0,1.614000E3,-1.125717E1,8.931186E0,
6.229167E0,1.615000E3,-1.126950E1,8.943914E0,
6.233333E0,1.616000E3,-1.128687E1,8.949684E0,
6.237500E0,1.617000E3,-1.129439E1,8.954819E0,
6.241667E0,1.618000E3,-1.132898E1,8.982411E0,
6.245833E0,1.619000E3,-1.135024E1,9.006114E0,
6.250000E0,1.620000E3,-1.137672E1,9.010753E0,
6.254167E0,1.621000E3,-1.140317E1,9.042843E0,
6.258333E0,1.622000E3,-1.143184E1,9.068355E0,
6.262500E0,1.623000E3,-1.146606E1,9.087830E0,
6.266667E0,1.624000E3,-1.150099E1,9.117300E0,
6.270833E0,1.625000E3,-1.153322E1,9.134768E0,
6.275000E0,1.626000E3,-1.156217E1,9.147277E0,
6.279167E0,1.627000E3,-1.159376E1,9.172948E0,
6.283333E0,1.628000E3,-1.161822E1,9.193865E0,
6.287500E0,1.629000E3,-1.164495E1,9.225613E0,
6.291667E0,1.630000E3,-1.167175E1,9.238656E0,
6.295833E0,1.631000E3,-1.167254E1,9.255848E0,
6.300000E0,1.632000E3,-1.169669E1,9.263716E0,
6.304167E0,1.633000E3,-1.169821E1,9.267983E0,
6.308333E0,1.634000E3,-1.171995E1,9.285272E0,
6.312500E0,1.635000E3,-1.172059E1,9.296244E0,
6.316667E0,1.636000E3,-1.173772E1,9.304490E0,
6.320833E0,1.637000E3,-1.173044E1,9.303414E0,
6.325000E0,1.638000E3,-1.175049E1,9.320457E0,
6.329167E0,1.639000E3,-1.174580E1,9.306068E0,
6.333333E0,1.640000E3,-1.172894E1,9.293902E0,
6.337500E0,1.641000E3,-1.171985E1,9.293105E0,
6.341667E0,1.642000E3,-1.168219E1,9.268617E0,
6.345833E0,1.643000E3,-1.168821E1,9.248931E0,
6.350000E0,1.644000E3,-1.165679E1,9.234453E0,
6.354167E0,1.645000E3,-1.165315E1,9.213440E0,
6.358333E0,1.646000E3,-1.160922E1,9.184555E0,
6.362500E0,1.647000E3,-1.159491E1,9.157554E0,
6.366667E0,1.648000E3,-1.156208E1,9.119736E0,
6.370833E0,1.649000E3,-1.153777E1,9.102519E0,
6.375000E0,1.650000E3,-1.150043E1,9.063537E0,
6.379167E0,1.651000E3,-1.148096E1,9.037021E0,
6.383333E0,1.652000E3,-1.144815E1,9.020254E0,
6.387500E0,1.653000E3,-1.142080E1,8.991306E0,
6.391667E0,1.654000E3,-1.139669E1,8.970084E0,
6.395833E0,1.655000E3,-1.138098E1,8.953485E0,
6.400000E0,1.656000E3,-1.135371E1,8.939555E0,
6.404167E0,1.657000E3,-1.133808E1,8.928398E0,
6.408333E0,1.658000E3,-1.133703E1,8.910868E0,
6.412500E0,1.659000E3,-1.131984E1,8.910974E0,
6.416667E0,1.660000E3,-1.130698E1,8.906566E0,
6.420833E0,1.661000E3,-1.129166E1,8.895437E0,
6.425000E0,1.662000E3,-1.130088E1,8.885771E0,
6.429167E0,1.663000E3,-1.128349E1,8.881647E0,
6.433333E0,1.664000E3,-1.127778E1,8.878412E0,
6.437500E0,1.665000E3,-1.127330E1,8.862357E0,
6.441667E0,1.666000E3,-1.125485E1,8.855746E0,
6.445833E0,1.667000E3,-1.124918E1,8.832702E0,
6.450000E0,1.668000E3,-1.122424E1,8.826518E0,
6.454167E0,1.669000E3,-1.118822E1,8.810849E0,
6.458333E0,1.670000E3,-1.117250E1,8.800953E0,
6.462500E0,1.671000E3,-1.114321E1,8.776686E0,
6.466667E0,1.672000E3,-1.111885E1,8.754543E0,
6.470833E0,1.673000E3,-1.109241E1,8.717310E0,
6.475000E0,1.674000E3,-1.106455E1,8.696217E0,
6.479167E0,1.675000E3,-1.103793E1,8.683293E0,
6.483333E0,1.676000E3,-1.100268E1,8.654457E0,
6.487500E0,1.677000E3,-1.095244E1,8.626010E0,
6.491667E0,1.678000E3,-1.094043E1,8.598114E0,
6.495833E0,1.679000E3,-1.091016E1,8.593082E0,
6.500000E0,1.680000E3,-1.088154E1,8.570470E0,
6.504167E0,1.681000E3,-1.087523E1,8.551785E0,
6.508333E0,1.682000E3,-1.084831E1,8.548223E0,
6.512500E0,1.683000E3,-1.084382E1,8.535434E0,
6.516667E0,1.684000E3,-1.082600E1,8.529391E0,
6.520833E0,1.685000E3,-1.082344E1,8.520277E0,
6.525000E0,1.686000E3,-1.079624E1,8.507763E0,
6.529167E0,1.687000E3,-1.079734E1,8.497507E0,
6.533333E0,1.688000E3,-1.078247E1,8.502600E0,
6.537500E0,1.689000E3,-1.078792E1,8.498112E0,
6.541667E0,1.690000E3,-1.076923E1,8.484301E0,
6.545833E0,1.691000E3,-1.076449E1,8.471649E0,
6.550000E0,1.692000E3,-1.072792E1,8.465597E0,
6.554167E0,1.693000E3,-1.072913E1,8.449246E0,
6.558333E0,1.694000E3,-1.070447E1,8.435430E0,
6.562500E0,1.695000E3,-1.067741E1,8.409486E0,
6.566667E0,1.696000E3,-1.065864E1,8.392173E0,
6.570833E0,1.697000E3,-1.062207E1,8.364064E0,
6.575000E0,1.698000E3,-1.059687E1,8.341322E0,
6.579167E0,1.699000E3,-1.056321E1,8.319185E0,
6.583333E0,1.700000E3,-1.053653E1,8.301267E0,
6.587500E0,1.701000E3,-1.049617E1,8.278775E0,
6.591667E0,1.702000E3,-1.046244E1,8.265244E0,
6.595833E0,1.703000E3,-1.045216E1,8.226397E0,
6.600000E0,1.704000E3,-1.041771E1,8.204539E0,
6.604167E0,1.705000E3,-1.039826E1,8.195337E0,
6.608333E0,1.706000E3,-1.037477E1,8.162879E0,
6.612500E0,1.707000E3,-1.035401E1,8.151784E0,
6.616667E0,1.708000E3,-1.034537E1,8.148155E0,
6.620833E0,1.709000E3,-1.033240E1,8.137844E0,
6.625000E0,1.710000E3,-1.032160E1,8.122858E0,
6.629167E0,1.711000E3,-1.031382E1,8.130340E0,
6.633333E0,1.712000E3,-1.030165E1,8.123153E0,
6.637500E0,1.713000E3,-1.030433E1,8.102735E0,
6.641667E0,1.714000E3,-1.028964E1,8.097354E0,
6.645833E0,1.715000E3,-1.027708E1,8.085528E0,
6.650000E0,1.716000E3,-1.026056E1,8.085304E0,
6.654167E0,1.717000E3,-1.024297E1,8.070998E0,
6.658333E0,1.718000E3,-1.023664E1,8.054918E0,
6.662500E0,1.719000E3,-1.021897E1,8.055058E0,
6.666667E0,1.720000E3,-1.020499E1,8.021797E0,
6.670833E0,1.721000E3,-1.017941E1,7.990504E0,
6.675000E0,1.722000E3,-1.014458E1,7.971335E0,
6.679167E0,1.723000E3,-1.011938E1,7.951933E0,
6.683333E0,1.724000E3,-1.008508E1,7.925105E0,
6.687500E0,1.725000E3,-1.007295E1,7.903809E0,
6.691667E0,1.726000E3,-1.003052E1,7.877306E0,
6.695833E0,1.727000E3,-9.996483E0,7.858189E0,
6.700000E0,1.728000E3,-9.971542E0,7.835287E0,
6.704167E0,1.729000E3,-9.947318E0,7.810222E0,
6.708333E0,1.730000E3,-9.928858E0,7.789568E0,
6.712500E0,1.731000E3,-9.906260E0,7.755223E0,
6.716667E0,1.732000E3,-9.890958E0,7.745253E0,
6.720833E0,1.733000E3,-9.877254E0,7.736218E0,
6.725000E0,1.734000E3,-9.861615E0,7.728700E0,
6.729167E0,1.735000E3,-9.847936E0,7.706992E0,
6.733333E0,1.736000E3,-9.844434E0,7.711581E0,
6.737500E0,1.737000E3,-9.843053E0,7.690764E0,
6.741667E0,1.738000E3,-9.820774E0,7.690407E0,
6.745833E0,1.739000E3,-9.826384E0,7.690505E0,
6.750000E0,1.740000E3,-9.812828E0,7.671244E0,
6.754167E0,1.741000E3,-9.801279E0,7.665457E0,
6.758333E0,1.742000E3,-9.791487E0,7.642941E0,
6.762500E0,1.743000E3,-9.784474E0,7.637732E0,
6.766667E0,1.744000E3,-9.762741E0,7.623187E0,
6.770833E0,1.745000E3,-9.748514E0,7.601178E0,
6.775000E0,1.746000E3,-9.707968E0,7.577383E0,
6.779167E0,1.747000E3,-9.697518E0,7.549436E0,
6.783333E0,1.748000E3,-9.655009E0,7.518672E0,
6.787500E0,1.749000E3,-9.632030E0,7.501805E0,
6.791667E0,1.750000E3,-9.602743E0,7.467810E0,
6.795833E0,1.751000E3,-9.577787E0,7.444814E0,
6.800000E0,1.752000E3,-9.555399E0,7.416173E0,
6.804167E0,1.753000E3,-9.523888E0,7.401244E0,
6.808333E0,1.754000E3,-9.497305E0,7.377210E0,
6.812500E0,1.755000E3,-9.460779E0,7.358377E0,
6.816667E0,1.756000E3,-9.452110E0,7.331716E0,
6.820833E0,1.757000E3,-9.443937E0,7.304005E0,
6.825000E0,1.758000E3,-9.424390E0,7.296058E0,
6.829167E0,1.759000E3,-9.401902E0,7.280603E0,
6.833333E0,1.760000E3,-9.399708E0,7.264445E0,
6.837500E0,1.761000E3,-9.391546E0,7.263633E0,
6.841667E0,1.762000E3,-9.389136E0,7.249816E0,
6.845833E0,1.763000E3,-9.388217E0,7.261974E0,
6.850000E0,1.764000E3,-9.363671E0,7.257123E0,
6.854167E0,1.765000E3,-9.358462E0,7.228569E0,
6.858333E0,1.766000E3,-9.366121E0,7.225785E0,
6.862500E0,1.767000E3,-9.345989E0,7.209123E0,
6.866667E0,1.768000E3,-9.334033E0,7.196483E0,
6.870833E0,1.769000E3,-9.308080E0,7.178552E0,
6.875000E0,1.770000E3,-9.299272E0,7.160262E0,
6.879167E0,1.771000E3,-9.286087E0,7.133399E0,
6.883333E0,1.772000E3,-9.245088E0,7.113549E0,
6.887500E0,1.773000E3,-9.230112E0,7.070404E0,
6.891667E0,1.774000E3,-9.202688E0,7.048491E0,
6.895833E0,1.775000E3,-9.176446E0,7.031831E0,
6.900000E0,1.776000E3,-9.149946E0,6.994981E0,
6.904167E0,1.777000E3,-9.135040E0,6.964869E0,
6.908333E0,1.778000E3,-9.116789E0,6.935035E0,
6.912500E0,1.779000E3,-9.080593E0,6.897859E0,
6.916667E0,1.780000E3,-9.057720E0,6.876883E0,
6.920833E0,1.781000E3,-9.042719E0,6.863278E0,
6.925000E0,1.782000E3,-9.017806E0,6.841268E0,
6.929167E0,1.783000E3,-9.016285E0,6.812901E0,
6.933333E0,1.784000E3,-9.011746E0,6.818920E0,
6.937500E0,1.785000E3,-8.984319E0,6.806806E0,
6.941667E0,1.786000E3,-8.978067E0,6.783249E0,
6.945833E0,1.787000E3,-8.975280E0,6.784286E0,
6.950000E0,1.788000E3,-8.982789E0,6.766207E0,
6.954167E0,1.789000E3,-8.951423E0,6.759129E0,
6.958333E0,1.790000E3,-8.957418E0,6.747656E0,
6.962500E0,1.791000E3,-8.939535E0,6.759287E0,
6.966667E0,1.792000E3,-8.937431E0,6.746142E0,
6.970833E0,1.793000E3,-8.909017E0,6.734350E0,
6.975000E0,1.794000E3,-8.901956E0,6.698641E0,
6.979167E0,1.795000E3,-8.891615E0,6.694489E0,
6.983333E0,1.796000E3,-8.877682E0,6.663122E0,
6.987500E0,1.797000E3,-8.837098E0,6.656279E0,
6.991667E0,1.798000E3,-8.827262E0,6.627360E0,
6.995833E0,1.799000E3,-8.791214E0,6.597251E0,
7.000000E0,1.800000E3,-8.759571E0,6.570774E0,
7.004167E0,1.801000E3,-8.746711E0,6.536055E0,
7.008333E0,1.802000E3,-8.708172E0,6.504558E0,
7.012500E0,1.803000E3,-8.687718E0,6.469637E0,
7.016667E0,1.804000E3,-8.671058E0,6.442487E0,
7.020833E0,1.805000E3,-8.648060E0,6.418124E0,
7.025000E0,1.806000E3,-8.626490E0,6.389502E0,
7.029167E0,1.807000E3,-8.616303E0,6.364097E0,
7.033333E0,1.808000E3,-8.594432E0,6.356553E0,
7.037500E0,1.809000E3,-8.588526E0,6.333245E0,
7.041667E0,1.810000E3,-8.575490E0,6.339554E0,
7.045833E0,1.811000E3,-8.563283E0,6.331014E0,
7.050000E0,1.812000E3,-8.553482E0,6.316824E0,
7.054167E0,1.813000E3,-8.551615E0,6.302469E0,
7.058333E0,1.814000E3,-8.543197E0,6.299460E0,
7.062500E0,1.815000E3,-8.525117E0,6.290384E0,
7.066667E0,1.816000E3,-8.528644E0,6.285385E0,
7.070833E0,1.817000E3,-8.532877E0,6.254912E0,
7.075000E0,1.818000E3,-8.500979E0,6.264128E0,
7.079167E0,1.819000E3,-8.495247E0,6.242850E0,
7.083333E0,1.820000E3,-8.472998E0,6.222010E0,
7.087500E0,1.821000E3,-8.459464E0,6.193682E0,
7.091667E0,1.822000E3,-8.436498E0,6.166663E0,
7.095833E0,1.823000E3,-8.406936E0,6.150467E0,
7.100000E0,1.824000E3,-8.386317E0,6.115786E0,
7.104167E0,1.825000E3,-8.367278E0,6.075233E0,
7.108333E0,1.826000E3,-8.328636E0,6.053400E0,
7.112500E0,1.827000E3,-8.314711E0,6.028538E0,
7.116667E0,1.828000E3,-8.278100E0,5.991238E0,
7.120833E0,1.829000E3,-8.254565E0,5.965525E0,
7.125000E0,1.830000E3,-8.236540E0,5.952139E0,
7.129167E0,1.831000E3,-8.216250E0,5.919936E0,
7.133333E0,1.832000E3,-8.207572E0,5.902958E0,
7.137500E0,1.833000E3,-8.188743E0,5.890233E0,
7.141667E0,1.834000E3,-8.154097E0,5.865956E0,
7.145833E0,1.835000E3,-8.176275E0,5.855155E0,
7.150000E0,1.836000E3,-8.149215E0,5.852670E0,
7.154167E0,1.837000E3,-8.154558E0,5.845047E0,
7.158333E0,1.838000E3,-8.145197E0,5.814004E0,
7.162500E0,1.839000E3,-8.149319E0,5.822488E0,
7.166667E0,1.840000E3,-8.138269E0,5.817802E0,
7.170833E0,1.841000E3,-8.126001E0,5.799907E0,
7.175000E0,1.842000E3,-8.114383E0,5.787413E0,
7.179167E0,1.843000E3,-8.102458E0,5.768187E0,
7.183333E0,1.844000E3,-8.091965E0,5.762342E0,
7.187500E0,1.845000E3,-8.089697E0,5.730678E0,
7.191667E0,1.846000E3,-8.082570E0,5.715092E0,
7.195833E0,1.847000E3,-8.057285E0,5.684915E0,
7.200000E0,1.848000E3,-8.048256E0,5.641087E0,
7.204167E0,1.849000E3,-8.041525E0,5.616294E0,
7.208333E0,1.850000E3,-8.005089E0,5.574303E0,
7.212500E0,1.851000E3,-7.993459E0,5.546841E0,
7.216667E0,1.852000E3,-7.974520E0,5.503441E0,
7.220833E0,1.853000E3,-7.965750E0,5.466044E0,
7.225000E0,1.854000E3,-7.953394E0,5.445525E0,
7.229167E0,1.855000E3,-7.928665E0,5.409269E0,
7.233333E0,1.856000E3,-7.921978E0,5.380622E0,
7.237500E0,1.857000E3,-7.898114E0,5.358661E0,
7.241667E0,1.858000E3,-7.900137E0,5.335879E0,
7.245833E0,1.859000E3,-7.891671E0,5.312730E0,
7.250000E0,1.860000E3,-7.874315E0,5.296403E0,
7.254167E0,1.861000E3,-7.868056E0,5.283972E0,
7.258333E0,1.862000E3,-7.868749E0,5.274215E0,
7.262500E0,1.863000E3,-7.859398E0,5.264109E0,
7.266667E0,1.864000E3,-7.859483E0,5.263522E0,
7.270833E0,1.865000E3,-7.861794E0,5.244461E0,
7.275000E0,1.866000E3,-7.845631E0,5.233559E0,
7.279167E0,1.867000E3,-7.853920E0,5.233949E0,
7.283333E0,1.868000E3,-7.840070E0,5.202689E0,
7.287500E0,1.869000E3,-7.833100E0,5.192567E0,
7.291667E0,1.870000E3,-7.824429E0,5.158441E0,
7.295833E0,1.871000E3,-7.813578E0,5.132045E0,
7.300000E0,1.872000E3,-7.795771E0,5.111130E0,
7.304167E0,1.873000E3,-7.784252E0,5.088539E0,
7.308333E0,1.874000E3,-7.767674E0,5.052921E0,
7.312500E0,1.875000E3,-7.753336E0,5.027953E0,
7.316667E0,1.876000E3,-7.737576E0,4.982901E0,
7.320833E0,1.877000E3,-7.717499E0,4.951331E0,
7.325000E0,1.878000E3,-7.694062E0,4.910438E0,
7.329167E0,1.879000E3,-7.680267E0,4.874938E0,
7.333333E0,1.880000E3,-7.668726E0,4.844816E0,
7.337500E0,1.881000E3,-7.648418E0,4.814777E0,
7.341667E0,1.882000E3,-7.638102E0,4.798868E0,
7.345833E0,1.883000E3,-7.619867E0,4.766785E0,
7.350000E0,1.884000E3,-7.605419E0,4.751295E0,
7.354167E0,1.885000E3,-7.599943E0,4.736335E0,
7.358333E0,1.886000E3,-7.590317E0,4.719310E0,
7.362500E0,1.887000E3,-7.576569E0,4.724000E0,
7.366667E0,1.888000E3,-7.580215E0,4.713504E0,
7.370833E0,1.889000E3,-7.570002E0,4.697680E0,
7.375000E0,1.890000E3,-7.571741E0,4.692376E0,
7.379167E0,1.891000E3,-7.552337E0,4.666943E0,
7.383333E0,1.892000E3,-7.555707E0,4.666044E0,
7.387500E0,1.893000E3,-7.546701E0,4.661637E0,
7.391667E0,1.894000E3,-7.542208E0,4.637489E0,
7.395833E0,1.895000E3,-7.521547E0,4.611925E0,
7.400000E0,1.896000E3,-7.507240E0,4.589794E0,
7.404167E0,1.897000E3,-7.489409E0,4.576097E0,
7.408333E0,1.898000E3,-7.483573E0,4.537150E0,
7.412500E0,1.899000E3,-7.459056E0,4.516758E0,
7.416667E0,1.900000E3,-7.451858E0,4.470250E0,
7.420833E0,1.901000E3,-7.426960E0,4.449659E0,
7.425000E0,1.902000E3,-7.389160E0,4.417297E0,
7.429167E0,1.903000E3,-7.366957E0,4.382140E0,
7.433333E0,1.904000E3,-7.352988E0,4.348625E0,
7.437500E0,1.905000E3,-7.331717E0,4.323303E0,
7.441667E0,1.906000E3,-7.298355E0,4.289777E0,
7.445833E0,1.907000E3,-7.290793E0,4.269582E0,
7.450000E0,1.908000E3,-7.273229E0,4.247863E0,
7.454167E0,1.909000E3,-7.263629E0,4.230126E0,
7.458333E0,1.910000E3,-7.256445E0,4.208081E0,
7.462500E0,1.911000E3,-7.254130E0,4.205135E0,
7.466667E0,1.912000E3,-7.236405E0,4.177514E0,
7.470833E0,1.913000E3,-7.232021E0,4.173046E0,
7.475000E0,1.914000E3,-7.225783E0,4.173612E0,
7.479167E0,1.915000E3,-7.217113E0,4.162245E0,
7.483333E0,1.916000E3,-7.213391E0,4.146994E0,
7.487500E0,1.917000E3,-7.196454E0,4.145550E0,
7.491667E0,1.918000E3,-7.203052E0,4.127143E0,
7.495833E0,1.919000E3,-7.181092E0,4.117111E0,
7.500000E0,1.920000E3,-7.176075E0,4.108076E0,
7.504167E0,1.921000E3,-7.155477E0,4.090628E0,
7.508333E0,1.922000E3,-7.142495E0,4.068360E0,
7.512500E0,1.923000E3,-7.115197E0,4.032675E0,
7.516667E0,1.924000E3,-7.087215E0,4.009758E0,
7.520833E0,1.925000E3,-7.067094E0,3.992658E0,
7.525000E0,1.926000E3,-7.047768E0,3.946042E0,
7.529167E0,1.927000E3,-7.013086E0,3.924993E0,
7.533333E0,1.928000E3,-7.004243E0,3.884420E0,
7.537500E0,1.929000E3,-6.964549E0,3.854049E0,
7.541667E0,1.930000E3,-6.953017E0,3.822104E0,
7.545833E0,1.931000E3,-6.921730E0,3.797967E0,
7.550000E0,1.932000E3,-6.909280E0,3.775328E0,
7.554167E0,1.933000E3,-6.894120E0,3.750917E0,
7.558333E0,1.934000E3,-6.866416E0,3.736532E0,
7.562500E0,1.935000E3,-6.866972E0,3.735094E0,
7.566667E0,1.936000E3,-6.848735E0,3.705488E0,
7.570833E0,1.937000E3,-6.837180E0,3.693946E0,
7.575000E0,1.938000E3,-6.827189E0,3.681630E0,
7.579167E0,1.939000E3,-6.832952E0,3.671952E0,
7.583333E0,1.940000E3,-6.814210E0,3.683691E0,
7.587500E0,1.941000E3,-6.820761E0,3.675227E0,
7.591667E0,1.942000E3,-6.803764E0,3.666785E0,
7.595833E0,1.943000E3,-6.791403E0,3.655410E0,
7.600000E0,1.944000E3,-6.780037E0,3.647271E0,
7.604167E0,1.945000E3,-6.768540E0,3.628931E0,
7.608333E0,1.946000E3,-6.752895E0,3.612491E0,
7.612500E0,1.947000E3,-6.731354E0,3.595120E0,
7.616667E0,1.948000E3,-6.715081E0,3.572791E0,
7.620833E0,1.949000E3,-6.678797E0,3.548172E0,
7.625000E0,1.950000E3,-6.653256E0,3.520539E0,
7.629167E0,1.951000E3,-6.631543E0,3.485205E0,
7.633333E0,1.952000E3,-6.596498E0,3.460117E0,
7.637500E0,1.953000E3,-6.573721E0,3.439724E0,
7.641667E0,1.954000E3,-6.540425E0,3.417736E0,
7.645833E0,1.955000E3,-6.519680E0,3.373399E0,
7.650000E0,1.956000E3,-6.488566E0,3.368287E0,
7.654167E0,1.957000E3,-6.464791E0,3.340473E0,
7.658333E0,1.958000E3,-6.449553E0,3.324543E0,
7.662500E0,1.959000E3,-6.440108E0,3.296853E0,
7.666667E0,1.960000E3,-6.406454E0,3.284502E0,
7.670833E0,1.961000E3,-6.398616E0,3.268924E0,
7.675000E0,1.962000E3,-6.389911E0,3.264808E0,
7.679167E0,1.963000E3,-6.379978E0,3.250678E0,
7.683333E0,1.964000E3,-6.376983E0,3.237717E0,
7.687500E0,1.965000E3,-6.366324E0,3.237976E0,
7.691667E0,1.966000E3,-6.360501E0,3.231741E0,
7.695833E0,1.967000E3,-6.362608E0,3.225876E0,
7.700000E0,1.968000E3,-6.350608E0,3.211958E0,
7.704167E0,1.969000E3,-6.342579E0,3.205786E0,
7.708333E0,1.970000E3,-6.324113E0,3.195287E0,
7.712500E0,1.971000E3,-6.304984E0,3.186659E0,
7.716667E0,1.972000E3,-6.285804E0,3.159714E0,
7.720833E0,1.973000E3,-6.271659E0,3.137555E0,
7.725000E0,1.974000E3,-6.233389E0,3.119137E0,
7.729167E0,1.975000E3,-6.210684E0,3.086108E0,
7.733333E0,1.976000E3,-6.182710E0,3.058383E0,
7.737500E0,1.977000E3,-6.141692E0,3.048918E0,
7.741667E0,1.978000E3,-6.105427E0,3.023899E0,
7.745833E0,1.979000E3,-6.073210E0,2.996447E0,
7.750000E0,1.980000E3,-6.047561E0,2.963680E0,
7.754167E0,1.981000E3,-6.019060E0,2.955609E0,
7.758333E0,1.982000E3,-5.984916E0,2.923288E0,
7.762500E0,1.983000E3,-5.983383E0,2.920019E0,
7.766667E0,1.984000E3,-5.952712E0,2.896179E0,
7.770833E0,1.985000E3,-5.945454E0,2.878154E0,
7.775000E0,1.986000E3,-5.924958E0,2.868630E0,
7.779167E0,1.987000E3,-5.917451E0,2.853057E0,
7.783333E0,1.988000E3,-5.906108E0,2.844467E0,
7.787500E0,1.989000E3,-5.899856E0,2.837951E0,
7.791667E0,1.990000E3,-5.893851E0,2.828851E0,
7.795833E0,1.991000E3,-5.888852E0,2.821974E0,
7.800000E0,1.992000E3,-5.869205E0,2.813790E0,
7.804167E0,1.993000E3,-5.861374E0,2.809309E0,
7.808333E0,1.994000E3,-5.850842E0,2.781349E0,
7.812500E0,1.995000E3,-5.842386E0,2.777585E0,
7.816667E0,1.996000E3,-5.834425E0,2.767987E0,
7.820833E0,1.997000E3,-5.806941E0,2.757054E0,
7.825000E0,1.998000E3,-5.777998E0,2.731613E0,
7.829167E0,1.999000E3,-5.768637E0,2.712565E0,
7.833333E0,2.000000E3,-5.725577E0,2.676926E0,
7.837500E0,2.001000E3,-5.698426E0,2.671820E0,
7.841667E0,2.002000E3,-5.671540E0,2.639954E0,
7.845833E0,2.003000E3,-5.646459E0,2.610915E0,
7.850000E0,2.004000E3,-5.602319E0,2.590208E0,
7.854167E0,2.005000E3,-5.589091E0,2.572981E0,
7.858333E0,2.006000E3,-5.554701E0,2.546561E0,
7.862500E0,2.007000E3,-5.531207E0,2.526337E0,
7.866667E0,2.008000E3,-5.502866E0,2.509516E0,
7.870833E0,2.009000E3,-5.479808E0,2.483660E0,
7.875000E0,2.010000E3,-5.462781E0,2.479713E0,
7.879167E0,2.011000E3,-5.453400E0,2.449655E0,
7.883333E0,2.012000E3,-5.439978E0,2.446237E0,
7.887500E0,2.013000E3,-5.424885E0,2.446634E0,
7.891667E0,2.014000E3,-5.414578E0,2.440893E0,
7.895833E0,2.015000E3,-5.395554E0,2.423907E0,
7.900000E0,2.016000E3,-5.390804E0,2.425533E0,
7.904167E0,2.017000E3,-5.391768E0,2.423251E0,
7.908333E0,2.018000E3,-5.380070E0,2.409520E0,
7.912500E0,2.019000E3,-5.364184E0,2.403540E0,
7.916667E0,2.020000E3,-5.351099E0,2.393430E0,
7.920833E0,2.021000E3,-5.339042E0,2.386269E0,
7.925000E0,2.022000E3,-5.313323E0,2.359967E0,
7.929167E0,2.023000E3,-5.294356E0,2.339501E0,
7.933333E0,2.024000E3,-5.276179E0,2.337308E0,
7.937500E0,2.025000E3,-5.256177E0,2.310108E0,
7.941667E0,2.026000E3,-5.222070E0,2.275149E0,
7.945833E0,2.027000E3,-5.184964E0,2.264970E0,
7.950000E0,2.028000E3,-5.149483E0,2.234574E0,
7.954167E0,2.029000E3,-5.114817E0,2.205806E0,
7.958333E0,2.030000E3,-5.075298E0,2.209617E0,
7.962500E0,2.031000E3,-5.059542E0,2.175133E0,
7.966667E0,2.032000E3,-5.034011E0,2.161096E0,
7.970833E0,2.033000E3,-4.997854E0,2.125056E0,
7.975000E0,2.034000E3,-4.978017E0,2.121003E0,
7.979167E0,2.035000E3,-4.961402E0,2.103122E0,
7.983333E0,2.036000E3,-4.944451E0,2.092599E0,
7.987500E0,2.037000E3,-4.944648E0,2.092798E0,
7.991667E0,2.038000E3,-4.923334E0,2.070209E0,
7.995833E0,2.039000E3,-4.904126E0,2.055597E0,
8.000000E0,2.040000E3,-4.895680E0,2.067302E0,
8.004167E0,2.041000E3,-4.881015E0,2.047587E0,
8.008333E0,2.042000E3,-4.875903E0,2.056264E0,
8.012500E0,2.043000E3,-4.874578E0,2.048485E0,
8.016667E0,2.044000E3,-4.870524E0,2.023726E0,
8.020833E0,2.045000E3,-4.851568E0,2.026059E0,
8.025000E0,2.046000E3,-4.828400E0,2.011825E0,
8.029167E0,2.047000E3,-4.806406E0,1.982396E0,
8.033333E0,2.048000E3,-4.773962E0,1.971632E0,
8.037500E0,2.049000E3,-4.752136E0,1.961718E0,
8.041667E0,2.050000E3,-4.730704E0,1.944790E0,
8.045833E0,2.051000E3,-4.706002E0,1.923974E0,
8.050000E0,2.052000E3,-4.675706E0,1.909370E0,
8.054167E0,2.053000E3,-4.641141E0,1.874957E0,
8.058333E0,2.054000E3,-4.617000E0,1.864287E0,
8.062500E0,2.055000E3,-4.570511E0,1.840424E0,
8.066667E0,2.056000E3,-4.543949E0,1.811766E0,
8.070833E0,2.057000E3,-4.517974E0,1.793411E0,
8.075000E0,2.058000E3,-4.487315E0,1.783222E0,
8.079167E0,2.059000E3,-4.465051E0,1.768680E0,
8.083333E0,2.060000E3,-4.450076E0,1.751378E0,
8.087500E0,2.061000E3,-4.423536E0,1.740349E0,
8.091667E0,2.062000E3,-4.410779E0,1.733295E0,
8.095833E0,2.063000E3,-4.400771E0,1.717277E0,
8.100000E0,2.064000E3,-4.382591E0,1.706754E0,
8.104167E0,2.065000E3,-4.375433E0,1.690820E0,
8.108333E0,2.066000E3,-4.374238E0,1.706125E0,
8.112500E0,2.067000E3,-4.372328E0,1.688177E0,
8.116667E0,2.068000E3,-4.365310E0,1.685903E0,
8.120833E0,2.069000E3,-4.343798E0,1.676021E0,
8.125000E0,2.070000E3,-4.333789E0,1.665341E0,
8.129167E0,2.071000E3,-4.309658E0,1.653590E0,
8.133333E0,2.072000E3,-4.301537E0,1.641429E0,
8.137500E0,2.073000E3,-4.273419E0,1.627888E0,
8.141667E0,2.074000E3,-4.254874E0,1.611038E0,
8.145833E0,2.075000E3,-4.226072E0,1.580094E0,
8.150000E0,2.076000E3,-4.186560E0,1.575660E0,
8.154167E0,2.077000E3,-4.166933E0,1.541329E0,
8.158333E0,2.078000E3,-4.136301E0,1.522822E0,
8.162500E0,2.079000E3,-4.100830E0,1.496583E0,
8.166667E0,2.080000E3,-4.057105E0,1.479154E0,
8.170833E0,2.081000E3,-4.049553E0,1.448159E0,
8.175000E0,2.082000E3,-4.011697E0,1.425566E0,
8.179167E0,2.083000E3,-3.999850E0,1.394311E0,
8.183333E0,2.084000E3,-3.969107E0,1.383884E0,
8.187500E0,2.085000E3,-3.946226E0,1.373603E0,
8.191667E0,2.086000E3,-3.929461E0,1.351684E0,
8.195833E0,2.087000E3,-3.910597E0,1.348406E0,
8.200000E0,2.088000E3,-3.915132E0,1.329748E0,
8.204167E0,2.089000E3,-3.904224E0,1.327922E0,
8.208333E0,2.090000E3,-3.890493E0,1.322851E0,
8.212500E0,2.091000E3,-3.881465E0,1.312305E0,
8.216667E0,2.092000E3,-3.875776E0,1.295377E0,
8.220833E0,2.093000E3,-3.868376E0,1.305639E0,
8.225000E0,2.094000E3,-3.860901E0,1.286811E0,
8.229167E0,2.095000E3,-3.843154E0,1.269780E0,
8.233333E0,2.096000E3,-3.833811E0,1.274125E0,
8.237500E0,2.097000E3,-3.817926E0,1.244612E0,
8.241667E0,2.098000E3,-3.788155E0,1.230889E0,
8.245833E0,2.099000E3,-3.766725E0,1.219454E0,
8.250000E0,2.100000E3,-3.745331E0,1.194541E0,
8.254167E0,2.101000E3,-3.718013E0,1.162831E0,
8.258333E0,2.102000E3,-3.687511E0,1.159452E0,
8.262500E0,2.103000E3,-3.649128E0,1.110884E0,
8.266667E0,2.104000E3,-3.629439E0,1.088604E0,
8.270833E0,2.105000E3,-3.601799E0,1.071000E0,
8.275000E0,2.106000E3,-3.571997E0,1.054606E0,
8.279167E0,2.107000E3,-3.542153E0,1.007605E0,
8.283333E0,2.108000E3,-3.524213E0,9.910271E-1,
8.287500E0,2.109000E3,-3.497038E0,9.762327E-1,
8.291667E0,2.110000E3,-3.483472E0,9.603435E-1,
8.295833E0,2.111000E3,-3.462487E0,9.399348E-1,
8.300000E0,2.112000E3,-3.444553E0,9.306034E-1,
8.304167E0,2.113000E3,-3.434516E0,9.135781E-1,
8.308333E0,2.114000E3,-3.433543E0,9.040617E-1,
8.312500E0,2.115000E3,-3.424483E0,8.896919E-1,
8.316667E0,2.116000E3,-3.413612E0,8.964649E-1,
8.320833E0,2.117000E3,-3.401861E0,8.802066E-1,
8.325000E0,2.118000E3,-3.403199E0,8.790243E-1,
8.329167E0,2.119000E3,-3.398675E0,8.803736E-1,
8.333333E0,2.120000E3,-3.377412E0,8.709841E-1,
8.337500E0,2.121000E3,-3.359505E0,8.485552E-1,
8.341667E0,2.122000E3,-3.341100E0,8.320401E-1,
8.345833E0,2.123000E3,-3.327123E0,8.090938E-1,
8.350000E0,2.124000E3,-3.308544E0,7.953219E-1,
8.354167E0,2.125000E3,-3.287547E0,7.724314E-1,
8.358333E0,2.126000E3,-3.257722E0,7.391515E-1,
8.362500E0,2.127000E3,-3.238394E0,7.194797E-1,
8.366667E0,2.128000E3,-3.211449E0,6.966022E-1,
8.370833E0,2.129000E3,-3.186809E0,6.698427E-1,
8.375000E0,2.130000E3,-3.155570E0,6.352234E-1,
8.379167E0,2.131000E3,-3.124409E0,6.129308E-1,
8.383333E0,2.132000E3,-3.099921E0,5.858450E-1,
8.387500E0,2.133000E3,-3.065131E0,5.735760E-1,
8.391667E0,2.134000E3,-3.038634E0,5.451084E-1,
8.395833E0,2.135000E3,-3.025935E0,5.342295E-1,
8.400000E0,2.136000E3,-2.999468E0,5.147496E-1,
8.404167E0,2.137000E3,-2.989396E0,5.061486E-1,
8.408333E0,2.138000E3,-2.964865E0,5.031965E-1,
8.412500E0,2.139000E3,-2.967674E0,4.757467E-1,
8.416667E0,2.140000E3,-2.955800E0,4.740516E-1,
8.420833E0,2.141000E3,-2.946355E0,4.640451E-1,
8.425000E0,2.142000E3,-2.936828E0,4.677395E-1,
8.429167E0,2.143000E3,-2.924953E0,4.560841E-1,
8.433333E0,2.144000E3,-2.923014E0,4.436610E-1,
8.437500E0,2.145000E3,-2.898725E0,4.339684E-1,
8.441667E0,2.146000E3,-2.903365E0,4.341781E-1,
8.445833E0,2.147000E3,-2.887045E0,4.243287E-1,
8.450000E0,2.148000E3,-2.855782E0,3.875664E-1,
8.454167E0,2.149000E3,-2.846673E0,3.787945E-1,
8.458333E0,2.150000E3,-2.822474E0,3.543812E-1,
8.462500E0,2.151000E3,-2.789968E0,3.405974E-1,
8.466667E0,2.152000E3,-2.768810E0,3.200584E-1,
8.470833E0,2.153000E3,-2.724928E0,2.941637E-1,
8.475000E0,2.154000E3,-2.704330E0,2.822824E-1,
8.479167E0,2.155000E3,-2.674631E0,2.492901E-1,
8.483333E0,2.156000E3,-2.638645E0,2.357499E-1,
8.487500E0,2.157000E3,-2.600305E0,1.999441E-1,
8.491667E0,2.158000E3,-2.566985E0,1.860794E-1,
8.495833E0,2.159000E3,-2.541817E0,1.741974E-1,
8.500000E0,2.160000E3,-2.515559E0,1.625027E-1,
8.504167E0,2.161000E3,-2.501778E0,1.409797E-1,
8.508333E0,2.162000E3,-2.484955E0,1.405639E-1,
8.512500E0,2.163000E3,-2.459925E0,1.282534E-1,
8.516667E0,2.164000E3,-2.461595E0,1.116026E-1,
8.520833E0,2.165000E3,-2.440228E0,1.267973E-1,
8.525000E0,2.166000E3,-2.433275E0,1.034371E-1,
8.529167E0,2.167000E3,-2.421410E0,1.158292E-1,
8.533333E0,2.168000E3,-2.426925E0,9.219578E-2,
8.537500E0,2.169000E3,-2.409849E0,1.013910E-1,
8.541667E0,2.170000E3,-2.392622E0,9.503853E-2,
8.545833E0,2.171000E3,-2.377660E0,8.720092E-2,
8.550000E0,2.172000E3,-2.374433E0,7.123670E-2,
8.554167E0,2.173000E3,-2.337837E0,6.680823E-2,
8.558333E0,2.174000E3,-2.314759E0,3.612399E-2,
8.562500E0,2.175000E3,-2.290803E0,3.746070E-2,
8.566667E0,2.176000E3,-2.264961E0,2.120347E-2,
8.570833E0,2.177000E3,-2.231629E0,3.718904E-3,
8.575000E0,2.178000E3,-2.181576E0,-5.748025E-4,
8.579167E0,2.179000E3,-2.159122E0,-2.409627E-2,
8.583333E0,2.180000E3,-2.121471E0,-4.111777E-2,
8.587500E0,2.181000E3,-2.076880E0,-5.848353E-2,
8.591667E0,2.182000E3,-2.048004E0,-7.298568E-2,
8.595833E0,2.183000E3,-2.017908E0,-8.677493E-2,
8.600000E0,2.184000E3,-1.997680E0,-1.124834E-1,
8.604167E0,2.185000E3,-1.956233E0,-1.143596E-1,
8.608333E0,2.186000E3,-1.943775E0,-1.146509E-1,
8.612500E0,2.187000E3,-1.920614E0,-1.329554E-1,
8.616667E0,2.188000E3,-1.894734E0,-1.452460E-1,
8.620833E0,2.189000E3,-1.885954E0,-1.482237E-1,
8.625000E0,2.190000E3,-1.877576E0,-1.530664E-1,
8.629167E0,2.191000E3,-1.860504E0,-1.578657E-1,
8.633333E0,2.192000E3,-1.845935E0,-1.610199E-1,
8.637500E0,2.193000E3,-1.841189E0,-1.648014E-1,
8.641667E0,2.194000E3,-1.834128E0,-1.678559E-1,
8.645833E0,2.195000E3,-1.826565E0,-1.848410E-1,
8.650000E0,2.196000E3,-1.807835E0,-1.899308E-1,
8.654167E0,2.197000E3,-1.791315E0,-2.033017E-1,
8.658333E0,2.198000E3,-1.784890E0,-2.083046E-1,
8.662500E0,2.199000E3,-1.748519E0,-2.132646E-1,
8.666667E0,2.200000E3,-1.741919E0,-2.298302E-1,
8.670833E0,2.201000E3,-1.696170E0,-2.556829E-1,
8.675000E0,2.202000E3,-1.673978E0,-2.755117E-1,
8.679167E0,2.203000E3,-1.640488E0,-2.908696E-1,
8.683333E0,2.204000E3,-1.595505E0,-2.976915E-1,
8.687500E0,2.205000E3,-1.562154E0,-3.165168E-1,
8.691667E0,2.206000E3,-1.532057E0,-3.336164E-1,
8.695833E0,2.207000E3,-1.501624E0,-3.713069E-1,
8.700000E0,2.208000E3,-1.467835E0,-3.899045E-1,
8.704167E0,2.209000E3,-1.428685E0,-3.815768E-1,
8.708333E0,2.210000E3,-1.414027E0,-4.067706E-1,
8.712500E0,2.211000E3,-1.393480E0,-4.180934E-1,
8.716667E0,2.212000E3,-1.364624E0,-4.286764E-1,
8.720833E0,2.213000E3,-1.345986E0,-4.413841E-1,
8.725000E0,2.214000E3,-1.333922E0,-4.437458E-1,
8.729167E0,2.215000E3,-1.331226E0,-4.626312E-1,
8.733333E0,2.216000E3,-1.305812E0,-4.693713E-1,
8.737500E0,2.217000E3,-1.307701E0,-4.692483E-1,
8.741667E0,2.218000E3,-1.296656E0,-4.734902E-1,
8.745833E0,2.219000E3,-1.277844E0,-4.718229E-1,
8.750000E0,2.220000E3,-1.272267E0,-4.817376E-1,
8.754167E0,2.221000E3,-1.266390E0,-4.937914E-1,
8.758333E0,2.222000E3,-1.240942E0,-4.899310E-1,
8.762500E0,2.223000E3,-1.225758E0,-5.111251E-1,
8.766667E0,2.224000E3,-1.198469E0,-5.095494E-1,
8.770833E0,2.225000E3,-1.174168E0,-5.177064E-1,
8.775000E0,2.226000E3,-1.136674E0,-5.339249E-1,
8.779167E0,2.227000E3,-1.115589E0,-5.609648E-1,
8.783333E0,2.228000E3,-1.079399E0,-5.684726E-1,
8.787500E0,2.229000E3,-1.052358E0,-5.985683E-1,
8.791667E0,2.230000E3,-1.016522E0,-6.072349E-1,
8.795833E0,2.231000E3,-9.839799E-1,-6.334580E-1,
8.800000E0,2.232000E3,-9.458787E-1,-6.459090E-1,
8.804167E0,2.233000E3,-9.125597E-1,-6.688017E-1,
8.808333E0,2.234000E3,-8.794239E-1,-6.744935E-1,
8.812500E0,2.235000E3,-8.687642E-1,-6.936576E-1,
8.816667E0,2.236000E3,-8.265454E-1,-7.074006E-1,
8.820833E0,2.237000E3,-8.117460E-1,-7.132815E-1,
8.825000E0,2.238000E3,-7.801665E-1,-7.253515E-1,
8.829167E0,2.239000E3,-7.791527E-1,-7.280743E-1,
8.833333E0,2.240000E3,-7.618704E-1,-7.429642E-1,
8.837500E0,2.241000E3,-7.547127E-1,-7.345661E-1,
8.841667E0,2.242000E3,-7.361761E-1,-7.538476E-1,
8.845833E0,2.243000E3,-7.361189E-1,-7.520910E-1,
8.850000E0,2.244000E3,-7.284617E-1,-7.465087E-1,
8.854167E0,2.245000E3,-7.160728E-1,-7.591966E-1,
8.858333E0,2.246000E3,-6.979298E-1,-7.759762E-1,
8.862500E0,2.247000E3,-6.841494E-1,-7.794166E-1,
8.866667E0,2.248000E3,-6.726479E-1,-7.809261E-1,
8.870833E0,2.249000E3,-6.579905E-1,-7.970934E-1,
8.875000E0,2.250000E3,-6.166340E-1,-8.051887E-1,
8.879167E0,2.251000E3,-5.879904E-1,-8.157430E-1,
8.883333E0,2.252000E3,-5.685006E-1,-8.287088E-1,
8.887500E0,2.253000E3,-5.289582E-1,-8.473011E-1,
8.891667E0,2.254000E3,-4.914166E-1,-8.573298E-1,
8.895833E0,2.255000E3,-4.603638E-1,-8.734659E-1,
8.900000E0,2.256000E3,-4.200009E-1,-8.815615E-1,
8.904167E0,2.257000E3,-3.931244E-1,-9.101010E-1,
8.908333E0,2.258000E3,-3.519108E-1,-9.214583E-1,
8.912500E0,2.259000E3,-3.126179E-1,-9.334255E-1,
8.916667E0,2.260000E3,-2.863878E-1,-9.451736E-1,
8.920833E0,2.261000E3,-2.498774E-1,-9.507570E-1,
8.925000E0,2.262000E3,-2.271763E-1,-9.608897E-1,
8.929167E0,2.263000E3,-2.099725E-1,-9.627465E-1,
8.933333E0,2.264000E3,-1.908671E-1,-9.731793E-1,
8.937500E0,2.265000E3,-1.734921E-1,-9.566840E-1,
8.941667E0,2.266000E3,-1.679737E-1,-9.797289E-1,
8.945833E0,2.267000E3,-1.512383E-1,-9.740372E-1,
8.950000E0,2.268000E3,-1.464353E-1,-9.850945E-1,
8.954167E0,2.269000E3,-1.330958E-1,-9.903947E-1,
8.958333E0,2.270000E3,-1.339230E-1,-9.960827E-1,
8.962500E0,2.271000E3,-1.209694E-1,-9.933671E-1,
8.966667E0,2.272000E3,-9.962007E-2,-1.000629E0,
8.970833E0,2.273000E3,-8.851270E-2,-1.012655E0,
8.975000E0,2.274000E3,-5.859707E-2,-1.011515E0,
8.979167E0,2.275000E3,-3.652996E-2,-1.020315E0,
8.983333E0,2.276000E3,-7.978053E-3,-1.030566E0,
8.987500E0,2.277000E3,3.467987E-2,-1.045687E0,
8.991667E0,2.278000E3,4.598777E-2,-1.048595E0,
8.995833E0,2.279000E3,1.013605E-1,-1.055309E0,
9.000000E0,2.280000E3,1.343741E-1,-1.074230E0,
9.004167E0,2.281000E3,1.796967E-1,-1.092279E0,
9.008333E0,2.282000E3,2.025844E-1,-1.104045E0,
9.012500E0,2.283000E3,2.365365E-1,-1.097523E0,
9.016667E0,2.284000E3,2.747466E-1,-1.122493E0,
9.020833E0,2.285000E3,3.060254E-1,-1.133132E0,
9.025000E0,2.286000E3,3.435959E-1,-1.139933E0,
9.029167E0,2.287000E3,3.598749E-1,-1.154599E0,
9.033333E0,2.288000E3,3.843020E-1,-1.164916E0,
9.037500E0,2.289000E3,4.021457E-1,-1.162847E0,
9.041667E0,2.290000E3,4.175781E-1,-1.166577E0,
9.045833E0,2.291000E3,4.292988E-1,-1.168719E0,
9.050000E0,2.292000E3,4.364102E-1,-1.176374E0,
9.054167E0,2.293000E3,4.485668E-1,-1.179899E0,
9.058333E0,2.294000E3,4.650021E-1,-1.182766E0,
9.062500E0,2.295000E3,4.721566E-1,-1.184063E0,
9.066667E0,2.296000E3,4.781684E-1,-1.194040E0,
9.070833E0,2.297000E3,4.951489E-1,-1.207815E0,
9.075000E0,2.298000E3,5.157405E-1,-1.209237E0,
9.079167E0,2.299000E3,5.181588E-1,-1.209135E0,
9.083333E0,2.300000E3,5.490428E-1,-1.221498E0,
9.087500E0,2.301000E3,5.797583E-1,-1.232711E0,
9.091667E0,2.302000E3,6.083467E-1,-1.250902E0,
9.095833E0,2.303000E3,6.492155E-1,-1.260610E0,
9.100000E0,2.304000E3,6.780654E-1,-1.274603E0,
9.104167E0,2.305000E3,7.136271E-1,-1.290009E0,
9.108333E0,2.306000E3,7.416562E-1,-1.300792E0,
9.112500E0,2.307000E3,7.993664E-1,-1.322153E0,
9.116667E0,2.308000E3,8.264330E-1,-1.334183E0,
9.120833E0,2.309000E3,8.456189E-1,-1.353319E0,
9.125000E0,2.310000E3,8.811138E-1,-1.372360E0,
9.129167E0,2.311000E3,9.058120E-1,-1.383541E0,
9.133333E0,2.312000E3,9.459677E-1,-1.398979E0,
9.137500E0,2.313000E3,9.575369E-1,-1.410714E0,
9.141667E0,2.314000E3,9.764743E-1,-1.413827E0,
9.145833E0,2.315000E3,9.855856E-1,-1.415135E0,
9.150000E0,2.316000E3,9.823514E-1,-1.438662E0,
9.154167E0,2.317000E3,1.015203E0,-1.431900E0,
9.158333E0,2.318000E3,1.020334E0,-1.424883E0,
9.162500E0,2.319000E3,1.031662E0,-1.438689E0,
9.166667E0,2.320000E3,1.038620E0,-1.438398E0,
9.170833E0,2.321000E3,1.051019E0,-1.454257E0,
9.175000E0,2.322000E3,1.061690E0,-1.456214E0,
9.179167E0,2.323000E3,1.082743E0,-1.454429E0,
9.183333E0,2.324000E3,1.102256E0,-1.461390E0,
9.187500E0,2.325000E3,1.130706E0,-1.480710E0,
9.191667E0,2.326000E3,1.153848E0,-1.498296E0,
9.195833E0,2.327000E3,1.176271E0,-1.501936E0,
9.200000E0,2.328000E3,1.205945E0,-1.516455E0,
9.204167E0,2.329000E3,1.258973E0,-1.529559E0,
9.208333E0,2.330000E3,1.279182E0,-1.553610E0,
9.212500E0,2.331000E3,1.326675E0,-1.569296E0,
9.216667E0,2.332000E3,1.367629E0,-1.570929E0,
9.220833E0,2.333000E3,1.387766E0,-1.608769E0,
9.225000E0,2.334000E3,1.410960E0,-1.614594E0,
9.229167E0,2.335000E3,1.437766E0,-1.627999E0,
9.233333E0,2.336000E3,1.478261E0,-1.645572E0,
9.237500E0,2.337000E3,1.506721E0,-1.663618E0,
9.241667E0,2.338000E3,1.514974E0,-1.680054E0,
9.245833E0,2.339000E3,1.532805E0,-1.688977E0,
9.250000E0,2.340000E3,1.556737E0,-1.687356E0,
9.254167E0,2.341000E3,1.565531E0,-1.697845E0,
9.258333E0,2.342000E3,1.584226E0,-1.708117E0,
9.262500E0,2.343000E3,1.586568E0,-1.706849E0,
9.266667E0,2.344000E3,1.601951E0,-1.705139E0,
9.270833E0,2.345000E3,1.609002E0,-1.719956E0,
9.275000E0,2.346000E3,1.621878E0,-1.721218E0,
9.279167E0,2.347000E3,1.632043E0,-1.729055E0,
9.283333E0,2.348000E3,1.645280E0,-1.734317E0,
9.287500E0,2.349000E3,1.662853E0,-1.745776E0,
9.291667E0,2.350000E3,1.679389E0,-1.751955E0,
9.295833E0,2.351000E3,1.704245E0,-1.779723E0,
9.300000E0,2.352000E3,1.721879E0,-1.787345E0,
9.304167E0,2.353000E3,1.771645E0,-1.798494E0,
9.308333E0,2.354000E3,1.796982E0,-1.829055E0,
9.312500E0,2.355000E3,1.826528E0,-1.832765E0,
9.316667E0,2.356000E3,1.847936E0,-1.862185E0,
9.320833E0,2.357000E3,1.896937E0,-1.864465E0,
9.325000E0,2.358000E3,1.938490E0,-1.875452E0,
9.329167E0,2.359000E3,1.984011E0,-1.902497E0,
9.333333E0,2.360000E3,2.009815E0,-1.901250E0,
9.337500E0,2.361000E3,2.037433E0,-1.929769E0,
9.341667E0,2.362000E3,2.066843E0,-1.929334E0,
9.345833E0,2.363000E3,2.097930E0,-1.946455E0,
9.350000E0,2.364000E3,2.095391E0,-1.956569E0,
9.354167E0,2.365000E3,2.123111E0,-1.971121E0,
9.358333E0,2.366000E3,2.141070E0,-1.977262E0,
9.362500E0,2.367000E3,2.161083E0,-1.969996E0,
9.366667E0,2.368000E3,2.166847E0,-1.975499E0,
9.370833E0,2.369000E3,2.160386E0,-1.964964E0,
9.375000E0,2.370000E3,2.181377E0,-1.996818E0,
9.379167E0,2.371000E3,2.188939E0,-1.989972E0,
9.383333E0,2.372000E3,2.196458E0,-1.990913E0,
9.387500E0,2.373000E3,2.199450E0,-2.002823E0,
9.391667E0,2.374000E3,2.232174E0,-2.006844E0,
9.395833E0,2.375000E3,2.246833E0,-2.032511E0,
9.400000E0,2.376000E3,2.276662E0,-2.036549E0,
9.404167E0,2.377000E3,2.290434E0,-2.050622E0,
9.408333E0,2.378000E3,2.321709E0,-2.053186E0,
9.412500E0,2.379000E3,2.365421E0,-2.078482E0,
9.416667E0,2.380000E3,2.382757E0,-2.094619E0,
9.420833E0,2.381000E3,2.429534E0,-2.110867E0,
9.425000E0,2.382000E3,2.464046E0,-2.134372E0,
9.429167E0,2.383000E3,2.497788E0,-2.151564E0,
9.433333E0,2.384000E3,2.539269E0,-2.172958E0,
9.437500E0,2.385000E3,2.579182E0,-2.169722E0,
9.441667E0,2.386000E3,2.596444E0,-2.196805E0,
9.445833E0,2.387000E3,2.623908E0,-2.196684E0,
9.450000E0,2.388000E3,2.647920E0,-2.216682E0,
9.454167E0,2.389000E3,2.669466E0,-2.224239E0,
9.458333E0,2.390000E3,2.688630E0,-2.233968E0,
9.462500E0,2.391000E3,2.705348E0,-2.235708E0,
9.466667E0,2.392000E3,2.714046E0,-2.260240E0,
9.470833E0,2.393000E3,2.724161E0,-2.241553E0,
9.475000E0,2.394000E3,2.728945E0,-2.256556E0,
9.479167E0,2.395000E3,2.751752E0,-2.271812E0,
9.483333E0,2.396000E3,2.744941E0,-2.266778E0,
9.487500E0,2.397000E3,2.754294E0,-2.281708E0,
9.491667E0,2.398000E3,2.770191E0,-2.279361E0,
9.495833E0,2.399000E3,2.782435E0,-2.297823E0,
9.500000E0,2.400000E3,2.795643E0,-2.305384E0,
9.504167E0,2.401000E3,2.827547E0,-2.317805E0,
9.508333E0,2.402000E3,2.842766E0,-2.351327E0,
9.512500E0,2.403000E3,2.887899E0,-2.350041E0,
9.516667E0,2.404000E3,2.898403E0,-2.375625E0,
9.520833E0,2.405000E3,2.933005E0,-2.393690E0,
9.525000E0,2.406000E3,2.957922E0,-2.418185E0,
9.529167E0,2.407000E3,3.010668E0,-2.437331E0,
9.533333E0,2.408000E3,3.030931E0,-2.458400E0,
9.537500E0,2.409000E3,3.060335E0,-2.482296E0,
9.541667E0,2.410000E3,3.101133E0,-2.499415E0,
9.545833E0,2.411000E3,3.122566E0,-2.506545E0,
9.550000E0,2.412000E3,3.157555E0,-2.533140E0,
9.554167E0,2.413000E3,3.178566E0,-2.551999E0,
9.558333E0,2.414000E3,3.203053E0,-2.556146E0,
9.562500E0,2.415000E3,3.227941E0,-2.574579E0,
9.566667E0,2.416000E3,3.234751E0,-2.591240E0,
9.570833E0,2.417000E3,3.236839E0,-2.565194E0,
9.575000E0,2.418000E3,3.238990E0,-2.591013E0,
9.579167E0,2.419000E3,3.273230E0,-2.599393E0,
9.583333E0,2.420000E3,3.272686E0,-2.594655E0,
9.587500E0,2.421000E3,3.273458E0,-2.595707E0,
9.591667E0,2.422000E3,3.288734E0,-2.618461E0,
9.595833E0,2.423000E3,3.302303E0,-2.620588E0,
9.600000E0,2.424000E3,3.308040E0,-2.626442E0,
9.604167E0,2.425000E3,3.335956E0,-2.648234E0,
9.608333E0,2.426000E3,3.358488E0,-2.653310E0,
9.612500E0,2.427000E3,3.376643E0,-2.661496E0,
9.616667E0,2.428000E3,3.404322E0,-2.678426E0,
9.620833E0,2.429000E3,3.427607E0,-2.699936E0,
9.625000E0,2.430000E3,3.463291E0,-2.720504E0,
9.629167E0,2.431000E3,3.485060E0,-2.740668E0,
9.633333E0,2.432000E3,3.527615E0,-2.767078E0,
9.637500E0,2.433000E3,3.583077E0,-2.787244E0,
9.641667E0,2.434000E3,3.596333E0,-2.815706E0,
9.645833E0,2.435000E3,3.629087E0,-2.819444E0,
9.650000E0,2.436000E3,3.659024E0,-2.841779E0,
9.654167E0,2.437000E3,3.694721E0,-2.855854E0,
9.658333E0,2.438000E3,3.717084E0,-2.871612E0,
9.662500E0,2.439000E3,3.743839E0,-2.877674E0,
9.666667E0,2.440000E3,3.751534E0,-2.881240E0,
9.670833E0,2.441000E3,3.767376E0,-2.901435E0,
9.675000E0,2.442000E3,3.784313E0,-2.914073E0,
9.679167E0,2.443000E3,3.791764E0,-2.914365E0,
9.683333E0,2.444000E3,3.797830E0,-2.923351E0,
9.687500E0,2.445000E3,3.807699E0,-2.928249E0,
9.691667E0,2.446000E3,3.818310E0,-2.923896E0,
9.695833E0,2.447000E3,3.844373E0,-2.925604E0,
9.700000E0,2.448000E3,3.839371E0,-2.945010E0,
9.704167E0,2.449000E3,3.869984E0,-2.939556E0,
9.708333E0,2.450000E3,3.872716E0,-2.954833E0,
9.712500E0,2.451000E3,3.886496E0,-2.955702E0,
9.716667E0,2.452000E3,3.924996E0,-2.969814E0,
9.720833E0,2.453000E3,3.951525E0,-2.979197E0,
9.725000E0,2.454000E3,3.989974E0,-2.990604E0,
9.729167E0,2.455000E3,4.006891E0,-3.018878E0,
9.733333E0,2.456000E3,4.058645E0,-3.023677E0,
9.737500E0,2.457000E3,4.071610E0,-3.039923E0,
9.741667E0,2.458000E3,4.109201E0,-3.057235E0,
9.745833E0,2.459000E3,4.161534E0,-3.082144E0,
9.750000E0,2.460000E3,4.201415E0,-3.098283E0,
9.754167E0,2.461000E3,4.229644E0,-3.106337E0,
9.758333E0,2.462000E3,4.247130E0,-3.119769E0,
9.762500E0,2.463000E3,4.285054E0,-3.122750E0,
9.766667E0,2.464000E3,4.313814E0,-3.139360E0,
9.770833E0,2.465000E3,4.334528E0,-3.154809E0,
9.775000E0,2.466000E3,4.349693E0,-3.152658E0,
9.779167E0,2.467000E3,4.365243E0,-3.160786E0,
9.783333E0,2.468000E3,4.370312E0,-3.168356E0,
9.787500E0,2.469000E3,4.371906E0,-3.168758E0,
9.791667E0,2.470000E3,4.395396E0,-3.174904E0,
9.795833E0,2.471000E3,4.403814E0,-3.179518E0,
9.800000E0,2.472000E3,4.413276E0,-3.189785E0,
9.804167E0,2.473000E3,4.402944E0,-3.178163E0,
9.808333E0,2.474000E3,4.427770E0,-3.192200E0,
9.812500E0,2.475000E3,4.458831E0,-3.203822E0,
9.816667E0,2.476000E3,4.465337E0,-3.218528E0,
9.820833E0,2.477000E3,4.502018E0,-3.219407E0,
9.825000E0,2.478000E3,4.511972E0,-3.234871E0,
9.829167E0,2.479000E3,4.552545E0,-3.255511E0,
9.833333E0,2.480000E3,4.565879E0,-3.266357E0,
9.837500E0,2.481000E3,4.619100E0,-3.287844E0,
9.841667E0,2.482000E3,4.649501E0,-3.300964E0,
9.845833E0,2.483000E3,4.677666E0,-3.339313E0,
9.850000E0,2.484000E3,4.714532E0,-3.344797E0,
9.854167E0,2.485000E3,4.748036E0,-3.365580E0,
9.858333E0,2.486000E3,4.773759E0,-3.394911E0,
9.862500E0,2.487000E3,4.802287E0,-3.402348E0,
9.866667E0,2.488000E3,4.843305E0,-3.425331E0,
9.870833E0,2.489000E3,4.858689E0,-3.439002E0,
9.875000E0,2.490000E3,4.873185E0,-3.445348E0,
9.879167E0,2.491000E3,4.897345E0,-3.455924E0,
9.883333E0,2.492000E3,4.906992E0,-3.468109E0,
9.887500E0,2.493000E3,4.905699E0,-3.468503E0,
9.891667E0,2.494000E3,4.915830E0,-3.477156E0,
9.895833E0,2.495000E3,4.935033E0,-3.488445E0,
9.900000E0,2.496000E3,4.934697E0,-3.485071E0,
9.904167E0,2.497000E3,4.952792E0,-3.499323E0,
9.908333E0,2.498000E3,4.957723E0,-3.517615E0,
9.912500E0,2.499000E3,4.966581E0,-3.495110E0,
9.916667E0,2.500000E3,4.984558E0,-3.525433E0,
9.920833E0,2.501000E3,4.992830E0,-3.527086E0,
9.925000E0,2.502000E3,5.036397E0,-3.546443E0,
9.929167E0,2.503000E3,5.054085E0,-3.557236E0,
9.933333E0,2.504000E3,5.079251E0,-3.573783E0,
9.937500E0,2.505000E3,5.121065E0,-3.587078E0,
9.941667E0,2.506000E3,5.142845E0,-3.605940E0,
9.945833E0,2.507000E3,5.163625E0,-3.643358E0,
9.950000E0,2.508000E3,5.212234E0,-3.649502E0,
9.954167E0,2.509000E3,5.245349E0,-3.677323E0,
9.958333E0,2.510000E3,5.270743E0,-3.695641E0,
9.962500E0,2.511000E3,5.314017E0,-3.725490E0,
9.966667E0,2.512000E3,5.328609E0,-3.743000E0,
9.970833E0,2.513000E3,5.356438E0,-3.757430E0,
9.975000E0,2.514000E3,5.385127E0,-3.767875E0,
9.979167E0,2.515000E3,5.400558E0,-3.788529E0,
9.983333E0,2.516000E3,5.411101E0,-3.793012E0,
9.987500E0,2.517000E3,5.430580E0,-3.798619E0,
9.991667E0,2.518000E3,5.443045E0,-3.808907E0,
9.995833E0,2.519000E3,5.464824E0,-3.820410E0,
1.000000E1,2.520000E3,5.463258E0,-3.825671E0,
1.000417E1,2.521000E3,5.461441E0,-3.834185E0,
1.000833E1,2.522000E3,5.477024E0,-3.830129E0,
1.001250E1,2.523000E3,5.486935E0,-3.841540E0,
1.001667E1,2.524000E3,5.503119E0,-3.851176E0,
1.002083E1,2.525000E3,5.511321E0,-3.853293E0,
1.002500E1,2.526000E3,5.528336E0,-3.863240E0,
1.002917E1,2.527000E3,5.559073E0,-3.873759E0,
1.003333E1,2.528000E3,5.573309E0,-3.905215E0,
1.003750E1,2.529000E3,5.612480E0,-3.900719E0,
1.004167E1,2.530000E3,5.635263E0,-3.921120E0,
1.004583E1,2.531000E3,5.665115E0,-3.942696E0,
1.005000E1,2.532000E3,5.697114E0,-3.971719E0,
1.005417E1,2.533000E3,5.734753E0,-3.991807E0,
1.005833E1,2.534000E3,5.768458E0,-4.015857E0,
1.006250E1,2.535000E3,5.793376E0,-4.033936E0,
1.006667E1,2.536000E3,5.838352E0,-4.049144E0,
1.007083E1,2.537000E3,5.858670E0,-4.084961E0,
1.007500E1,2.538000E3,5.891491E0,-4.089517E0,
1.007917E1,2.539000E3,5.910991E0,-4.093546E0,
1.008333E1,2.540000E3,5.943509E0,-4.121138E0,
1.008750E1,2.541000E3,5.948853E0,-4.130787E0,
1.009167E1,2.542000E3,5.959701E0,-4.130057E0,
1.009583E1,2.543000E3,5.976874E0,-4.147884E0,
1.010000E1,2.544000E3,5.993436E0,-4.148238E0,
1.010417E1,2.545000E3,5.995499E0,-4.159483E0,
1.010833E1,2.546000E3,5.994960E0,-4.159167E0,
1.011250E1,2.547000E3,6.014657E0,-4.173212E0,
1.011667E1,2.548000E3,6.020760E0,-4.172785E0,
1.012083E1,2.549000E3,6.044202E0,-4.173032E0,
1.012500E1,2.550000E3,6.052331E0,-4.189217E0,
1.012917E1,2.551000E3,6.067413E0,-4.186764E0,
1.013333E1,2.552000E3,6.094370E0,-4.209416E0,
1.013750E1,2.553000E3,6.109428E0,-4.219002E0,
1.014167E1,2.554000E3,6.123257E0,-4.230078E0,
1.014583E1,2.555000E3,6.161736E0,-4.247087E0,
1.015000E1,2.556000E3,6.190269E0,-4.274184E0,
1.015417E1,2.557000E3,6.226980E0,-4.295493E0,
1.015833E1,2.558000E3,6.249849E0,-4.325597E0,
1.016250E1,2.559000E3,6.289021E0,-4.339426E0,
1.016667E1,2.560000E3,6.321910E0,-4.348161E0,
1.017083E1,2.561000E3,6.349148E0,-4.391317E0,
1.017500E1,2.562000E3,6.375282E0,-4.410605E0,
1.017917E1,2.563000E3,6.413473E0,-4.428056E0,
1.018333E1,2.564000E3,6.424704E0,-4.443037E0,
1.018750E1,2.565000E3,6.461125E0,-4.465587E0,
1.019167E1,2.566000E3,6.474926E0,-4.477865E0,
1.019583E1,2.567000E3,6.488450E0,-4.471852E0,
1.020000E1,2.568000E3,6.496201E0,-4.481502E0,
1.020417E1,2.569000E3,6.509320E0,-4.492538E0,
1.020833E1,2.570000E3,6.519143E0,-4.508225E0,
1.021250E1,2.571000E3,6.523467E0,-4.510201E0,
1.021667E1,2.572000E3,6.532220E0,-4.507869E0,
1.022083E1,2.573000E3,6.548490E0,-4.520948E0,
1.022500E1,2.574000E3,6.552351E0,-4.517932E0,
1.022917E1,2.575000E3,6.572296E0,-4.537127E0,
1.023333E1,2.576000E3,6.583649E0,-4.542722E0,
1.023750E1,2.577000E3,6.600723E0,-4.548471E0,
1.024167E1,2.578000E3,6.633573E0,-4.552500E0,
1.024583E1,2.579000E3,6.652086E0,-4.583926E0,
1.025000E1,2.580000E3,6.677935E0,-4.585987E0,
1.025417E1,2.581000E3,6.711295E0,-4.621556E0,
1.025833E1,2.582000E3,6.750330E0,-4.636222E0,
1.026250E1,2.583000E3,6.775558E0,-4.660001E0,
1.026667E1,2.584000E3,6.812758E0,-4.674477E0,
1.027083E1,2.585000E3,6.839062E0,-4.692412E0,
1.027500E1,2.586000E3,6.882821E0,-4.716261E0,
1.027917E1,2.587000E3,6.912733E0,-4.726346E0,
1.028333E1,2.588000E3,6.935956E0,-4.756274E0,
1.028750E1,2.589000E3,6.972964E0,-4.765075E0,
1.029167E1,2.590000E3,6.996579E0,-4.772294E0,
1.029583E1,2.591000E3,7.018277E0,-4.783196E0,
1.030000E1,2.592000E3,7.026587E0,-4.794026E0,
1.030417E1,2.593000E3,7.037530E0,-4.798329E0,
1.030833E1,2.594000E3,7.065261E0,-4.798548E0,
1.031250E1,2.595000E3,7.055887E0,-4.810314E0,
1.031667E1,2.596000E3,7.077309E0,-4.807137E0,
1.032083E1,2.597000E3,7.086019E0,-4.814448E0,
1.032500E1,2.598000E3,7.097638E0,-4.829253E0,
1.032917E1,2.599000E3,7.106734E0,-4.831991E0,
1.033333E1,2.600000E3,7.120771E0,-4.842669E0,
1.033750E1,2.601000E3,7.133919E0,-4.845969E0,
1.034167E1,2.602000E3,7.156663E0,-4.850497E0,
1.034583E1,2.603000E3,7.176744E0,-4.866649E0,
1.035000E1,2.604000E3,7.205428E0,-4.883388E0,
1.035417E1,2.605000E3,7.248592E0,-4.888357E0,
1.035833E1,2.606000E3,7.256846E0,-4.897676E0,
1.036250E1,2.607000E3,7.284300E0,-4.922270E0,
1.036667E1,2.608000E3,7.337871E0,-4.923518E0,
1.037083E1,2.609000E3,7.387905E0,-4.944472E0,
1.037500E1,2.610000E3,7.405391E0,-4.956138E0,
1.037917E1,2.611000E3,7.456054E0,-4.968059E0,
1.038333E1,2.612000E3,7.483904E0,-4.983877E0,
1.038750E1,2.613000E3,7.518389E0,-4.997843E0,
1.039167E1,2.614000E3,7.541890E0,-4.997459E0,
1.039583E1,2.615000E3,7.580136E0,-5.010254E0,
1.040000E1,2.616000E3,7.593176E0,-5.014039E0,
1.040417E1,2.617000E3,7.622184E0,-5.022709E0,
1.040833E1,2.618000E3,7.644323E0,-5.036272E0,
1.041250E1,2.619000E3,7.655805E0,-5.028244E0,
1.041667E1,2.620000E3,7.660956E0,-5.038755E0,
1.042083E1,2.621000E3,7.653013E0,-5.038326E0,
1.042500E1,2.622000E3,7.675751E0,-5.032267E0,
1.042917E1,2.623000E3,7.689346E0,-5.043291E0,
1.043333E1,2.624000E3,7.693913E0,-5.048040E0,
1.043750E1,2.625000E3,7.706476E0,-5.052009E0,
1.044167E1,2.626000E3,7.719730E0,-5.055282E0,
1.044583E1,2.627000E3,7.758882E0,-5.059321E0,
1.045000E1,2.628000E3,7.769851E0,-5.075544E0,
1.045417E1,2.629000E3,7.791748E0,-5.075113E0,
1.045833E1,2.630000E3,7.822078E0,-5.087117E0,
1.046250E1,2.631000E3,7.860944E0,-5.097337E0,
1.046667E1,2.632000E3,7.897393E0,-5.084520E0,
1.047083E1,2.633000E3,7.925512E0,-5.099808E0,
1.047500E1,2.634000E3,7.970057E0,-5.114912E0,
1.047917E1,2.635000E3,8.011661E0,-5.123183E0,
1.048333E1,2.636000E3,8.047800E0,-5.134710E0,
1.048750E1,2.637000E3,8.097090E0,-5.132067E0,
1.049167E1,2.638000E3,8.121419E0,-5.157065E0,
1.049583E1,2.639000E3,8.151972E0,-5.159785E0,
1.050000E1,2.640000E3,8.160390E0,-5.154862E0,
1.050417E1,2.641000E3,8.200441E0,-5.153530E0,
1.050833E1,2.642000E3,8.231959E0,-5.161443E0,
1.051250E1,2.643000E3,8.252563E0,-5.171750E0,
1.051667E1,2.644000E3,8.260044E0,-5.168934E0,
1.052083E1,2.645000E3,8.273898E0,-5.173331E0,
1.052500E1,2.646000E3,8.275988E0,-5.174078E0,
1.052917E1,2.647000E3,8.284333E0,-5.167012E0,
1.053333E1,2.648000E3,8.295517E0,-5.170926E0,
1.053750E1,2.649000E3,8.315971E0,-5.176117E0,
1.054167E1,2.650000E3,8.323691E0,-5.179921E0,
1.054583E1,2.651000E3,8.332057E0,-5.181668E0,
1.055000E1,2.652000E3,8.364912E0,-5.182494E0,
1.055417E1,2.653000E3,8.376124E0,-5.187902E0,
1.055833E1,2.654000E3,8.400189E0,-5.183483E0,
1.056250E1,2.655000E3,8.434721E0,-5.204938E0,
1.056667E1,2.656000E3,8.472071E0,-5.203293E0,
1.057083E1,2.657000E3,8.502413E0,-5.216546E0,
1.057500E1,2.658000E3,8.546665E0,-5.204801E0,
1.057917E1,2.659000E3,8.581183E0,-5.225995E0,
1.058333E1,2.660000E3,8.627972E0,-5.219848E0,
1.058750E1,2.661000E3,8.659366E0,-5.226818E0,
1.059167E1,2.662000E3,8.702526E0,-5.239686E0,
1.059583E1,2.663000E3,8.730889E0,-5.236569E0,
1.060000E1,2.664000E3,8.769447E0,-5.243137E0,
1.060417E1,2.665000E3,8.796258E0,-5.244898E0,
1.060833E1,2.666000E3,8.815468E0,-5.247889E0,
1.061250E1,2.667000E3,8.852252E0,-5.250962E0,
1.061667E1,2.668000E3,8.860714E0,-5.258082E0,
1.062083E1,2.669000E3,8.880416E0,-5.243160E0,
1.062500E1,2.670000E3,8.888354E0,-5.257626E0,
1.062917E1,2.671000E3,8.902661E0,-5.248124E0,
1.063333E1,2.672000E3,8.912302E0,-5.241171E0,
1.063750E1,2.673000E3,8.919324E0,-5.254935E0,
1.064167E1,2.674000E3,8.934315E0,-5.247813E0,
1.064583E1,2.675000E3,8.946177E0,-5.243897E0,
1.065000E1,2.676000E3,8.964991E0,-5.254530E0,
1.065417E1,2.677000E3,8.978319E0,-5.247586E0,
1.065833E1,2.678000E3,9.006092E0,-5.255931E0,
1.066250E1,2.679000E3,9.024729E0,-5.254137E0,
1.066667E1,2.680000E3,9.053486E0,-5.260258E0,
1.067083E1,2.681000E3,9.086567E0,-5.262956E0,
1.067500E1,2.682000E3,9.121256E0,-5.263023E0,
1.067917E1,2.683000E3,9.160661E0,-5.265796E0,
1.068333E1,2.684000E3,9.202709E0,-5.269260E0,
1.068750E1,2.685000E3,9.241405E0,-5.269190E0,
1.069167E1,2.686000E3,9.274360E0,-5.270606E0,
1.069583E1,2.687000E3,9.308618E0,-5.283861E0,
1.070000E1,2.688000E3,9.344225E0,-5.287136E0,
1.070417E1,2.689000E3,9.398608E0,-5.284412E0,
1.070833E1,2.690000E3,9.411054E0,-5.288889E0,
1.071250E1,2.691000E3,9.444170E0,-5.282117E0,
1.071667E1,2.692000E3,9.479387E0,-5.295717E0,
1.072083E1,2.693000E3,9.491348E0,-5.284807E0,
1.072500E1,2.694000E3,9.505746E0,-5.294294E0,
1.072917E1,2.695000E3,9.514631E0,-5.294208E0,
1.073333E1,2.696000E3,9.526180E0,-5.294563E0,
1.073750E1,2.697000E3,9.540843E0,-5.291116E0,
1.074167E1,2.698000E3,9.554044E0,-5.295105E0,
1.074583E1,2.699000E3,9.565364E0,-5.295312E0,
1.075000E1,2.700000E3,9.576245E0,-5.298148E0,
1.075417E1,2.701000E3,9.580807E0,-5.302237E0,
1.075833E1,2.702000E3,9.601145E0,-5.301239E0,
1.076250E1,2.703000E3,9.623786E0,-5.304938E0,
1.076667E1,2.704000E3,9.650564E0,-5.311777E0,
1.077083E1,2.705000E3,9.685917E0,-5.295250E0,
1.077500E1,2.706000E3,9.707508E0,-5.315289E0,
1.077917E1,2.707000E3,9.739025E0,-5.316559E0,
1.078333E1,2.708000E3,9.780223E0,-5.330345E0,
1.078750E1,2.709000E3,9.817694E0,-5.332622E0,
1.079167E1,2.710000E3,9.860683E0,-5.344270E0,
1.079583E1,2.711000E3,9.894326E0,-5.360750E0,
1.080000E1,2.712000E3,9.930047E0,-5.353961E0,
1.080417E1,2.713000E3,9.960683E0,-5.381417E0,
1.080833E1,2.714000E3,1.000136E1,-5.368828E0,
1.081250E1,2.715000E3,1.003527E1,-5.374189E0,
1.081667E1,2.716000E3,1.005983E1,-5.384699E0,
1.082083E1,2.717000E3,1.008969E1,-5.390033E0,
1.082500E1,2.718000E3,1.010826E1,-5.387551E0,
1.082917E1,2.719000E3,1.012558E1,-5.392632E0,
1.083333E1,2.720000E3,1.012718E1,-5.398800E0,
1.083750E1,2.721000E3,1.015593E1,-5.408793E0,
1.084167E1,2.722000E3,1.016311E1,-5.396702E0,
1.084583E1,2.723000E3,1.015421E1,-5.397677E0,
1.085000E1,2.724000E3,1.017579E1,-5.409566E0,
1.085417E1,2.725000E3,1.017783E1,-5.407497E0,
1.085833E1,2.726000E3,1.020015E1,-5.409415E0,
1.086250E1,2.727000E3,1.021519E1,-5.409366E0,
1.086667E1,2.728000E3,1.023318E1,-5.409920E0,
1.087083E1,2.729000E3,1.026773E1,-5.413734E0,
1.087500E1,2.730000E3,1.029631E1,-5.405586E0,
1.087917E1,2.731000E3,1.031952E1,-5.412939E0,
1.088333E1,2.732000E3,1.034870E1,-5.419740E0,
1.088750E1,2.733000E3,1.039883E1,-5.425344E0,
1.089167E1,2.734000E3,1.042654E1,-5.429015E0,
1.089583E1,2.735000E3,1.046928E1,-5.426468E0,
1.090000E1,2.736000E3,1.051301E1,-5.419093E0,
1.090417E1,2.737000E3,1.054838E1,-5.428183E0,
1.090833E1,2.738000E3,1.058329E1,-5.440481E0,
1.091250E1,2.739000E3,1.062084E1,-5.432998E0,
1.091667E1,2.740000E3,1.065660E1,-5.434384E0,
1.092083E1,2.741000E3,1.068679E1,-5.437945E0,
1.092500E1,2.742000E3,1.070629E1,-5.438328E0,
1.092917E1,2.743000E3,1.072119E1,-5.448253E0,
1.093333E1,2.744000E3,1.075032E1,-5.444753E0,
1.093750E1,2.745000E3,1.076353E1,-5.432219E0,
1.094167E1,2.746000E3,1.078225E1,-5.442927E0,
1.094583E1,2.747000E3,1.078734E1,-5.433849E0,
1.095000E1,2.748000E3,1.079332E1,-5.433474E0,
1.095417E1,2.749000E3,1.080227E1,-5.430139E0,
1.095833E1,2.750000E3,1.082153E1,-5.435094E0,
1.096250E1,2.751000E3,1.082002E1,-5.444134E0,
1.096667E1,2.752000E3,1.084651E1,-5.440051E0,
1.097083E1,2.753000E3,1.085822E1,-5.435214E0,
1.097500E1,2.754000E3,1.089005E1,-5.438066E0,
1.097917E1,2.755000E3,1.091434E1,-5.438543E0,
1.098333E1,2.756000E3,1.094395E1,-5.441796E0,
1.098750E1,2.757000E3,1.097921E1,-5.447590E0,
1.099167E1,2.758000E3,1.101919E1,-5.449866E0,
1.099583E1,2.759000E3,1.105792E1,-5.461006E0,
1.100000E1,2.760000E3,1.108682E1,-5.469149E0,
1.100417E1,2.761000E3,1.113588E1,-5.464463E0,
1.100833E1,2.762000E3,1.116893E1,-5.468092E0,
1.101250E1,2.763000E3,1.120829E1,-5.469623E0,
1.101667E1,2.764000E3,1.124234E1,-5.492031E0,
1.102083E1,2.765000E3,1.127586E1,-5.487941E0,
1.102500E1,2.766000E3,1.130016E1,-5.503132E0,
1.102917E1,2.767000E3,1.132288E1,-5.499025E0,
1.103333E1,2.768000E3,1.134749E1,-5.514827E0,
1.103750E1,2.769000E3,1.137276E1,-5.497552E0,
1.104167E1,2.770000E3,1.139588E1,-5.505920E0,
1.104583E1,2.771000E3,1.139303E1,-5.515355E0,
1.105000E1,2.772000E3,1.141557E1,-5.515242E0,
1.105417E1,2.773000E3,1.141122E1,-5.518827E0,
1.105833E1,2.774000E3,1.142811E1,-5.510265E0,
1.106250E1,2.775000E3,1.144549E1,-5.519837E0,
1.106667E1,2.776000E3,1.145841E1,-5.523447E0,
1.107083E1,2.777000E3,1.146695E1,-5.520865E0,
1.107500E1,2.778000E3,1.149745E1,-5.535581E0,
1.107917E1,2.779000E3,1.150686E1,-5.530403E0,
1.108333E1,2.780000E3,1.152899E1,-5.539896E0,
1.108750E1,2.781000E3,1.154918E1,-5.546304E0,
1.109167E1,2.782000E3,1.159029E1,-5.549996E0,
1.109583E1,2.783000E3,1.162346E1,-5.560890E0,
1.110000E1,2.784000E3,1.165959E1,-5.565152E0,
1.110417E1,2.785000E3,1.170492E1,-5.563744E0,
1.110833E1,2.786000E3,1.173706E1,-5.574546E0,
1.111250E1,2.787000E3,1.177371E1,-5.599642E0,
1.111667E1,2.788000E3,1.181282E1,-5.598948E0,
1.112083E1,2.789000E3,1.185720E1,-5.594618E0,
1.112500E1,2.790000E3,1.188425E1,-5.611241E0,
1.112917E1,2.791000E3,1.192267E1,-5.612941E0,
1.113333E1,2.792000E3,1.194740E1,-5.616439E0,
1.113750E1,2.793000E3,1.196332E1,-5.621368E0,
1.114167E1,2.794000E3,1.197054E1,-5.627779E0,
1.114583E1,2.795000E3,1.200203E1,-5.635086E0,
1.115000E1,2.796000E3,1.201510E1,-5.642680E0,
1.115417E1,2.797000E3,1.203144E1,-5.643681E0,
1.115833E1,2.798000E3,1.204491E1,-5.630139E0,
1.116250E1,2.799000E3,1.204808E1,-5.639481E0,
1.116667E1,2.800000E3,1.205148E1,-5.640164E0,
1.117083E1,2.801000E3,1.206222E1,-5.655277E0,
1.117500E1,2.802000E3,1.207861E1,-5.654634E0,
1.117917E1,2.803000E3,1.209585E1,-5.658624E0,
1.118333E1,2.804000E3,1.211548E1,-5.664115E0,
1.118750E1,2.805000E3,1.214116E1,-5.671333E0,
1.119167E1,2.806000E3,1.218163E1,-5.663943E0,
1.119583E1,2.807000E3,1.219124E1,-5.674784E0,
1.120000E1,2.808000E3,1.221897E1,-5.684180E0,
1.120417E1,2.809000E3,1.227014E1,-5.685808E0,
1.120833E1,2.810000E3,1.230739E1,-5.684239E0,
1.121250E1,2.811000E3,1.234097E1,-5.696122E0,
1.121667E1,2.812000E3,1.239550E1,-5.702214E0,
1.122083E1,2.813000E3,1.243002E1,-5.718584E0,
1.122500E1,2.814000E3,1.247069E1,-5.716450E0,
1.122917E1,2.815000E3,1.250400E1,-5.715195E0,
1.123333E1,2.816000E3,1.253324E1,-5.726869E0,
1.123750E1,2.817000E3,1.255528E1,-5.730467E0,
1.124167E1,2.818000E3,1.257616E1,-5.752575E0,
1.124583E1,2.819000E3,1.260229E1,-5.741491E0,
1.125000E1,2.820000E3,1.262287E1,-5.752989E0,
1.125417E1,2.821000E3,1.262382E1,-5.749043E0,
1.125833E1,2.822000E3,1.263856E1,-5.753780E0,
1.126250E1,2.823000E3,1.265033E1,-5.757788E0,
1.126667E1,2.824000E3,1.266047E1,-5.757839E0,
1.127083E1,2.825000E3,1.266396E1,-5.760379E0,
1.127500E1,2.826000E3,1.268246E1,-5.755412E0,
1.127917E1,2.827000E3,1.269522E1,-5.765436E0,
1.128333E1,2.828000E3,1.271409E1,-5.775438E0,
1.128750E1,2.829000E3,1.272178E1,-5.785482E0,
1.129167E1,2.830000E3,1.274581E1,-5.780812E0,
1.129583E1,2.831000E3,1.278319E1,-5.797179E0,
1.130000E1,2.832000E3,1.281683E1,-5.785975E0,
1.130417E1,2.833000E3,1.285318E1,-5.799215E0,
1.130833E1,2.834000E3,1.288383E1,-5.808595E0,
1.131250E1,2.835000E3,1.291140E1,-5.828502E0,
1.131667E1,2.836000E3,1.295697E1,-5.834554E0,
1.132083E1,2.837000E3,1.298214E1,-5.860969E0,
1.132500E1,2.838000E3,1.303505E1,-5.857749E0,
1.132917E1,2.839000E3,1.306179E1,-5.871838E0,
1.133333E1,2.840000E3,1.308393E1,-5.881049E0,
1.133750E1,2.841000E3,1.313970E1,-5.894933E0,
1.134167E1,2.842000E3,1.315797E1,-5.897275E0,
1.134583E1,2.843000E3,1.319018E1,-5.891764E0,
1.135000E1,2.844000E3,1.320319E1,-5.903868E0,
1.135417E1,2.845000E3,1.322887E1,-5.912266E0,
1.135833E1,2.846000E3,1.324151E1,-5.913240E0,
1.136250E1,2.847000E3,1.325239E1,-5.918157E0,
1.136667E1,2.848000E3,1.324864E1,-5.929181E0,
1.137083E1,2.849000E3,1.326344E1,-5.924098E0,
1.137500E1,2.850000E3,1.326745E1,-5.922494E0,
1.137917E1,2.851000E3,1.329227E1,-5.947139E0,
1.138333E1,2.852000E3,1.329684E1,-5.943517E0,
1.138750E1,2.853000E3,1.332263E1,-5.926350E0,
1.139167E1,2.854000E3,1.333145E1,-5.938555E0,
1.139583E1,2.855000E3,1.335547E1,-5.952378E0,
1.140000E1,2.856000E3,1.338553E1,-5.963937E0,
1.140417E1,2.857000E3,1.340405E1,-5.963367E0,
1.140833E1,2.858000E3,1.344389E1,-5.971803E0,
1.141250E1,2.859000E3,1.346104E1,-5.969100E0,
1.141667E1,2.860000E3,1.350953E1,-5.997503E0,
1.142083E1,2.861000E3,1.355810E1,-6.000942E0,
1.142500E1,2.862000E3,1.360713E1,-5.997479E0,
1.142917E1,2.863000E3,1.361776E1,-6.006096E0,
1.143333E1,2.864000E3,1.367649E1,-6.024931E0,
1.143750E1,2.865000E3,1.371007E1,-6.039503E0,
1.144167E1,2.866000E3,1.366747E1,-6.025403E0,
1.144583E1,2.867000E3,1.363567E1,-6.017576E0,
1.145000E1,2.868000E3,1.361466E1,-6.008284E0,
1.145417E1,2.869000E3,1.359250E1,-6.006227E0,
1.145833E1,2.870000E3,1.357764E1,-5.999038E0,
1.146250E1,2.871000E3,1.355085E1,-5.998716E0,
1.146667E1,2.872000E3,1.354769E1,-5.989862E0,
1.147083E1,2.873000E3,1.353271E1,-5.985338E0,
1.147500E1,2.874000E3,1.352412E1,-5.986180E0,
1.147917E1,2.875000E3,1.352062E1,-5.983846E0,
1.148333E1,2.876000E3,1.350832E1,-5.977182E0,
1.148750E1,2.877000E3,1.348054E1,-5.979538E0,
1.149167E1,2.878000E3,1.348012E1,-5.969743E0,
1.149583E1,2.879000E3,1.346214E1,-5.981571E0,
1.150000E1,2.880000E3,1.344468E1,-5.974978E0,
1.150417E1,2.881000E3,1.341746E1,-5.958673E0,
1.150833E1,2.882000E3,1.338923E1,-5.955307E0,
1.151250E1,2.883000E3,1.335414E1,-5.951915E0,
1.151667E1,2.884000E3,1.332137E1,-5.946049E0,
1.152083E1,2.885000E3,1.328916E1,-5.946629E0,
1.152500E1,2.886000E3,1.323682E1,-5.932984E0,
1.152917E1,2.887000E3,1.320433E1,-5.929760E0,
1.153333E1,2.888000E3,1.316404E1,-5.939434E0,
1.153750E1,2.889000E3,1.312363E1,-5.928613E0,
1.154167E1,2.890000E3,1.307805E1,-5.921083E0,
1.154583E1,2.891000E3,1.306429E1,-5.935634E0,
1.155000E1,2.892000E3,1.302431E1,-5.910467E0,
1.155417E1,2.893000E3,1.300850E1,-5.910289E0,
1.155833E1,2.894000E3,1.299082E1,-5.912360E0,
1.156250E1,2.895000E3,1.295011E1,-5.908655E0,
1.156667E1,2.896000E3,1.294454E1,-5.901074E0,
1.157083E1,2.897000E3,1.292610E1,-5.897735E0,
1.157500E1,2.898000E3,1.291761E1,-5.909348E0,
1.157917E1,2.899000E3,1.290795E1,-5.897058E0,
1.158333E1,2.900000E3,1.289866E1,-5.901393E0,
1.158750E1,2.901000E3,1.288670E1,-5.900413E0,
1.159167E1,2.902000E3,1.287231E1,-5.904440E0,
1.159583E1,2.903000E3,1.285183E1,-5.895540E0,
1.160000E1,2.904000E3,1.283706E1,-5.905519E0,
1.160417E1,2.905000E3,1.281293E1,-5.895681E0,
1.160833E1,2.906000E3,1.278803E1,-5.892330E0,
1.161250E1,2.907000E3,1.276857E1,-5.903942E0,
1.161667E1,2.908000E3,1.273266E1,-5.886655E0,
1.162083E1,2.909000E3,1.269208E1,-5.880985E0,
1.162500E1,2.910000E3,1.265421E1,-5.875685E0,
1.162917E1,2.911000E3,1.262423E1,-5.879921E0,
1.163333E1,2.912000E3,1.258118E1,-5.881608E0,
1.163750E1,2.913000E3,1.255035E1,-5.880159E0,
1.164167E1,2.914000E3,1.250923E1,-5.871693E0,
1.164583E1,2.915000E3,1.247476E1,-5.862978E0,
1.165000E1,2.916000E3,1.244576E1,-5.866757E0,
1.165417E1,2.917000E3,1.240062E1,-5.857377E0,
1.165833E1,2.918000E3,1.238007E1,-5.850404E0,
1.166250E1,2.919000E3,1.234921E1,-5.853075E0,
1.166667E1,2.920000E3,1.232774E1,-5.849563E0,
1.167083E1,2.921000E3,1.231394E1,-5.847327E0,
1.167500E1,2.922000E3,1.229030E1,-5.842574E0,
1.167917E1,2.923000E3,1.229007E1,-5.841529E0,
1.168333E1,2.924000E3,1.227765E1,-5.842940E0,
1.168750E1,2.925000E3,1.226592E1,-5.848578E0,
1.169167E1,2.926000E3,1.225839E1,-5.838553E0,
1.169583E1,2.927000E3,1.224168E1,-5.839874E0,
1.170000E1,2.928000E3,1.223583E1,-5.834830E0,
1.170417E1,2.929000E3,1.220305E1,-5.828405E0,
1.170833E1,2.930000E3,1.218927E1,-5.838009E0,
1.171250E1,2.931000E3,1.217633E1,-5.832505E0,
1.171667E1,2.932000E3,1.214573E1,-5.822707E0,
1.172083E1,2.933000E3,1.212034E1,-5.823649E0,
1.172500E1,2.934000E3,1.207102E1,-5.819848E0,
1.172917E1,2.935000E3,1.204631E1,-5.808809E0,
1.173333E1,2.936000E3,1.200720E1,-5.813698E0,
1.173750E1,2.937000E3,1.197071E1,-5.808481E0,
1.174167E1,2.938000E3,1.192250E1,-5.803092E0,
1.174583E1,2.939000E3,1.189905E1,-5.786525E0,
1.175000E1,2.940000E3,1.185734E1,-5.792978E0,
1.175417E1,2.941000E3,1.182128E1,-5.783751E0,
1.175833E1,2.942000E3,1.178863E1,-5.780872E0,
1.176250E1,2.943000E3,1.175522E1,-5.783735E0,
1.176667E1,2.944000E3,1.172723E1,-5.768930E0,
1.177083E1,2.945000E3,1.171807E1,-5.771251E0,
1.177500E1,2.946000E3,1.169768E1,-5.764209E0,
1.177917E1,2.947000E3,1.167663E1,-5.768489E0,
1.178333E1,2.948000E3,1.165839E1,-5.762883E0,
1.178750E1,2.949000E3,1.165222E1,-5.766095E0,
1.179167E1,2.950000E3,1.165164E1,-5.776032E0,
1.179583E1,2.951000E3,1.163713E1,-5.758904E0,
1.180000E1,2.952000E3,1.163254E1,-5.763076E0,
1.180417E1,2.953000E3,1.161789E1,-5.761453E0,
1.180833E1,2.954000E3,1.160304E1,-5.757761E0,
1.181250E1,2.955000E3,1.157942E1,-5.755447E0,
1.181667E1,2.956000E3,1.155389E1,-5.745517E0,
1.182083E1,2.957000E3,1.152732E1,-5.753999E0,
1.182500E1,2.958000E3,1.149338E1,-5.747625E0,
1.182917E1,2.959000E3,1.146032E1,-5.738959E0,
1.183333E1,2.960000E3,1.143316E1,-5.743938E0,
1.183750E1,2.961000E3,1.138861E1,-5.738340E0,
1.184167E1,2.962000E3,1.134100E1,-5.734200E0,
1.184583E1,2.963000E3,1.131699E1,-5.741908E0,
1.185000E1,2.964000E3,1.126702E1,-5.722325E0,
1.185417E1,2.965000E3,1.123374E1,-5.734851E0,
1.185833E1,2.966000E3,1.119674E1,-5.730954E0,
1.186250E1,2.967000E3,1.116234E1,-5.725503E0,
1.186667E1,2.968000E3,1.114390E1,-5.721649E0,
1.187083E1,2.969000E3,1.111160E1,-5.720525E0,
1.187500E1,2.970000E3,1.107609E1,-5.729575E0,
1.187917E1,2.971000E3,1.108435E1,-5.718825E0,
1.188333E1,2.972000E3,1.105148E1,-5.708832E0,
1.188750E1,2.973000E3,1.104568E1,-5.716635E0,
1.189167E1,2.974000E3,1.103332E1,-5.721062E0,
1.189583E1,2.975000E3,1.101743E1,-5.716552E0,
1.190000E1,2.976000E3,1.099780E1,-5.713603E0,
1.190417E1,2.977000E3,1.098323E1,-5.714915E0,
1.190833E1,2.978000E3,1.099533E1,-5.719669E0,
1.191250E1,2.979000E3,1.095949E1,-5.703577E0,
1.191667E1,2.980000E3,1.095704E1,-5.712763E0,
1.192083E1,2.981000E3,1.092022E1,-5.711656E0,
1.192500E1,2.982000E3,1.089859E1,-5.702542E0,
1.192917E1,2.983000E3,1.088196E1,-5.709457E0,
1.193333E1,2.984000E3,1.084079E1,-5.706980E0,
1.193750E1,2.985000E3,1.080944E1,-5.706090E0,
1.194167E1,2.986000E3,1.076818E1,-5.712113E0,
1.194583E1,2.987000E3,1.072643E1,-5.706705E0,
1.195000E1,2.988000E3,1.069980E1,-5.710325E0,
1.195417E1,2.989000E3,1.065439E1,-5.706786E0,
1.195833E1,2.990000E3,1.061334E1,-5.712011E0,
1.196250E1,2.991000E3,1.057178E1,-5.707284E0,
1.196667E1,2.992000E3,1.053537E1,-5.696180E0,
1.197083E1,2.993000E3,1.050882E1,-5.714306E0,
1.197500E1,2.994000E3,1.048623E1,-5.705471E0,
1.197917E1,2.995000E3,1.046377E1,-5.705822E0,
1.198333E1,2.996000E3,1.044303E1,-5.710856E0,
1.198750E1,2.997000E3,1.042830E1,-5.719300E0,
1.199167E1,2.998000E3,1.040023E1,-5.707269E0,
1.199583E1,2.999000E3,1.040396E1,-5.714288E0,
