,A,,,,,
t,frame,x,y,pixelx,pixely,
0.000000E0,96,-7.001298E0,2.996069E0,7.444106E2,4.480287E2
4.166667E-3,,,,,
8.333333E-3,98,-6.987834E0,2.991294E0,7.448261E2,4.481761E2
1.250000E-2,,,,,
1.666667E-2,100,-6.972163E0,2.995288E0,7.453098E2,4.480528E2
2.083333E-2,,,,,
2.500000E-2,102,-6.944883E0,2.979758E0,7.461518E2,4.485322E2
2.916667E-2,,,,,
3.333333E-2,104,-6.908917E0,2.976677E0,7.472618E2,4.486272E2
3.750000E-2,,,,,
4.166667E-2,106,-6.877994E0,2.969554E0,7.482162E2,4.488471E2
4.583333E-2,,,,,
5.000000E-2,108,-6.825438E0,2.938153E0,7.498383E2,4.498163E2
5.416667E-2,,,,,
5.833333E-2,110,-6.792209E0,2.922211E0,7.508639E2,4.503083E2
6.250000E-2,,,,,
6.666667E-2,112,-6.727578E0,2.912373E0,7.528587E2,4.506120E2
7.083333E-2,,,,,
7.500000E-2,114,-6.674350E0,2.901102E0,7.545015E2,4.509598E2
7.916667E-2,,,,,
8.333333E-2,116,-6.630320E0,2.873016E0,7.558605E2,4.518267E2
8.750000E-2,,,,,
9.166667E-2,118,-6.584235E0,2.863219E0,7.572829E2,4.521290E2
9.583333E-2,,,,,
1.000000E-1,120,-6.567814E0,2.850206E0,7.577897E2,4.525307E2
1.041667E-1,,,,,
1.083333E-1,122,-6.518126E0,2.837250E0,7.593233E2,4.529306E2
1.125000E-1,,,,,
1.166667E-1,124,-6.509154E0,2.848348E0,7.596002E2,4.525880E2
1.208333E-1,,,,,
1.250000E-1,126,-6.493014E0,2.837863E0,7.600983E2,4.529116E2
1.291667E-1,,,,,
1.333333E-1,128,-6.462086E0,2.821467E0,7.610529E2,4.534177E2
1.375000E-1,,,,,
1.416667E-1,130,-6.467809E0,2.829136E0,7.608763E2,4.531810E2
1.458333E-1,,,,,
1.500000E-1,132,-6.450631E0,2.831020E0,7.614064E2,4.531228E2
1.541667E-1,,,,,
1.583333E-1,134,-6.429676E0,2.822481E0,7.620532E2,4.533864E2
1.625000E-1,,,,,
1.666667E-1,136,-6.401576E0,2.813697E0,7.629205E2,4.536575E2
1.708333E-1,,,,,
1.750000E-1,138,-6.361574E0,2.807721E0,7.641551E2,4.538420E2
1.791667E-1,,,,,
1.833333E-1,140,-6.334687E0,2.803295E0,7.649850E2,4.539786E2
1.875000E-1,,,,,
1.916667E-1,142,-6.287778E0,2.785758E0,7.664328E2,4.545198E2
1.958333E-1,,,,,
2.000000E-1,144,-6.250022E0,2.775322E0,7.675981E2,4.548419E2
2.041667E-1,,,,,
2.083333E-1,146,-6.192404E0,2.760886E0,7.693764E2,4.552875E2
2.125000E-1,,,,,
2.166667E-1,148,-6.137873E0,2.751578E0,7.710595E2,4.555748E2
2.208333E-1,,,,,
2.250000E-1,150,-6.080716E0,2.751913E0,7.728236E2,4.555644E2
2.291667E-1,,,,,
2.333333E-1,152,-6.050487E0,2.718661E0,7.737566E2,4.565907E2
2.375000E-1,,,,,
2.416667E-1,154,-6.018958E0,2.716157E0,7.747297E2,4.566680E2
2.458333E-1,,,,,
2.500000E-1,156,-5.978722E0,2.695863E0,7.759715E2,4.572944E2
2.541667E-1,,,,,
2.583333E-1,158,-5.961091E0,2.698718E0,7.765157E2,4.572062E2
2.625000E-1,,,,,
2.666667E-1,160,-5.943650E0,2.680000E0,7.770540E2,4.577840E2
2.708333E-1,,,,,
2.750000E-1,162,-5.922123E0,2.688673E0,7.777184E2,4.575163E2
2.791667E-1,,,,,
2.833333E-1,164,-5.910929E0,2.686053E0,7.780639E2,4.575971E2
2.875000E-1,,,,,
2.916667E-1,166,-5.892737E0,2.674555E0,7.786254E2,4.579520E2
2.958333E-1,,,,,
3.000000E-1,168,-5.884191E0,2.676923E0,7.788892E2,4.578789E2
3.041667E-1,,,,,
3.083333E-1,170,-5.855608E0,2.658977E0,7.797714E2,4.584328E2
3.125000E-1,,,,,
3.166667E-1,172,-5.826626E0,2.656175E0,7.806659E2,4.585193E2
3.208333E-1,,,,,
3.250000E-1,174,-5.784271E0,2.643305E0,7.819731E2,4.589165E2
3.291667E-1,,,,,
3.333333E-1,176,-5.744677E0,2.641521E0,7.831952E2,4.589716E2
3.375000E-1,,,,,
3.416667E-1,178,-5.702677E0,2.633498E0,7.844915E2,4.592192E2
3.458333E-1,,,,,
3.500000E-1,180,-5.644939E0,2.614894E0,7.862735E2,4.597934E2
3.541667E-1,,,,,
3.583333E-1,182,-5.600003E0,2.588999E0,7.876604E2,4.605926E2
3.625000E-1,,,,,
3.666667E-1,184,-5.541721E0,2.580085E0,7.894592E2,4.608678E2
3.708333E-1,,,,,
3.750000E-1,186,-5.503030E0,2.567312E0,7.906534E2,4.612620E2
3.791667E-1,,,,,
3.833333E-1,188,-5.453151E0,2.554773E0,7.921929E2,4.616490E2
3.875000E-1,,,,,
3.916667E-1,190,-5.434704E0,2.548410E0,7.927622E2,4.618454E2
3.958333E-1,,,,,
4.000000E-1,192,-5.415084E0,2.531309E0,7.933678E2,4.623732E2
4.041667E-1,,,,,
4.083333E-1,194,-5.386625E0,2.534181E0,7.942461E2,4.622845E2
4.125000E-1,,,,,
4.166667E-1,196,-5.376923E0,2.522494E0,7.945456E2,4.626453E2
4.208333E-1,,,,,
4.250000E-1,198,-5.364392E0,2.516877E0,7.949324E2,4.628186E2
4.291667E-1,,,,,
4.333333E-1,200,-5.358660E0,2.499306E0,7.951093E2,4.633609E2
4.375000E-1,,,,,
4.416667E-1,202,-5.332217E0,2.497010E0,7.959254E2,4.634318E2
4.458333E-1,,,,,
4.500000E-1,204,-5.318740E0,2.482356E0,7.963414E2,4.638841E2
4.541667E-1,,,,,
4.583333E-1,206,-5.293674E0,2.478549E0,7.971150E2,4.640016E2
4.625000E-1,,,,,
4.666667E-1,208,-5.254018E0,2.450442E0,7.983389E2,4.648691E2
4.708333E-1,,,,,
4.750000E-1,210,-5.213544E0,2.434082E0,7.995882E2,4.653740E2
4.791667E-1,,,,,
4.833333E-1,212,-5.173906E0,2.422853E0,8.008115E2,4.657206E2
4.875000E-1,,,,,
4.916667E-1,214,-5.125826E0,2.394335E0,8.022955E2,4.666008E2
4.958333E-1,,,,,
5.000000E-1,216,-5.077485E0,2.370963E0,8.037875E2,4.673221E2
5.041667E-1,,,,,
5.083333E-1,218,-5.034535E0,2.346458E0,8.051131E2,4.680785E2
5.125000E-1,,,,,
5.166667E-1,220,-4.987214E0,2.345127E0,8.065737E2,4.681195E2
5.208333E-1,,,,,
5.250000E-1,222,-4.952155E0,2.307081E0,8.076557E2,4.692938E2
5.291667E-1,,,,,
5.333333E-1,224,-4.931564E0,2.295624E0,8.082912E2,4.696474E2
5.375000E-1,,,,,
5.416667E-1,226,-4.909449E0,2.270018E0,8.089738E2,4.704377E2
5.458333E-1,,,,,
5.500000E-1,228,-4.878900E0,2.270678E0,8.099167E2,4.704173E2
5.541667E-1,,,,,
5.583333E-1,230,-4.859011E0,2.272862E0,8.105305E2,4.703499E2
5.625000E-1,,,,,
5.666667E-1,232,-4.850837E0,2.264474E0,8.107828E2,4.706088E2
5.708333E-1,,,,,
5.750000E-1,234,-4.829081E0,2.258163E0,8.114543E2,4.708036E2
5.791667E-1,,,,,
5.833333E-1,236,-4.818439E0,2.252291E0,8.117827E2,4.709848E2
5.875000E-1,,,,,
5.916667E-1,238,-4.798569E0,2.230114E0,8.123960E2,4.716693E2
5.958333E-1,,,,,
6.000000E-1,240,-4.778265E0,2.227874E0,8.130227E2,4.717384E2
6.041667E-1,,,,,
6.083333E-1,242,-4.745154E0,2.207979E0,8.140446E2,4.723525E2
6.125000E-1,,,,,
6.166667E-1,244,-4.706448E0,2.189856E0,8.152393E2,4.729118E2
6.208333E-1,,,,,
6.250000E-1,246,-4.666484E0,2.162762E0,8.164727E2,4.737481E2
6.291667E-1,,,,,
6.333333E-1,248,-4.622825E0,2.140723E0,8.178202E2,4.744283E2
6.375000E-1,,,,,
6.416667E-1,250,-4.591602E0,2.113869E0,8.187839E2,4.752571E2
6.458333E-1,,,,,
6.500000E-1,252,-4.527523E0,2.091319E0,8.207616E2,4.759531E2
6.541667E-1,,,,,
6.583333E-1,254,-4.492931E0,2.068898E0,8.218293E2,4.766451E2
6.625000E-1,,,,,
6.666667E-1,256,-4.461897E0,2.038905E0,8.227871E2,4.775708E2
6.708333E-1,,,,,
6.750000E-1,258,-4.426806E0,2.031915E0,8.238702E2,4.777866E2
6.791667E-1,,,,,
6.833333E-1,260,-4.407329E0,2.012361E0,8.244713E2,4.783901E2
6.875000E-1,,,,,
6.916667E-1,262,-4.385718E0,2.005541E0,8.251383E2,4.786006E2
6.958333E-1,,,,,
7.000000E-1,264,-4.365583E0,1.993719E0,8.257598E2,4.789655E2
7.041667E-1,,,,,
7.083333E-1,266,-4.359171E0,1.979081E0,8.259577E2,4.794172E2
7.125000E-1,,,,,
7.166667E-1,268,-4.352800E0,1.973344E0,8.261543E2,4.795943E2
7.208333E-1,,,,,
7.250000E-1,270,-4.337156E0,1.962100E0,8.266372E2,4.799414E2
7.291667E-1,,,,,
7.333333E-1,272,-4.315654E0,1.951879E0,8.273008E2,4.802568E2
7.375000E-1,,,,,
7.416667E-1,274,-4.294082E0,1.937066E0,8.279666E2,4.807140E2
7.458333E-1,,,,,
7.500000E-1,276,-4.267625E0,1.940083E0,8.287832E2,4.806209E2
7.541667E-1,,,,,
7.583333E-1,278,-4.237971E0,1.894236E0,8.296984E2,4.820359E2
7.625000E-1,,,,,
7.666667E-1,280,-4.185992E0,1.864503E0,8.313027E2,4.829536E2
7.708333E-1,,,,,
7.750000E-1,282,-4.147340E0,1.839933E0,8.324957E2,4.837120E2
7.791667E-1,,,,,
7.833333E-1,284,-4.105501E0,1.805258E0,8.337870E2,4.847822E2
7.875000E-1,,,,,
7.916667E-1,286,-4.062414E0,1.783060E0,8.351169E2,4.854673E2
7.958333E-1,,,,,
8.000000E-1,288,-4.019388E0,1.763232E0,8.364448E2,4.860793E2
8.041667E-1,,,,,
8.083333E-1,290,-3.982419E0,1.735947E0,8.375858E2,4.869214E2
8.125000E-1,,,,,
8.166667E-1,292,-3.937412E0,1.730383E0,8.389749E2,4.870931E2
8.208333E-1,,,,,
8.250000E-1,294,-3.926473E0,1.719226E0,8.393126E2,4.874375E2
8.291667E-1,,,,,
8.333333E-1,296,-3.891508E0,1.703995E0,8.403917E2,4.879076E2
8.375000E-1,,,,,
8.416667E-1,298,-3.888613E0,1.680545E0,8.404811E2,4.886313E2
8.458333E-1,,,,,
8.500000E-1,300,-3.868472E0,1.679627E0,8.411027E2,4.886597E2
8.541667E-1,,,,,
8.583333E-1,302,-3.859219E0,1.684678E0,8.413883E2,4.885038E2
8.625000E-1,,,,,
8.666667E-1,304,-3.835834E0,1.679105E0,8.421101E2,4.886758E2
8.708333E-1,,,,,
8.750000E-1,306,-3.825910E0,1.665207E0,8.424164E2,4.891047E2
8.791667E-1,,,,,
8.833333E-1,308,-3.808296E0,1.664086E0,8.429600E2,4.891393E2
8.875000E-1,,,,,
8.916667E-1,310,-3.771891E0,1.633815E0,8.440836E2,4.900736E2
8.958333E-1,,,,,
9.000000E-1,312,-3.743235E0,1.622274E0,8.449681E2,4.904298E2
9.041667E-1,,,,,
9.083333E-1,314,-3.695584E0,1.601381E0,8.464388E2,4.910747E2
9.125000E-1,,,,,
9.166667E-1,316,-3.646529E0,1.573917E0,8.479528E2,4.919223E2
9.208333E-1,,,,,
9.250000E-1,318,-3.600654E0,1.536635E0,8.493687E2,4.930730E2
9.291667E-1,,,,,
9.333333E-1,320,-3.566739E0,1.524720E0,8.504155E2,4.934407E2
9.375000E-1,,,,,
9.416667E-1,322,-3.518269E0,1.505101E0,8.519115E2,4.940463E2
9.458333E-1,,,,,
9.500000E-1,324,-3.478595E0,1.488179E0,8.531359E2,4.945685E2
9.541667E-1,,,,,
9.583333E-1,326,-3.435787E0,1.452093E0,8.544572E2,4.956823E2
9.625000E-1,,,,,
9.666667E-1,328,-3.417242E0,1.441509E0,8.550296E2,4.960090E2
9.708333E-1,,,,,
9.750000E-1,330,-3.401523E0,1.435254E0,8.555147E2,4.962020E2
9.791667E-1,,,,,
9.833333E-1,332,-3.383282E0,1.430198E0,8.560777E2,4.963581E2
9.875000E-1,,,,,
9.916667E-1,334,-3.383427E0,1.407187E0,8.560733E2,4.970683E2
9.958333E-1,,,,,
1.000000E0,336,-3.365789E0,1.398362E0,8.566176E2,4.973407E2
1.004167E0,,,,,
1.008333E0,338,-3.352658E0,1.403840E0,8.570229E2,4.971716E2
1.012500E0,,,,,
1.016667E0,340,-3.343840E0,1.389034E0,8.572951E2,4.976286E2
1.020833E0,,,,,
1.025000E0,342,-3.309358E0,1.378640E0,8.583593E2,4.979494E2
1.029167E0,,,,,
1.033333E0,344,-3.283747E0,1.370050E0,8.591498E2,4.982145E2
1.037500E0,,,,,
1.041667E0,346,-3.249040E0,1.333330E0,8.602210E2,4.993478E2
1.045833E0,,,,,
1.050000E0,348,-3.218129E0,1.311239E0,8.611750E2,5.000297E2
1.054167E0,,,,,
1.058333E0,350,-3.161625E0,1.289321E0,8.629190E2,5.007061E2
1.062500E0,,,,,
1.066667E0,352,-3.120768E0,1.260569E0,8.641800E2,5.015935E2
1.070833E0,,,,,
1.075000E0,354,-3.079810E0,1.239084E0,8.654441E2,5.022567E2
1.079167E0,,,,,
1.083333E0,356,-3.028071E0,1.207359E0,8.670410E2,5.032358E2
1.087500E0,,,,,
1.091667E0,358,-2.988021E0,1.192627E0,8.682771E2,5.036905E2
1.095833E0,,,,,
1.100000E0,360,-2.954438E0,1.181409E0,8.693136E2,5.040368E2
1.104167E0,,,,,
1.108333E0,362,-2.920903E0,1.149418E0,8.703487E2,5.050241E2
1.112500E0,,,,,
1.116667E0,364,-2.903805E0,1.141759E0,8.708764E2,5.052605E2
1.120833E0,,,,,
1.125000E0,366,-2.897741E0,1.131358E0,8.710636E2,5.055815E2
1.129167E0,,,,,
1.133333E0,368,-2.888913E0,1.128835E0,8.713360E2,5.056594E2
1.137500E0,,,,,
1.141667E0,370,-2.867052E0,1.126687E0,8.720107E2,5.057257E2
1.145833E0,,,,,
1.150000E0,372,-2.857252E0,1.114754E0,8.723132E2,5.060940E2
1.154167E0,,,,,
1.158333E0,374,-2.845679E0,1.102665E0,8.726704E2,5.064671E2
1.162500E0,,,,,
1.166667E0,376,-2.823453E0,1.092451E0,8.733564E2,5.067824E2
1.170833E0,,,,,
1.175000E0,378,-2.796093E0,1.069183E0,8.742008E2,5.075005E2
1.179167E0,,,,,
1.183333E0,380,-2.767922E0,1.052320E0,8.750703E2,5.080210E2
1.187500E0,,,,,
1.191667E0,382,-2.730783E0,1.012405E0,8.762166E2,5.092529E2
1.195833E0,,,,,
1.200000E0,384,-2.683614E0,1.009238E0,8.776724E2,5.093507E2
1.204167E0,,,,,
1.208333E0,386,-2.641742E0,9.742361E-1,8.789647E2,5.104310E2
1.212500E0,,,,,
1.216667E0,388,-2.607973E0,9.444604E-1,8.800070E2,5.113500E2
1.220833E0,,,,,
1.225000E0,390,-2.549882E0,9.330892E-1,8.817999E2,5.117010E2
1.229167E0,,,,,
1.233333E0,392,-2.509240E0,9.022416E-1,8.830543E2,5.126530E2
1.237500E0,,,,,
1.241667E0,394,-2.466369E0,8.759897E-1,8.843775E2,5.134633E2
1.245833E0,,,,,
1.250000E0,396,-2.453094E0,8.736926E-1,8.847872E2,5.135342E2
1.254167E0,,,,,
1.258333E0,398,-2.420343E0,8.358841E-1,8.857981E2,5.147011E2
1.262500E0,,,,,
1.266667E0,400,-2.402737E0,8.412446E-1,8.863414E2,5.145357E2
1.270833E0,,,,,
1.275000E0,402,-2.396532E0,8.282374E-1,8.865330E2,5.149371E2
1.279167E0,,,,,
1.283333E0,404,-2.384717E0,8.073476E-1,8.868976E2,5.155819E2
1.287500E0,,,,,
1.291667E0,406,-2.368165E0,8.194931E-1,8.874085E2,5.152070E2
1.295833E0,,,,,
1.300000E0,408,-2.350217E0,8.025267E-1,8.879624E2,5.157307E2
1.304167E0,,,,,
1.308333E0,410,-2.333728E0,7.875112E-1,8.884714E2,5.161941E2
1.312500E0,,,,,
1.316667E0,412,-2.310064E0,7.728776E-1,8.892017E2,5.166458E2
1.320833E0,,,,,
1.325000E0,414,-2.293175E0,7.593390E-1,8.897230E2,5.170636E2
1.329167E0,,,,,
1.333333E0,416,-2.252153E0,7.231985E-1,8.909891E2,5.181791E2
1.337500E0,,,,,
1.341667E0,418,-2.206453E0,7.064060E-1,8.923996E2,5.186973E2
1.345833E0,,,,,
1.350000E0,420,-2.170873E0,6.672664E-1,8.934977E2,5.199054E2
1.354167E0,,,,,
1.358333E0,422,-2.125915E0,6.436375E-1,8.948853E2,5.206346E2
1.362500E0,,,,,
1.366667E0,424,-2.083936E0,6.031413E-1,8.961810E2,5.218845E2
1.370833E0,,,,,
1.375000E0,426,-2.047638E0,5.853166E-1,8.973013E2,5.224347E2
1.379167E0,,,,,
1.383333E0,428,-2.009002E0,5.570978E-1,8.984938E2,5.233056E2
1.387500E0,,,,,
1.391667E0,430,-1.986539E0,5.334576E-1,8.991871E2,5.240353E2
1.395833E0,,,,,
1.400000E0,432,-1.970089E0,5.279672E-1,8.996948E2,5.242047E2
1.404167E0,,,,,
1.408333E0,434,-1.942173E0,5.131329E-1,9.005564E2,5.246626E2
1.412500E0,,,,,
1.416667E0,436,-1.922368E0,5.107123E-1,9.011677E2,5.247373E2
1.420833E0,,,,,
1.425000E0,438,-1.913200E0,4.881873E-1,9.014506E2,5.254325E2
1.429167E0,,,,,
1.433333E0,440,-1.910822E0,4.886779E-1,9.015240E2,5.254173E2
1.437500E0,,,,,
1.441667E0,442,-1.903457E0,4.895855E-1,9.017513E2,5.253893E2
1.445833E0,,,,,
1.450000E0,444,-1.868894E0,4.635043E-1,9.028181E2,5.261943E2
1.454167E0,,,,,
1.458333E0,446,-1.850035E0,4.520491E-1,9.034002E2,5.265479E2
1.462500E0,,,,,
1.466667E0,448,-1.816960E0,4.447110E-1,9.044210E2,5.267744E2
1.470833E0,,,,,
1.475000E0,450,-1.778167E0,4.301519E-1,9.056183E2,5.272237E2
1.479167E0,,,,,
1.483333E0,452,-1.724711E0,4.096662E-1,9.072682E2,5.278560E2
1.487500E0,,,,,
1.491667E0,454,-1.676039E0,3.787876E-1,9.087704E2,5.288090E2
1.495833E0,,,,,
1.500000E0,456,-1.641982E0,3.482799E-1,9.098215E2,5.297506E2
1.504167E0,,,,,
1.508333E0,458,-1.592334E0,3.283042E-1,9.113539E2,5.303672E2
1.512500E0,,,,,
1.516667E0,460,-1.541999E0,3.184253E-1,9.129074E2,5.306721E2
1.520833E0,,,,,
1.525000E0,462,-1.504157E0,2.883327E-1,9.140754E2,5.316008E2
1.529167E0,,,,,
1.533333E0,464,-1.483100E0,2.769255E-1,9.147253E2,5.319529E2
1.537500E0,,,,,
1.541667E0,466,-1.458714E0,2.664661E-1,9.154780E2,5.322757E2
1.545833E0,,,,,
1.550000E0,468,-1.434416E0,2.490865E-1,9.162279E2,5.328121E2
1.554167E0,,,,,
1.558333E0,470,-1.421084E0,2.385109E-1,9.166394E2,5.331386E2
1.562500E0,,,,,
1.566667E0,472,-1.411188E0,2.354500E-1,9.169448E2,5.332330E2
1.570833E0,,,,,
1.575000E0,474,-1.404285E0,2.216519E-1,9.171579E2,5.336589E2
1.579167E0,,,,,
1.583333E0,476,-1.386263E0,2.229753E-1,9.177141E2,5.336180E2
1.587500E0,,,,,
1.591667E0,478,-1.366191E0,2.061419E-1,9.183336E2,5.341376E2
1.595833E0,,,,,
1.600000E0,480,-1.336929E0,1.989689E-1,9.192368E2,5.343590E2
1.604167E0,,,,,
1.608333E0,482,-1.318380E0,1.760345E-1,9.198093E2,5.350668E2
1.612500E0,,,,,
1.616667E0,484,-1.279339E0,1.590027E-1,9.210142E2,5.355925E2
1.620833E0,,,,,
1.625000E0,486,-1.233145E0,1.372034E-1,9.224400E2,5.362653E2
1.629167E0,,,,,
1.633333E0,488,-1.190451E0,1.162092E-1,9.237577E2,5.369133E2
1.637500E0,,,,,
1.641667E0,490,-1.141928E0,1.014459E-1,9.252553E2,5.373690E2
1.645833E0,,,,,
1.650000E0,492,-1.090182E0,6.938933E-2,9.268524E2,5.383584E2
1.654167E0,,,,,
1.658333E0,494,-1.036770E0,3.617246E-2,9.285009E2,5.393836E2
1.662500E0,,,,,
1.666667E0,496,-1.013231E0,1.666028E-2,9.292274E2,5.399858E2
1.670833E0,,,,,
1.675000E0,498,-9.749091E-1,7.358144E-3,9.304102E2,5.402729E2
1.679167E0,,,,,
1.683333E0,500,-9.532915E-1,3.809213E-3,9.310774E2,5.403824E2
1.687500E0,,,,,
1.691667E0,502,-9.300686E-1,-4.412911E-3,9.317942E2,5.406362E2
1.695833E0,,,,,
1.700000E0,504,-9.233058E-1,-2.239043E-2,9.320029E2,5.411911E2
1.704167E0,,,,,
1.708333E0,506,-9.141104E-1,-1.676346E-2,9.322867E2,5.410174E2
1.712500E0,,,,,
1.716667E0,508,-8.967231E-1,-2.874793E-2,9.328234E2,5.413873E2
1.720833E0,,,,,
1.725000E0,510,-8.774471E-1,-3.821156E-2,9.334183E2,5.416794E2
1.729167E0,,,,,
1.733333E0,512,-8.642368E-1,-4.483965E-2,9.338260E2,5.418839E2
1.737500E0,,,,,
1.741667E0,514,-8.390504E-1,-4.414584E-2,9.346034E2,5.418625E2
1.745833E0,,,,,
1.750000E0,516,-8.070293E-1,-6.839286E-2,9.355917E2,5.426109E2
1.754167E0,,,,,
1.758333E0,518,-7.747285E-1,-8.267556E-2,9.365886E2,5.430517E2
1.762500E0,,,,,
1.766667E0,520,-7.216872E-1,-1.095136E-1,9.382257E2,5.438800E2
1.770833E0,,,,,
1.775000E0,522,-6.767376E-1,-1.323034E-1,9.396130E2,5.445834E2
1.779167E0,,,,,
1.783333E0,524,-6.332716E-1,-1.426787E-1,9.409546E2,5.449037E2
1.787500E0,,,,,
1.791667E0,526,-5.812278E-1,-1.824444E-1,9.425609E2,5.461310E2
1.795833E0,,,,,
1.800000E0,528,-5.411569E-1,-1.984367E-1,9.437976E2,5.466246E2
1.804167E0,,,,,
1.808333E0,530,-5.129404E-1,-2.288983E-1,9.446685E2,5.475648E2
1.812500E0,,,,,
1.816667E0,532,-4.714266E-1,-2.407770E-1,9.459498E2,5.479314E2
1.820833E0,,,,,
1.825000E0,534,-4.494027E-1,-2.362108E-1,9.466295E2,5.477905E2
1.829167E0,,,,,
1.833333E0,536,-4.374669E-1,-2.667064E-1,9.469979E2,5.487317E2
1.837500E0,,,,,
1.841667E0,538,-4.039877E-1,-2.694595E-1,9.480312E2,5.488167E2
1.845833E0,,,,,
1.850000E0,540,-3.949307E-1,-2.713077E-1,9.483108E2,5.488737E2
1.854167E0,,,,,
1.858333E0,542,-3.772914E-1,-2.815280E-1,9.488552E2,5.491891E2
1.862500E0,,,,,
1.866667E0,544,-3.596031E-1,-2.793343E-1,9.494011E2,5.491214E2
1.870833E0,,,,,
1.875000E0,546,-3.534440E-1,-2.939092E-1,9.495912E2,5.495713E2
1.879167E0,,,,,
1.883333E0,548,-3.366848E-1,-3.053531E-1,9.501085E2,5.499245E2
1.887500E0,,,,,
1.891667E0,550,-2.980153E-1,-3.211772E-1,9.513020E2,5.504129E2
1.895833E0,,,,,
1.900000E0,552,-2.662780E-1,-3.486564E-1,9.522815E2,5.512610E2
1.904167E0,,,,,
1.908333E0,554,-2.203099E-1,-3.526307E-1,9.537003E2,5.513837E2
1.912500E0,,,,,
1.916667E0,556,-1.776352E-1,-3.784606E-1,9.550174E2,5.521809E2
1.920833E0,,,,,
1.925000E0,558,-1.294381E-1,-4.099945E-1,9.565050E2,5.531542E2
1.929167E0,,,,,
1.933333E0,560,-8.085609E-2,-4.304046E-1,9.580044E2,5.537841E2
1.937500E0,,,,,
1.941667E0,562,-2.534408E-2,-4.490585E-1,9.597178E2,5.543598E2
1.945833E0,,,,,
1.950000E0,564,1.097070E-3,-4.538373E-1,9.605339E2,5.545073E2
1.954167E0,,,,,
1.958333E0,566,4.371390E-2,-4.686678E-1,9.618492E2,5.549651E2
1.962500E0,,,,,
1.966667E0,568,6.173282E-2,-4.768273E-1,9.624053E2,5.552169E2
1.970833E0,,,,,
1.975000E0,570,8.918468E-2,-5.027679E-1,9.632526E2,5.560175E2
1.979167E0,,,,,
1.983333E0,572,1.054982E-1,-4.964827E-1,9.637561E2,5.558235E2
1.987500E0,,,,,
1.991667E0,574,1.274077E-1,-5.080937E-1,9.644323E2,5.561819E2
1.995833E0,,,,,
2.000000E0,576,1.234391E-1,-5.296748E-1,9.643098E2,5.568480E2
2.004167E0,,,,,
2.008333E0,578,1.513430E-1,-5.226394E-1,9.651711E2,5.566308E2
2.012500E0,,,,,
2.016667E0,580,1.597028E-1,-5.388877E-1,9.654291E2,5.571323E2
2.020833E0,,,,,
2.025000E0,582,1.900209E-1,-5.655480E-1,9.663648E2,5.579552E2
2.029167E0,,,,,
2.033333E0,584,2.214097E-1,-5.635347E-1,9.673336E2,5.578930E2
2.037500E0,,,,,
2.041667E0,586,2.478631E-1,-5.795650E-1,9.681501E2,5.583878E2
2.045833E0,,,,,
2.050000E0,588,3.035532E-1,-5.970907E-1,9.698689E2,5.589287E2
2.054167E0,,,,,
2.058333E0,590,3.316973E-1,-6.139376E-1,9.707376E2,5.594487E2
2.062500E0,,,,,
2.066667E0,592,3.889831E-1,-6.403238E-1,9.725057E2,5.602631E2
2.070833E0,,,,,
2.075000E0,594,4.381937E-1,-6.610635E-1,9.740245E2,5.609032E2
2.079167E0,,,,,
2.083333E0,596,4.655798E-1,-6.753363E-1,9.748697E2,5.613437E2
2.087500E0,,,,,
2.091667E0,598,5.227075E-1,-6.974821E-1,9.766329E2,5.620272E2
2.095833E0,,,,,
2.100000E0,600,5.600896E-1,-7.172166E-1,9.777867E2,5.626363E2
2.104167E0,,,,,
2.108333E0,602,5.960883E-1,-7.292596E-1,9.788978E2,5.630080E2
2.112500E0,,,,,
2.116667E0,604,6.107811E-1,-7.349629E-1,9.793513E2,5.631840E2
2.120833E0,,,,,
2.125000E0,606,6.320785E-1,-7.393034E-1,9.800086E2,5.633180E2
2.129167E0,,,,,
2.133333E0,608,6.376954E-1,-7.460455E-1,9.801820E2,5.635261E2
2.137500E0,,,,,
2.141667E0,610,6.549625E-1,-7.438661E-1,9.807149E2,5.634588E2
2.145833E0,,,,,
2.150000E0,612,6.739769E-1,-7.477513E-1,9.813018E2,5.635787E2
2.154167E0,,,,,
2.158333E0,614,6.821334E-1,-7.680995E-1,9.815535E2,5.642068E2
2.162500E0,,,,,
2.166667E0,616,7.028912E-1,-7.771384E-1,9.821942E2,5.644858E2
2.170833E0,,,,,
2.175000E0,618,7.267985E-1,-7.862493E-1,9.829321E2,5.647670E2
2.179167E0,,,,,
2.183333E0,620,7.660917E-1,-7.810728E-1,9.841448E2,5.646072E2
2.187500E0,,,,,
2.191667E0,622,8.062697E-1,-8.059555E-1,9.853849E2,5.653752E2
2.195833E0,,,,,
2.200000E0,624,8.637663E-1,-8.294359E-1,9.871595E2,5.660999E2
2.204167E0,,,,,
2.208333E0,626,9.082384E-1,-8.535299E-1,9.885321E2,5.668435E2
2.212500E0,,,,,
2.216667E0,628,9.591926E-1,-8.733429E-1,9.901047E2,5.674550E2
2.220833E0,,,,,
2.225000E0,630,1.002560E0,-8.908027E-1,9.914432E2,5.679939E2
2.229167E0,,,,,
2.233333E0,632,1.038734E0,-9.145985E-1,9.925597E2,5.687283E2
2.237500E0,,,,,
2.241667E0,634,1.076110E0,-9.377391E-1,9.937133E2,5.694426E2
2.245833E0,,,,,
2.250000E0,636,1.115497E0,-9.571804E-1,9.949289E2,5.700426E2
2.254167E0,,,,,
2.258333E0,638,1.134435E0,-9.654674E-1,9.955134E2,5.702984E2
2.262500E0,,,,,
2.266667E0,640,1.142736E0,-9.744879E-1,9.957696E2,5.705768E2
2.270833E0,,,,,
2.275000E0,642,1.159588E0,-9.675401E-1,9.962898E2,5.703623E2
2.279167E0,,,,,
2.283333E0,644,1.172093E0,-9.739456E-1,9.966757E2,5.705600E2
2.287500E0,,,,,
2.291667E0,646,1.187115E0,-9.870430E-1,9.971393E2,5.709643E2
2.295833E0,,,,,
2.300000E0,648,1.202860E0,-1.002928E0,9.976253E2,5.714546E2
2.304167E0,,,,,
2.308333E0,650,1.220612E0,-1.010237E0,9.981732E2,5.716801E2
2.312500E0,,,,,
2.316667E0,652,1.254304E0,-1.013563E0,9.992131E2,5.717828E2
2.320833E0,,,,,
2.325000E0,654,1.270463E0,-1.038577E0,9.997118E2,5.725548E2
2.329167E0,,,,,
2.333333E0,656,1.321978E0,-1.061485E0,1.001302E3,5.732619E2
2.337500E0,,,,,
2.341667E0,658,1.366307E0,-1.085727E0,1.002670E3,5.740101E2
2.345833E0,,,,,
2.350000E0,660,1.402438E0,-1.110369E0,1.003785E3,5.747706E2
2.354167E0,,,,,
2.358333E0,662,1.457061E0,-1.120256E0,1.005471E3,5.750758E2
2.362500E0,,,,,
2.366667E0,664,1.503293E0,-1.165754E0,1.006898E3,5.764801E2
2.370833E0,,,,,
2.375000E0,666,1.535366E0,-1.167279E0,1.007888E3,5.765271E2
2.379167E0,,,,,
2.383333E0,668,1.586981E0,-1.205716E0,1.009481E3,5.777134E2
2.387500E0,,,,,
2.391667E0,670,1.602701E0,-1.216851E0,1.009966E3,5.780571E2
2.395833E0,,,,,
2.400000E0,672,1.626939E0,-1.232263E0,1.010714E3,5.785328E2
2.404167E0,,,,,
2.408333E0,674,1.647046E0,-1.241991E0,1.011335E3,5.788331E2
2.412500E0,,,,,
2.416667E0,676,1.651068E0,-1.239938E0,1.011459E3,5.787697E2
2.420833E0,,,,,
2.425000E0,678,1.664554E0,-1.255255E0,1.011875E3,5.792424E2
2.429167E0,,,,,
2.433333E0,680,1.689806E0,-1.258767E0,1.012654E3,5.793508E2
2.437500E0,,,,,
2.441667E0,682,1.696501E0,-1.275983E0,1.012861E3,5.798822E2
2.445833E0,,,,,
2.450000E0,684,1.723666E0,-1.281007E0,1.013700E3,5.800373E2
2.454167E0,,,,,
2.458333E0,686,1.741009E0,-1.304356E0,1.014235E3,5.807579E2
2.462500E0,,,,,
2.466667E0,688,1.764979E0,-1.324816E0,1.014975E3,5.813894E2
2.470833E0,,,,,
2.475000E0,690,1.791083E0,-1.345907E0,1.015780E3,5.820403E2
2.479167E0,,,,,
2.483333E0,692,1.848034E0,-1.369268E0,1.017538E3,5.827614E2
2.487500E0,,,,,
2.491667E0,694,1.900563E0,-1.400234E0,1.019159E3,5.837171E2
2.495833E0,,,,,
2.500000E0,696,1.943067E0,-1.421058E0,1.020471E3,5.843598E2
2.504167E0,,,,,
2.508333E0,698,1.987024E0,-1.437375E0,1.021828E3,5.848634E2
2.512500E0,,,,,
2.516667E0,700,2.028464E0,-1.476422E0,1.023107E3,5.860686E2
2.520833E0,,,,,
2.525000E0,702,2.068228E0,-1.499294E0,1.024334E3,5.867745E2
2.529167E0,,,,,
2.533333E0,704,2.089305E0,-1.521640E0,1.024985E3,5.874642E2
2.537500E0,,,,,
2.541667E0,706,2.122115E0,-1.523956E0,1.025997E3,5.875357E2
2.545833E0,,,,,
2.550000E0,708,2.132236E0,-1.536580E0,1.026310E3,5.879253E2
2.554167E0,,,,,
2.558333E0,710,2.148165E0,-1.534547E0,1.026801E3,5.878626E2
2.562500E0,,,,,
2.566667E0,712,2.170314E0,-1.549739E0,1.027485E3,5.883314E2
2.570833E0,,,,,
2.575000E0,714,2.168888E0,-1.563640E0,1.027441E3,5.887605E2
2.579167E0,,,,,
2.583333E0,716,2.180670E0,-1.564111E0,1.027805E3,5.887750E2
2.587500E0,,,,,
2.591667E0,718,2.200398E0,-1.577488E0,1.028414E3,5.891879E2
2.595833E0,,,,,
2.600000E0,720,2.218432E0,-1.607280E0,1.028970E3,5.901074E2
2.604167E0,,,,,
2.608333E0,722,2.265308E0,-1.608722E0,1.030417E3,5.901519E2
2.612500E0,,,,,
2.616667E0,724,2.286297E0,-1.629212E0,1.031065E3,5.907843E2
2.620833E0,,,,,
2.625000E0,726,2.335979E0,-1.664691E0,1.032598E3,5.918794E2
2.629167E0,,,,,
2.633333E0,728,2.384610E0,-1.684494E0,1.034099E3,5.924906E2
2.637500E0,,,,,
2.641667E0,730,2.421081E0,-1.721601E0,1.035225E3,5.936358E2
2.645833E0,,,,,
2.650000E0,732,2.476794E0,-1.730928E0,1.036944E3,5.939237E2
2.654167E0,,,,,
2.658333E0,734,2.517530E0,-1.756708E0,1.038202E3,5.947194E2
2.662500E0,,,,,
2.666667E0,736,2.559290E0,-1.766983E0,1.039490E3,5.950365E2
2.670833E0,,,,,
2.675000E0,738,2.593766E0,-1.790937E0,1.040555E3,5.957758E2
2.679167E0,,,,,
2.683333E0,740,2.611400E0,-1.797495E0,1.041099E3,5.959783E2
2.687500E0,,,,,
2.691667E0,742,2.632262E0,-1.801993E0,1.041743E3,5.961171E2
2.695833E0,,,,,
2.700000E0,744,2.645414E0,-1.817822E0,1.042149E3,5.966056E2
2.704167E0,,,,,
2.708333E0,746,2.658939E0,-1.819387E0,1.042566E3,5.966539E2
2.712500E0,,,,,
2.716667E0,748,2.670250E0,-1.835767E0,1.042915E3,5.971595E2
2.720833E0,,,,,
2.725000E0,750,2.694664E0,-1.825680E0,1.043669E3,5.968482E2
2.729167E0,,,,,
2.733333E0,752,2.702790E0,-1.835679E0,1.043919E3,5.971568E2
2.737500E0,,,,,
2.741667E0,754,2.728200E0,-1.845255E0,1.044704E3,5.974523E2
2.745833E0,,,,,
2.750000E0,756,2.755765E0,-1.866599E0,1.045554E3,5.981111E2
2.754167E0,,,,,
2.758333E0,758,2.794728E0,-1.884923E0,1.046757E3,5.986766E2
2.762500E0,,,,,
2.766667E0,760,2.829926E0,-1.909742E0,1.047843E3,5.994426E2
2.770833E0,,,,,
2.775000E0,762,2.894805E0,-1.916089E0,1.049846E3,5.996386E2
2.779167E0,,,,,
2.783333E0,764,2.943834E0,-1.938332E0,1.051359E3,6.003251E2
2.787500E0,,,,,
2.791667E0,766,2.985461E0,-1.956672E0,1.052644E3,6.008911E2
2.795833E0,,,,,
2.800000E0,768,3.035198E0,-1.980121E0,1.054179E3,6.016148E2
2.804167E0,,,,,
2.808333E0,770,3.080409E0,-1.991351E0,1.055574E3,6.019614E2
2.812500E0,,,,,
2.816667E0,772,3.105687E0,-2.001204E0,1.056355E3,6.022656E2
2.820833E0,,,,,
2.825000E0,774,3.128103E0,-2.010599E0,1.057046E3,6.025555E2
2.829167E0,,,,,
2.833333E0,776,3.162665E0,-2.023375E0,1.058113E3,6.029498E2
2.837500E0,,,,,
2.841667E0,778,3.168522E0,-2.037534E0,1.058294E3,6.033869E2
2.845833E0,,,,,
2.850000E0,780,3.183156E0,-2.035558E0,1.058746E3,6.033259E2
2.854167E0,,,,,
2.858333E0,782,3.195697E0,-2.044489E0,1.059133E3,6.036015E2
2.862500E0,,,,,
2.866667E0,784,3.209181E0,-2.040319E0,1.059549E3,6.034728E2
2.870833E0,,,,,
2.875000E0,786,3.231278E0,-2.049711E0,1.060231E3,6.037627E2
2.879167E0,,,,,
2.883333E0,788,3.259204E0,-2.056187E0,1.061093E3,6.039626E2
2.887500E0,,,,,
2.891667E0,790,3.286900E0,-2.057854E0,1.061948E3,6.040140E2
2.895833E0,,,,,
2.900000E0,792,3.322200E0,-2.076031E0,1.063037E3,6.045750E2
2.904167E0,,,,,
2.908333E0,794,3.371935E0,-2.098511E0,1.064572E3,6.052689E2
2.912500E0,,,,,
2.916667E0,796,3.411773E0,-2.109671E0,1.065802E3,6.056133E2
2.920833E0,,,,,
2.925000E0,798,3.467214E0,-2.126813E0,1.067513E3,6.061424E2
2.929167E0,,,,,
2.933333E0,800,3.521536E0,-2.152425E0,1.069189E3,6.069329E2
2.937500E0,,,,,
2.941667E0,802,3.574237E0,-2.158688E0,1.070816E3,6.071262E2
2.945833E0,,,,,
2.950000E0,804,3.607542E0,-2.174408E0,1.071844E3,6.076114E2
2.954167E0,,,,,
2.958333E0,806,3.645845E0,-2.196498E0,1.073026E3,6.082932E2
2.962500E0,,,,,
2.966667E0,808,3.680721E0,-2.196870E0,1.074103E3,6.083046E2
2.970833E0,,,,,
2.975000E0,810,3.691836E0,-2.191372E0,1.074446E3,6.081350E2
2.979167E0,,,,,
2.983333E0,812,3.715996E0,-2.202236E0,1.075191E3,6.084702E2
2.987500E0,,,,,
2.991667E0,814,3.734457E0,-2.208415E0,1.075761E3,6.086609E2
2.995833E0,,,,,
3.000000E0,816,3.739290E0,-2.215722E0,1.075910E3,6.088865E2
3.004167E0,,,,,
3.008333E0,818,3.758300E0,-2.210345E0,1.076497E3,6.087205E2
3.012500E0,,,,,
3.016667E0,820,3.765786E0,-2.229136E0,1.076728E3,6.093005E2
3.020833E0,,,,,
3.025000E0,822,3.798850E0,-2.238741E0,1.077748E3,6.095969E2
3.029167E0,,,,,
3.033333E0,824,3.826818E0,-2.233948E0,1.078612E3,6.094490E2
3.037500E0,,,,,
3.041667E0,826,3.858866E0,-2.235146E0,1.079601E3,6.094860E2
3.045833E0,,,,,
3.050000E0,828,3.906404E0,-2.260547E0,1.081068E3,6.102700E2
3.054167E0,,,,,
3.058333E0,830,3.959440E0,-2.265844E0,1.082705E3,6.104335E2
3.062500E0,,,,,
3.066667E0,832,4.012211E0,-2.274296E0,1.084334E3,6.106943E2
3.070833E0,,,,,
3.075000E0,834,4.061987E0,-2.297622E0,1.085870E3,6.114143E2
3.079167E0,,,,,
3.083333E0,836,4.101476E0,-2.302292E0,1.087089E3,6.115584E2
3.087500E0,,,,,
3.091667E0,838,4.145418E0,-2.298962E0,1.088445E3,6.114556E2
3.095833E0,,,,,
3.100000E0,840,4.192480E0,-2.316301E0,1.089898E3,6.119908E2
3.104167E0,,,,,
3.108333E0,842,4.224442E0,-2.322571E0,1.090884E3,6.121843E2
3.112500E0,,,,,
3.116667E0,844,4.247017E0,-2.317987E0,1.091581E3,6.120428E2
3.120833E0,,,,,
3.125000E0,846,4.274501E0,-2.325836E0,1.092429E3,6.122851E2
3.129167E0,,,,,
3.133333E0,848,4.288054E0,-2.326108E0,1.092847E3,6.122935E2
3.137500E0,,,,,
3.141667E0,850,4.300281E0,-2.330323E0,1.093225E3,6.124235E2
3.145833E0,,,,,
3.150000E0,852,4.321575E0,-2.336099E0,1.093882E3,6.126018E2
3.154167E0,,,,,
3.158333E0,854,4.346493E0,-2.339863E0,1.094651E3,6.127180E2
3.162500E0,,,,,
3.166667E0,856,4.359303E0,-2.342116E0,1.095046E3,6.127875E2
3.170833E0,,,,,
3.175000E0,858,4.376508E0,-2.335481E0,1.095577E3,6.125827E2
3.179167E0,,,,,
3.183333E0,860,4.421845E0,-2.348434E0,1.096977E3,6.129825E2
3.187500E0,,,,,
3.191667E0,862,4.473892E0,-2.362445E0,1.098583E3,6.134150E2
3.195833E0,,,,,
3.200000E0,864,4.512744E0,-2.368676E0,1.099782E3,6.136073E2
3.204167E0,,,,,
3.208333E0,866,4.567772E0,-2.386410E0,1.101481E3,6.141546E2
3.212500E0,,,,,
3.216667E0,868,4.613923E0,-2.397042E0,1.102905E3,6.144828E2
3.220833E0,,,,,
3.225000E0,870,4.674317E0,-2.406051E0,1.104769E3,6.147608E2
3.229167E0,,,,,
3.233333E0,872,4.700333E0,-2.419248E0,1.105572E3,6.151681E2
3.237500E0,,,,,
3.241667E0,874,4.753487E0,-2.438217E0,1.107213E3,6.157536E2
3.245833E0,,,,,
3.250000E0,876,4.772656E0,-2.456020E0,1.107804E3,6.163031E2
3.254167E0,,,,,
3.258333E0,878,4.803133E0,-2.459138E0,1.108745E3,6.163993E2
3.262500E0,,,,,
3.266667E0,880,4.805531E0,-2.451979E0,1.108819E3,6.161784E2
3.270833E0,,,,,
3.275000E0,882,4.834467E0,-2.467943E0,1.109712E3,6.166711E2
3.279167E0,,,,,
3.283333E0,884,4.842229E0,-2.471190E0,1.109952E3,6.167713E2
3.287500E0,,,,,
3.291667E0,886,4.864766E0,-2.479609E0,1.110647E3,6.170311E2
3.295833E0,,,,,
3.300000E0,888,4.875603E0,-2.478360E0,1.110982E3,6.169926E2
3.304167E0,,,,,
3.308333E0,890,4.898912E0,-2.484808E0,1.111701E3,6.171916E2
3.312500E0,,,,,
3.316667E0,892,4.922411E0,-2.487746E0,1.112426E3,6.172823E2
3.320833E0,,,,,
3.325000E0,894,4.958411E0,-2.498527E0,1.113537E3,6.176150E2
3.329167E0,,,,,
3.333333E0,896,5.011673E0,-2.529433E0,1.115181E3,6.185689E2
3.337500E0,,,,,
3.341667E0,898,5.053054E0,-2.540847E0,1.116458E3,6.189212E2
3.345833E0,,,,,
3.350000E0,900,5.102207E0,-2.571779E0,1.117976E3,6.198759E2
3.354167E0,,,,,
3.358333E0,902,5.154542E0,-2.584427E0,1.119591E3,6.202663E2
3.362500E0,,,,,
3.366667E0,904,5.203586E0,-2.614845E0,1.121104E3,6.212051E2
3.370833E0,,,,,
3.375000E0,906,5.236005E0,-2.618251E0,1.122105E3,6.213102E2
3.379167E0,,,,,
3.383333E0,908,5.274449E0,-2.641689E0,1.123292E3,6.220336E2
3.387500E0,,,,,
3.391667E0,910,5.301801E0,-2.646550E0,1.124136E3,6.221837E2
3.395833E0,,,,,
3.400000E0,912,5.336542E0,-2.642975E0,1.125208E3,6.220733E2
3.404167E0,,,,,
3.408333E0,914,5.358877E0,-2.660503E0,1.125897E3,6.226143E2
3.412500E0,,,,,
3.416667E0,916,5.362402E0,-2.654646E0,1.126006E3,6.224335E2
3.420833E0,,,,,
3.425000E0,918,5.380117E0,-2.653249E0,1.126553E3,6.223904E2
3.429167E0,,,,,
3.433333E0,920,5.390939E0,-2.676371E0,1.126887E3,6.231040E2
3.437500E0,,,,,
3.441667E0,922,5.417948E0,-2.669172E0,1.127721E3,6.228819E2
3.445833E0,,,,,
3.450000E0,924,5.428844E0,-2.664035E0,1.128057E3,6.227233E2
3.454167E0,,,,,
3.458333E0,926,5.457104E0,-2.685915E0,1.128929E3,6.233986E2
3.462500E0,,,,,
3.466667E0,928,5.506443E0,-2.697047E0,1.130452E3,6.237422E2
3.470833E0,,,,,
3.475000E0,930,5.543210E0,-2.706376E0,1.131587E3,6.240301E2
3.479167E0,,,,,
3.483333E0,932,5.590165E0,-2.713867E0,1.133036E3,6.242613E2
3.487500E0,,,,,
3.491667E0,934,5.641958E0,-2.725924E0,1.134635E3,6.246334E2
3.495833E0,,,,,
3.500000E0,936,5.685359E0,-2.747366E0,1.135974E3,6.252952E2
3.504167E0,,,,,
3.508333E0,938,5.736861E0,-2.746866E0,1.137564E3,6.252798E2
3.512500E0,,,,,
3.516667E0,940,5.786220E0,-2.765897E0,1.139087E3,6.258672E2
3.520833E0,,,,,
3.525000E0,942,5.820163E0,-2.771606E0,1.140135E3,6.260434E2
3.529167E0,,,,,
3.533333E0,944,5.855221E0,-2.776433E0,1.141217E3,6.261924E2
3.537500E0,,,,,
3.541667E0,946,5.886726E0,-2.789619E0,1.142189E3,6.265994E2
3.545833E0,,,,,
3.550000E0,948,5.902055E0,-2.789523E0,1.142662E3,6.265964E2
3.554167E0,,,,,
3.558333E0,950,5.926963E0,-2.796374E0,1.143431E3,6.268078E2
3.562500E0,,,,,
3.566667E0,952,5.942902E0,-2.808410E0,1.143923E3,6.271793E2
3.570833E0,,,,,
3.575000E0,954,5.938884E0,-2.798714E0,1.143799E3,6.268801E2
3.579167E0,,,,,
3.583333E0,956,5.970792E0,-2.818717E0,1.144784E3,6.274974E2
3.587500E0,,,,,
3.591667E0,958,5.982431E0,-2.813847E0,1.145143E3,6.273471E2
3.595833E0,,,,,
3.600000E0,960,6.005782E0,-2.826914E0,1.145864E3,6.277504E2
3.604167E0,,,,,
3.608333E0,962,6.061199E0,-2.828837E0,1.147574E3,6.278098E2
3.612500E0,,,,,
3.616667E0,964,6.087489E0,-2.832840E0,1.148385E3,6.279333E2
3.620833E0,,,,,
3.625000E0,966,6.129232E0,-2.851971E0,1.149674E3,6.285238E2
3.629167E0,,,,,
3.633333E0,968,6.195979E0,-2.855567E0,1.151734E3,6.286348E2
3.637500E0,,,,,
3.641667E0,970,6.238811E0,-2.872105E0,1.153056E3,6.291452E2
3.645833E0,,,,,
3.650000E0,972,6.295588E0,-2.895123E0,1.154808E3,6.298557E2
3.654167E0,,,,,
3.658333E0,974,6.334569E0,-2.896520E0,1.156011E3,6.298988E2
3.662500E0,,,,,
3.666667E0,976,6.379532E0,-2.902133E0,1.157399E3,6.300720E2
3.670833E0,,,,,
3.675000E0,978,6.408900E0,-2.906703E0,1.158306E3,6.302131E2
3.679167E0,,,,,
3.683333E0,980,6.447122E0,-2.923135E0,1.159485E3,6.307202E2
3.687500E0,,,,,
3.691667E0,982,6.464291E0,-2.929828E0,1.160015E3,6.309268E2
3.695833E0,,,,,
3.700000E0,984,6.472704E0,-2.917696E0,1.160275E3,6.305523E2
3.704167E0,,,,,
3.708333E0,986,6.491955E0,-2.935634E0,1.160869E3,6.311060E2
3.712500E0,,,,,
3.716667E0,988,6.500302E0,-2.936950E0,1.161127E3,6.311466E2
3.720833E0,,,,,
3.725000E0,990,6.513374E0,-2.934496E0,1.161530E3,6.310709E2
3.729167E0,,,,,
3.733333E0,992,6.537258E0,-2.943971E0,1.162267E3,6.313633E2
3.737500E0,,,,,
3.741667E0,994,6.562997E0,-2.959016E0,1.163062E3,6.318277E2
3.745833E0,,,,,
3.750000E0,996,6.596424E0,-2.971546E0,1.164093E3,6.322144E2
3.754167E0,,,,,
3.758333E0,998,6.630628E0,-2.977413E0,1.165149E3,6.323955E2
3.762500E0,,,,,
3.766667E0,1000,6.670368E0,-2.992472E0,1.166376E3,6.328603E2
3.770833E0,,,,,
3.775000E0,1002,6.724747E0,-3.018371E0,1.168054E3,6.336596E2
3.779167E0,,,,,
3.783333E0,1004,6.775791E0,-3.036121E0,1.169629E3,6.342074E2
3.787500E0,,,,,
3.791667E0,1006,6.811445E0,-3.040378E0,1.170730E3,6.343388E2
3.795833E0,,,,,
3.800000E0,1008,6.873340E0,-3.071600E0,1.172640E3,6.353025E2
3.804167E0,,,,,
3.808333E0,1010,6.905118E0,-3.093399E0,1.173621E3,6.359753E2
3.812500E0,,,,,
3.816667E0,1012,6.943329E0,-3.089907E0,1.174800E3,6.358675E2
3.820833E0,,,,,
3.825000E0,1014,6.977230E0,-3.107132E0,1.175847E3,6.363991E2
3.829167E0,,,,,
3.833333E0,1016,7.002323E0,-3.120467E0,1.176621E3,6.368107E2
3.837500E0,,,,,
3.841667E0,1018,7.004449E0,-3.123538E0,1.176687E3,6.369055E2
3.845833E0,,,,,
3.850000E0,1020,7.015445E0,-3.128050E0,1.177026E3,6.370448E2
3.854167E0,,,,,
3.858333E0,1022,7.037967E0,-3.119618E0,1.177721E3,6.367845E2
3.862500E0,,,,,
3.866667E0,1024,7.041195E0,-3.130397E0,1.177821E3,6.371172E2
3.870833E0,,,,,
3.875000E0,1026,7.070803E0,-3.138578E0,1.178735E3,6.373697E2
3.879167E0,,,,,
3.883333E0,1028,7.096421E0,-3.144835E0,1.179525E3,6.375628E2
3.887500E0,,,,,
3.891667E0,1030,7.134689E0,-3.155377E0,1.180706E3,6.378882E2
3.895833E0,,,,,
3.900000E0,1032,7.173950E0,-3.175926E0,1.181918E3,6.385224E2
3.904167E0,,,,,
3.908333E0,1034,7.193275E0,-3.191374E0,1.182515E3,6.389992E2
3.912500E0,,,,,
3.916667E0,1036,7.251735E0,-3.219971E0,1.184319E3,6.398818E2
3.920833E0,,,,,
3.925000E0,1038,7.295260E0,-3.234774E0,1.185662E3,6.403387E2
3.929167E0,,,,,
3.933333E0,1040,7.355393E0,-3.262041E0,1.187518E3,6.411803E2
3.937500E0,,,,,
3.941667E0,1042,7.390751E0,-3.274395E0,1.188610E3,6.415616E2
3.945833E0,,,,,
3.950000E0,1044,7.436301E0,-3.285034E0,1.190015E3,6.418899E2
3.954167E0,,,,,
3.958333E0,1046,7.469556E0,-3.301197E0,1.191042E3,6.423888E2
3.962500E0,,,,,
3.966667E0,1048,7.507678E0,-3.315410E0,1.192218E3,6.428275E2
3.970833E0,,,,,
3.975000E0,1050,7.509293E0,-3.323995E0,1.192268E3,6.430924E2
3.979167E0,,,,,
3.983333E0,1052,7.541343E0,-3.318669E0,1.193258E3,6.429280E2
3.987500E0,,,,,
3.991667E0,1054,7.554788E0,-3.339212E0,1.193672E3,6.435621E2
3.995833E0,,,,,
4.000000E0,1056,7.565610E0,-3.347187E0,1.194006E3,6.438082E2
4.004167E0,,,,,
4.008333E0,1058,7.586455E0,-3.334198E0,1.194650E3,6.434073E2
4.012500E0,,,,,
4.016667E0,1060,7.598058E0,-3.345723E0,1.195008E3,6.437631E2
4.020833E0,,,,,
4.025000E0,1062,7.625410E0,-3.376460E0,1.195852E3,6.447117E2
4.029167E0,,,,,
4.033333E0,1064,7.645273E0,-3.375486E0,1.196465E3,6.446817E2
4.037500E0,,,,,
4.041667E0,1066,7.684485E0,-3.384377E0,1.197675E3,6.449561E2
4.045833E0,,,,,
4.050000E0,1068,7.736781E0,-3.405710E0,1.199290E3,6.456145E2
4.054167E0,,,,,
4.058333E0,1070,7.771219E0,-3.435648E0,1.200352E3,6.465385E2
4.062500E0,,,,,
4.066667E0,1072,7.822744E0,-3.449737E0,1.201943E3,6.469734E2
4.070833E0,,,,,
4.075000E0,1074,7.876537E0,-3.467786E0,1.203603E3,6.475304E2
4.079167E0,,,,,
4.083333E0,1076,7.923140E0,-3.476774E0,1.205041E3,6.478078E2
4.087500E0,,,,,
4.091667E0,1078,7.963183E0,-3.512713E0,1.206277E3,6.489171E2
4.095833E0,,,,,
4.100000E0,1080,7.995272E0,-3.525562E0,1.207268E3,6.493137E2
4.104167E0,,,,,
4.108333E0,1082,8.016692E0,-3.550239E0,1.207929E3,6.500753E2
4.112500E0,,,,,
4.116667E0,1084,8.041159E0,-3.546603E0,1.208684E3,6.499631E2
4.120833E0,,,,,
4.125000E0,1086,8.059165E0,-3.553382E0,1.209240E3,6.501723E2
4.129167E0,,,,,
4.133333E0,1088,8.066565E0,-3.560177E0,1.209468E3,6.503820E2
4.137500E0,,,,,
4.141667E0,1090,8.081147E0,-3.569717E0,1.209918E3,6.506765E2
4.145833E0,,,,,
4.150000E0,1092,8.091831E0,-3.586245E0,1.210248E3,6.511866E2
4.154167E0,,,,,
4.158333E0,1094,8.117703E0,-3.588236E0,1.211046E3,6.512480E2
4.162500E0,,,,,
4.166667E0,1096,8.129408E0,-3.597383E0,1.211408E3,6.515303E2
4.170833E0,,,,,
4.175000E0,1098,8.158878E0,-3.630896E0,1.212317E3,6.525647E2
4.179167E0,,,,,
4.183333E0,1100,8.187165E0,-3.638749E0,1.213190E3,6.528071E2
4.187500E0,,,,,
4.191667E0,1102,8.232769E0,-3.661951E0,1.214598E3,6.535232E2
4.195833E0,,,,,
4.200000E0,1104,8.266593E0,-3.684986E0,1.215642E3,6.542342E2
4.204167E0,,,,,
4.208333E0,1106,8.312498E0,-3.726062E0,1.217059E3,6.555019E2
4.212500E0,,,,,
4.216667E0,1108,8.366023E0,-3.753895E0,1.218711E3,6.563610E2
4.220833E0,,,,,
4.225000E0,1110,8.402772E0,-3.772212E0,1.219845E3,6.569263E2
4.229167E0,,,,,
4.233333E0,1112,8.449851E0,-3.785622E0,1.221298E3,6.573402E2
4.237500E0,,,,,
4.241667E0,1114,8.474058E0,-3.806487E0,1.222045E3,6.579842E2
4.245833E0,,,,,
4.250000E0,1116,8.506360E0,-3.832399E0,1.223042E3,6.587839E2
4.254167E0,,,,,
4.258333E0,1118,8.536921E0,-3.841360E0,1.223985E3,6.590605E2
4.262500E0,,,,,
4.266667E0,1120,8.562918E0,-3.843957E0,1.224788E3,6.591407E2
4.270833E0,,,,,
4.275000E0,1122,8.567760E0,-3.853342E0,1.224937E3,6.594303E2
4.279167E0,,,,,
4.283333E0,1124,8.577544E0,-3.867955E0,1.225239E3,6.598813E2
4.287500E0,,,,,
4.291667E0,1126,8.590095E0,-3.874565E0,1.225626E3,6.600854E2
4.295833E0,,,,,
4.300000E0,1128,8.600809E0,-3.869478E0,1.225957E3,6.599283E2
4.304167E0,,,,,
4.308333E0,1130,8.636764E0,-3.884844E0,1.227067E3,6.604026E2
4.312500E0,,,,,
4.316667E0,1132,8.649096E0,-3.889897E0,1.227447E3,6.605586E2
4.320833E0,,,,,
4.325000E0,1134,8.689442E0,-3.912389E0,1.228693E3,6.612527E2
4.329167E0,,,,,
4.333333E0,1136,8.730095E0,-3.933211E0,1.229947E3,6.618954E2
4.337500E0,,,,,
4.341667E0,1138,8.767354E0,-3.943306E0,1.231097E3,6.622070E2
4.345833E0,,,,,
4.350000E0,1140,8.828416E0,-3.969016E0,1.232982E3,6.630005E2
4.354167E0,,,,,
4.358333E0,1142,8.860161E0,-3.986722E0,1.233962E3,6.635470E2
4.362500E0,,,,,
4.366667E0,1144,8.924054E0,-4.011705E0,1.235934E3,6.643181E2
4.370833E0,,,,,
4.375000E0,1146,8.958531E0,-4.032171E0,1.236998E3,6.649497E2
4.379167E0,,,,,
4.383333E0,1148,9.003492E0,-4.030038E0,1.238386E3,6.648839E2
4.387500E0,,,,,
4.391667E0,1150,9.033272E0,-4.055136E0,1.239305E3,6.656585E2
4.395833E0,,,,,
4.400000E0,1152,9.054492E0,-4.055187E0,1.239960E3,6.656601E2
4.404167E0,,,,,
4.408333E0,1154,9.066495E0,-4.084420E0,1.240330E3,6.665623E2
4.412500E0,,,,,
4.416667E0,1156,9.079790E0,-4.082894E0,1.240740E3,6.665153E2
4.420833E0,,,,,
4.425000E0,1158,9.095030E0,-4.076524E0,1.241211E3,6.663186E2
4.429167E0,,,,,
4.433333E0,1160,9.106334E0,-4.112303E0,1.241560E3,6.674229E2
4.437500E0,,,,,
4.441667E0,1162,9.121335E0,-4.111471E0,1.242023E3,6.673973E2
4.445833E0,,,,,
4.450000E0,1164,9.140006E0,-4.108172E0,1.242599E3,6.672954E2
4.454167E0,,,,,
4.458333E0,1166,9.175787E0,-4.124975E0,1.243703E3,6.678141E2
4.462500E0,,,,,
4.466667E0,1168,9.195796E0,-4.146919E0,1.244321E3,6.684913E2
4.470833E0,,,,,
4.475000E0,1170,9.236475E0,-4.160023E0,1.245576E3,6.688958E2
4.479167E0,,,,,
4.483333E0,1172,9.297168E0,-4.182043E0,1.247450E3,6.695754E2
4.487500E0,,,,,
4.491667E0,1174,9.334899E0,-4.201326E0,1.248614E3,6.701705E2
4.495833E0,,,,,
4.500000E0,1176,9.380410E0,-4.224614E0,1.250019E3,6.708893E2
4.504167E0,,,,,
4.508333E0,1178,9.426393E0,-4.245963E0,1.251438E3,6.715482E2
4.512500E0,,,,,
4.516667E0,1180,9.469097E0,-4.268202E0,1.252756E3,6.722346E2
4.520833E0,,,,,
4.525000E0,1182,9.502093E0,-4.274150E0,1.253774E3,6.724182E2
4.529167E0,,,,,
4.533333E0,1184,9.558180E0,-4.293086E0,1.255506E3,6.730027E2
4.537500E0,,,,,
4.541667E0,1186,9.575314E0,-4.312890E0,1.256034E3,6.736139E2
4.545833E0,,,,,
4.550000E0,1188,9.587313E0,-4.314393E0,1.256405E3,6.736603E2
4.554167E0,,,,,
4.558333E0,1190,9.602290E0,-4.322152E0,1.256867E3,6.738998E2
4.562500E0,,,,,
4.566667E0,1192,9.613179E0,-4.325115E0,1.257203E3,6.739912E2
4.570833E0,,,,,
4.575000E0,1194,9.623607E0,-4.330302E0,1.257525E3,6.741513E2
4.579167E0,,,,,
4.583333E0,1196,9.636646E0,-4.349769E0,1.257927E3,6.747521E2
4.587500E0,,,,,
4.591667E0,1198,9.641689E0,-4.345796E0,1.258083E3,6.746295E2
4.595833E0,,,,,
4.600000E0,1200,9.677125E0,-4.372582E0,1.259177E3,6.754562E2
4.604167E0,,,,,
4.608333E0,1202,9.712034E0,-4.379886E0,1.260254E3,6.756817E2
4.612500E0,,,,,
4.616667E0,1204,9.744386E0,-4.398661E0,1.261253E3,6.762611E2
4.620833E0,,,,,
4.625000E0,1206,9.793947E0,-4.428711E0,1.262782E3,6.771886E2
4.629167E0,,,,,
4.633333E0,1208,9.837195E0,-4.451619E0,1.264117E3,6.778957E2
4.637500E0,,,,,
4.641667E0,1210,9.893184E0,-4.473963E0,1.265845E3,6.785853E2
4.645833E0,,,,,
4.650000E0,1212,9.924413E0,-4.499681E0,1.266809E3,6.793790E2
4.654167E0,,,,,
4.658333E0,1214,9.979052E0,-4.539399E0,1.268495E3,6.806049E2
4.662500E0,,,,,
4.666667E0,1216,9.996886E0,-4.547743E0,1.269046E3,6.808624E2
4.670833E0,,,,,
4.675000E0,1218,1.004501E1,-4.569566E0,1.270531E3,6.815360E2
4.679167E0,,,,,
4.683333E0,1220,1.006172E1,-4.579671E0,1.271047E3,6.818479E2
4.687500E0,,,,,
4.691667E0,1222,1.008325E1,-4.587428E0,1.271712E3,6.820873E2
4.695833E0,,,,,
4.700000E0,1224,1.009754E1,-4.603684E0,1.272153E3,6.825890E2
4.704167E0,,,,,
4.708333E0,1226,1.011339E1,-4.607942E0,1.272642E3,6.827204E2
4.712500E0,,,,,
4.716667E0,1228,1.012922E1,-4.605472E0,1.273130E3,6.826442E2
4.720833E0,,,,,
4.725000E0,1230,1.014058E1,-4.620269E0,1.273481E3,6.831009E2
4.729167E0,,,,,
4.733333E0,1232,1.015272E1,-4.632967E0,1.273856E3,6.834928E2
4.737500E0,,,,,
4.741667E0,1234,1.017480E1,-4.651138E0,1.274537E3,6.840537E2
4.745833E0,,,,,
4.750000E0,1236,1.019699E1,-4.661534E0,1.275222E3,6.843745E2
4.754167E0,,,,,
4.758333E0,1238,1.024662E1,-4.679684E0,1.276754E3,6.849347E2
4.762500E0,,,,,
4.766667E0,1240,1.030125E1,-4.695002E0,1.278440E3,6.854075E2
4.770833E0,,,,,
4.775000E0,1242,1.032660E1,-4.711013E0,1.279222E3,6.859016E2
4.779167E0,,,,,
4.783333E0,1244,1.037746E1,-4.739657E0,1.280792E3,6.867857E2
4.787500E0,,,,,
4.791667E0,1246,1.043328E1,-4.753022E0,1.282515E3,6.871982E2
4.795833E0,,,,,
4.800000E0,1248,1.047461E1,-4.775944E0,1.283791E3,6.879057E2
4.804167E0,,,,,
4.808333E0,1250,1.052663E1,-4.782568E0,1.285396E3,6.881101E2
4.812500E0,,,,,
4.816667E0,1252,1.054539E1,-4.798359E0,1.285975E3,6.885975E2
4.820833E0,,,,,
4.825000E0,1254,1.059195E1,-4.819564E0,1.287412E3,6.892520E2
4.829167E0,,,,,
4.833333E0,1256,1.060329E1,-4.817248E0,1.287762E3,6.891805E2
4.837500E0,,,,,
4.841667E0,1258,1.060930E1,-4.833981E0,1.287948E3,6.896969E2
4.845833E0,,,,,
4.850000E0,1260,1.063296E1,-4.845109E0,1.288678E3,6.900404E2
4.854167E0,,,,,
4.858333E0,1262,1.064673E1,-4.844989E0,1.289103E3,6.900367E2
4.862500E0,,,,,
4.866667E0,1264,1.065319E1,-4.831777E0,1.289302E3,6.896289E2
4.870833E0,,,,,
4.875000E0,1266,1.067443E1,-4.863686E0,1.289958E3,6.906138E2
4.879167E0,,,,,
4.883333E0,1268,1.069421E1,-4.871239E0,1.290568E3,6.908469E2
4.887500E0,,,,,
4.891667E0,1270,1.071571E1,-4.879652E0,1.291232E3,6.911065E2
4.895833E0,,,,,
4.900000E0,1272,1.076590E1,-4.897997E0,1.292781E3,6.916728E2
4.904167E0,,,,,
4.908333E0,1274,1.081930E1,-4.922718E0,1.294429E3,6.924357E2
4.912500E0,,,,,
4.916667E0,1276,1.084790E1,-4.933774E0,1.295312E3,6.927770E2
4.920833E0,,,,,
4.925000E0,1278,1.089930E1,-4.958176E0,1.296898E3,6.935301E2
4.929167E0,,,,,
4.933333E0,1280,1.095147E1,-4.992516E0,1.298508E3,6.945900E2
4.937500E0,,,,,
4.941667E0,1282,1.099771E1,-5.005351E0,1.299935E3,6.949861E2
4.945833E0,,,,,
4.950000E0,1284,1.103454E1,-5.034237E0,1.301072E3,6.958777E2
4.954167E0,,,,,
4.958333E0,1286,1.106267E1,-5.056567E0,1.301940E3,6.965669E2
4.962500E0,,,,,
4.966667E0,1288,1.108587E1,-5.071404E0,1.302656E3,6.970248E2
4.970833E0,,,,,
4.975000E0,1290,1.110506E1,-5.090459E0,1.303249E3,6.976129E2
4.979167E0,,,,,
4.983333E0,1292,1.112383E1,-5.100903E0,1.303828E3,6.979353E2
4.987500E0,,,,,
4.991667E0,1294,1.112990E1,-5.098419E0,1.304015E3,6.978586E2
4.995833E0,,,,,
5.000000E0,1296,1.114777E1,-5.097606E0,1.304567E3,6.978335E2
5.004167E0,,,,,
5.008333E0,1298,1.115159E1,-5.118395E0,1.304685E3,6.984752E2
5.012500E0,,,,,
5.016667E0,1300,1.116367E1,-5.132154E0,1.305058E3,6.988998E2
5.020833E0,,,,,
5.025000E0,1302,1.119019E1,-5.146653E0,1.305876E3,6.993473E2
5.029167E0,,,,,
5.033333E0,1304,1.120609E1,-5.163506E0,1.306367E3,6.998675E2
5.037500E0,,,,,
5.041667E0,1306,1.124298E1,-5.191450E0,1.307506E3,7.007299E2
5.045833E0,,,,,
5.050000E0,1308,1.127864E1,-5.207588E0,1.308606E3,7.012280E2
5.054167E0,,,,,
5.058333E0,1310,1.131629E1,-5.244315E0,1.309768E3,7.023616E2
5.062500E0,,,,,
5.066667E0,1312,1.136175E1,-5.287411E0,1.311171E3,7.036917E2
5.070833E0,,,,,
5.075000E0,1314,1.140563E1,-5.308110E0,1.312526E3,7.043306E2
5.079167E0,,,,,
5.083333E0,1316,1.145140E1,-5.337438E0,1.313938E3,7.052357E2
5.087500E0,,,,,
5.091667E0,1318,1.149025E1,-5.362866E0,1.315137E3,7.060206E2
5.095833E0,,,,,
5.100000E0,1320,1.151669E1,-5.383627E0,1.315953E3,7.066613E2
5.104167E0,,,,,
5.108333E0,1322,1.154552E1,-5.398628E0,1.316843E3,7.071243E2
5.112500E0,,,,,
5.116667E0,1324,1.156526E1,-5.424009E0,1.317452E3,7.079077E2
5.120833E0,,,,,
5.125000E0,1326,1.158535E1,-5.422215E0,1.318073E3,7.078523E2
5.129167E0,,,,,
5.133333E0,1328,1.159400E1,-5.430829E0,1.318339E3,7.081182E2
5.137500E0,,,,,
5.141667E0,1330,1.159841E1,-5.443445E0,1.318476E3,7.085076E2
5.145833E0,,,,,
5.150000E0,1332,1.161470E1,-5.449764E0,1.318978E3,7.087026E2
5.154167E0,,,,,
5.158333E0,1334,1.163702E1,-5.468709E0,1.319667E3,7.092873E2
5.162500E0,,,,,
5.166667E0,1336,1.164886E1,-5.490158E0,1.320033E3,7.099493E2
5.170833E0,,,,,
5.175000E0,1338,1.167233E1,-5.489789E0,1.320757E3,7.099379E2
5.179167E0,,,,,
5.183333E0,1340,1.169844E1,-5.523855E0,1.321563E3,7.109894E2
5.187500E0,,,,,
5.191667E0,1342,1.172912E1,-5.546478E0,1.322510E3,7.116876E2
5.195833E0,,,,,
5.200000E0,1344,1.177568E1,-5.583616E0,1.323947E3,7.128338E2
5.204167E0,,,,,
5.208333E0,1346,1.182086E1,-5.611879E0,1.325341E3,7.137061E2
5.212500E0,,,,,
5.216667E0,1348,1.186620E1,-5.652660E0,1.326741E3,7.149648E2
5.220833E0,,,,,
5.225000E0,1350,1.190197E1,-5.685513E0,1.327845E3,7.159788E2
5.229167E0,,,,,
5.233333E0,1352,1.194404E1,-5.704839E0,1.329143E3,7.165753E2
5.237500E0,,,,,
5.241667E0,1354,1.196623E1,-5.728800E0,1.329828E3,7.173148E2
5.245833E0,,,,,
5.250000E0,1356,1.199145E1,-5.754645E0,1.330606E3,7.181125E2
5.254167E0,,,,,
5.258333E0,1358,1.201274E1,-5.775234E0,1.331264E3,7.187480E2
5.262500E0,,,,,
5.266667E0,1360,1.202491E1,-5.774509E0,1.331639E3,7.187256E2
5.270833E0,,,,,
5.275000E0,1362,1.205284E1,-5.786716E0,1.332501E3,7.191024E2
5.279167E0,,,,,
5.283333E0,1364,1.205577E1,-5.793264E0,1.332592E3,7.193044E2
5.287500E0,,,,,
5.291667E0,1366,1.207229E1,-5.804623E0,1.333102E3,7.196550E2
5.295833E0,,,,,
5.300000E0,1368,1.207548E1,-5.812322E0,1.333200E3,7.198927E2
5.304167E0,,,,,
5.308333E0,1370,1.209739E1,-5.819196E0,1.333876E3,7.201048E2
5.312500E0,,,,,
5.316667E0,1372,1.212724E1,-5.834469E0,1.334797E3,7.205762E2
5.320833E0,,,,,
5.325000E0,1374,1.216315E1,-5.860151E0,1.335906E3,7.213688E2
5.329167E0,,,,,
5.333333E0,1376,1.218401E1,-5.884689E0,1.336550E3,7.221262E2
5.337500E0,,,,,
5.341667E0,1378,1.223524E1,-5.900378E0,1.338131E3,7.226104E2
5.345833E0,,,,,
5.350000E0,1380,1.228197E1,-5.936493E0,1.339573E3,7.237251E2
5.354167E0,,,,,
5.358333E0,1382,1.233392E1,-5.961017E0,1.341177E3,7.244820E2
5.362500E0,,,,,
5.366667E0,1384,1.237246E1,-5.975145E0,1.342366E3,7.249180E2
5.370833E0,,,,,
5.375000E0,1386,1.241588E1,-6.021595E0,1.343706E3,7.263517E2
5.379167E0,,,,,
5.383333E0,1388,1.245048E1,-6.043789E0,1.344774E3,7.270367E2
5.387500E0,,,,,
5.391667E0,1390,1.247272E1,-6.052705E0,1.345461E3,7.273119E2
5.395833E0,,,,,
5.400000E0,1392,1.249636E1,-6.070160E0,1.346190E3,7.278506E2
5.404167E0,,,,,
5.408333E0,1394,1.251631E1,-6.070379E0,1.346806E3,7.278574E2
5.412500E0,,,,,
5.416667E0,1396,1.250798E1,-6.092238E0,1.346549E3,7.285320E2
5.420833E0,,,,,
5.425000E0,1398,1.253002E1,-6.097094E0,1.347229E3,7.286819E2
5.429167E0,,,,,
5.433333E0,1400,1.254677E1,-6.098698E0,1.347746E3,7.287314E2
5.437500E0,,,,,
5.441667E0,1402,1.256292E1,-6.102336E0,1.348244E3,7.288437E2
5.445833E0,,,,,
5.450000E0,1404,1.258463E1,-6.121161E0,1.348914E3,7.294247E2
5.454167E0,,,,,
5.458333E0,1406,1.260963E1,-6.130706E0,1.349686E3,7.297193E2
5.462500E0,,,,,
5.466667E0,1408,1.264564E1,-6.169019E0,1.350798E3,7.309018E2
5.470833E0,,,,,
5.475000E0,1410,1.267318E1,-6.179652E0,1.351647E3,7.312300E2
5.479167E0,,,,,
5.483333E0,1412,1.271861E1,-6.205310E0,1.353050E3,7.320219E2
5.487500E0,,,,,
5.491667E0,1414,1.275588E1,-6.231271E0,1.354200E3,7.328232E2
5.495833E0,,,,,
5.500000E0,1416,1.280390E1,-6.274127E0,1.355682E3,7.341459E2
5.504167E0,,,,,
5.508333E0,1418,1.284757E1,-6.291482E0,1.357030E3,7.346816E2
5.512500E0,,,,,
5.516667E0,1420,1.289125E1,-6.322731E0,1.358378E3,7.356460E2
5.520833E0,,,,,
5.525000E0,1422,1.292948E1,-6.333730E0,1.359558E3,7.359855E2
5.529167E0,,,,,
5.533333E0,1424,1.296129E1,-6.359049E0,1.360540E3,7.367670E2
5.537500E0,,,,,
5.541667E0,1426,1.298815E1,-6.368410E0,1.361369E3,7.370559E2
5.545833E0,,,,,
5.550000E0,1428,1.299960E1,-6.365692E0,1.361722E3,7.369720E2
5.554167E0,,,,,
5.558333E0,1430,1.301345E1,-6.372302E0,1.362150E3,7.371760E2
5.562500E0,,,,,
5.566667E0,1432,1.304196E1,-6.388954E0,1.363030E3,7.376899E2
5.570833E0,,,,,
5.575000E0,1434,1.304040E1,-6.401255E0,1.362982E3,7.380696E2
5.579167E0,,,,,
5.583333E0,1436,1.305093E1,-6.384620E0,1.363306E3,7.375562E2
5.587500E0,,,,,
5.591667E0,1438,1.307159E1,-6.408440E0,1.363944E3,7.382914E2
5.595833E0,,,,,
5.600000E0,1440,1.311036E1,-6.425346E0,1.365141E3,7.388132E2
5.604167E0,,,,,
5.608333E0,1442,1.314147E1,-6.444836E0,1.366101E3,7.394147E2
5.612500E0,,,,,
5.616667E0,1444,1.317099E1,-6.455634E0,1.367012E3,7.397480E2
5.620833E0,,,,,
5.625000E0,1446,1.321635E1,-6.469769E0,1.368412E3,7.401842E2
5.629167E0,,,,,
5.633333E0,1448,1.325367E1,-6.498464E0,1.369564E3,7.410699E2
5.637500E0,,,,,
5.641667E0,1450,1.330620E1,-6.508003E0,1.371185E3,7.413643E2
5.645833E0,,,,,
5.650000E0,1452,1.336280E1,-6.522456E0,1.372932E3,7.418104E2
5.654167E0,,,,,
5.658333E0,1454,1.339086E1,-6.555902E0,1.373798E3,7.428427E2
5.662500E0,,,,,
5.666667E0,1456,1.342745E1,-6.582178E0,1.374927E3,7.436537E2
5.670833E0,,,,,
5.675000E0,1458,1.346475E1,-6.585509E0,1.376079E3,7.437564E2
5.679167E0,,,,,
5.683333E0,1460,1.344768E1,-6.566316E0,1.375552E3,7.431641E2
5.687500E0,,,,,
5.691667E0,1462,1.341828E1,-6.566227E0,1.374644E3,7.431613E2
5.695833E0,,,,,
5.700000E0,1464,1.341158E1,-6.565010E0,1.374438E3,7.431238E2
5.704167E0,,,,,
5.708333E0,1466,1.340613E1,-6.538268E0,1.374270E3,7.422984E2
5.712500E0,,,,,
5.716667E0,1468,1.338609E1,-6.541082E0,1.373651E3,7.423852E2
5.720833E0,,,,,
5.725000E0,1470,1.336667E1,-6.550442E0,1.373051E3,7.426741E2
5.729167E0,,,,,
5.733333E0,1472,1.336201E1,-6.541954E0,1.372908E3,7.424122E2
5.737500E0,,,,,
5.741667E0,1474,1.332188E1,-6.520201E0,1.371669E3,7.417408E2
5.745833E0,,,,,
5.750000E0,1476,1.329878E1,-6.494760E0,1.370956E3,7.409555E2
5.754167E0,,,,,
5.758333E0,1478,1.326296E1,-6.479194E0,1.369851E3,7.404751E2
5.762500E0,,,,,
5.766667E0,1480,1.321235E1,-6.462654E0,1.368288E3,7.399646E2
5.770833E0,,,,,
5.775000E0,1482,1.318186E1,-6.431171E0,1.367348E3,7.389929E2
5.779167E0,,,,,
5.783333E0,1484,1.314027E1,-6.384838E0,1.366064E3,7.375629E2
5.787500E0,,,,,
5.791667E0,1486,1.310063E1,-6.368917E0,1.364841E3,7.370715E2
5.795833E0,,,,,
5.800000E0,1488,1.305066E1,-6.322058E0,1.363298E3,7.356252E2
5.804167E0,,,,,
5.808333E0,1490,1.301518E1,-6.297828E0,1.362203E3,7.348774E2
5.812500E0,,,,,
5.816667E0,1492,1.299621E1,-6.281274E0,1.361618E3,7.343665E2
5.820833E0,,,,,
5.825000E0,1494,1.296765E1,-6.259703E0,1.360736E3,7.337007E2
5.829167E0,,,,,
5.833333E0,1496,1.295790E1,-6.255078E0,1.360435E3,7.335580E2
5.837500E0,,,,,
5.841667E0,1498,1.294481E1,-6.242319E0,1.360031E3,7.331642E2
5.845833E0,,,,,
5.850000E0,1500,1.292650E1,-6.221241E0,1.359466E3,7.325136E2
5.854167E0,,,,,
5.858333E0,1502,1.292031E1,-6.224967E0,1.359275E3,7.326286E2
5.862500E0,,,,,
5.866667E0,1504,1.291818E1,-6.196517E0,1.359209E3,7.317505E2
5.870833E0,,,,,
5.875000E0,1506,1.288796E1,-6.193871E0,1.358276E3,7.316688E2
5.879167E0,,,,,
5.883333E0,1508,1.287856E1,-6.174508E0,1.357986E3,7.310712E2
5.887500E0,,,,,
5.891667E0,1510,1.284535E1,-6.162657E0,1.356961E3,7.307055E2
5.895833E0,,,,,
5.900000E0,1512,1.281324E1,-6.142805E0,1.355970E3,7.300927E2
5.904167E0,,,,,
5.908333E0,1514,1.277250E1,-6.114695E0,1.354713E3,7.292252E2
5.912500E0,,,,,
5.916667E0,1516,1.272199E1,-6.075033E0,1.353154E3,7.280010E2
5.920833E0,,,,,
5.925000E0,1518,1.268652E1,-6.057900E0,1.352059E3,7.274722E2
5.929167E0,,,,,
5.933333E0,1520,1.265039E1,-6.028151E0,1.350944E3,7.265541E2
5.937500E0,,,,,
5.941667E0,1522,1.261673E1,-5.984609E0,1.349905E3,7.252102E2
5.945833E0,,,,,
5.950000E0,1524,1.257419E1,-5.964237E0,1.348592E3,7.245814E2
5.954167E0,,,,,
5.958333E0,1526,1.255626E1,-5.939388E0,1.348039E3,7.238145E2
5.962500E0,,,,,
5.966667E0,1528,1.252037E1,-5.919398E0,1.346931E3,7.231975E2
5.970833E0,,,,,
5.975000E0,1530,1.251180E1,-5.905803E0,1.346667E3,7.227779E2
5.979167E0,,,,,
5.983333E0,1532,1.248963E1,-5.895003E0,1.345983E3,7.224445E2
5.987500E0,,,,,
5.991667E0,1534,1.247865E1,-5.880886E0,1.345643E3,7.220088E2
5.995833E0,,,,,
6.000000E0,1536,1.246573E1,-5.879743E0,1.345245E3,7.219736E2
6.004167E0,,,,,
6.008333E0,1538,1.246384E1,-5.879219E0,1.345187E3,7.219574E2
6.012500E0,,,,,
6.016667E0,1540,1.243469E1,-5.855823E0,1.344287E3,7.212353E2
6.020833E0,,,,,
6.025000E0,1542,1.241712E1,-5.857257E0,1.343744E3,7.212795E2
6.029167E0,,,,,
6.033333E0,1544,1.238929E1,-5.827877E0,1.342886E3,7.203728E2
6.037500E0,,,,,
6.041667E0,1546,1.234533E1,-5.812072E0,1.341529E3,7.198849E2
6.045833E0,,,,,
6.050000E0,1548,1.231985E1,-5.787219E0,1.340742E3,7.191179E2
6.054167E0,,,,,
6.058333E0,1550,1.227162E1,-5.761508E0,1.339254E3,7.183243E2
6.062500E0,,,,,
6.066667E0,1552,1.223345E1,-5.738881E0,1.338075E3,7.176259E2
6.070833E0,,,,,
6.075000E0,1554,1.217871E1,-5.705527E0,1.336386E3,7.165965E2
6.079167E0,,,,,
6.083333E0,1556,1.213668E1,-5.684821E0,1.335089E3,7.159574E2
6.087500E0,,,,,
6.091667E0,1558,1.210636E1,-5.636748E0,1.334153E3,7.144737E2
6.095833E0,,,,,
6.100000E0,1560,1.207459E1,-5.642815E0,1.333172E3,7.146609E2
6.104167E0,,,,,
6.108333E0,1562,1.204152E1,-5.607252E0,1.332152E3,7.135633E2
6.112500E0,,,,,
6.116667E0,1564,1.202547E1,-5.595728E0,1.331656E3,7.132076E2
6.120833E0,,,,,
6.125000E0,1566,1.200640E1,-5.585609E0,1.331068E3,7.128953E2
6.129167E0,,,,,
6.133333E0,1568,1.201025E1,-5.568717E0,1.331187E3,7.123740E2
6.137500E0,,,,,
6.141667E0,1570,1.197763E1,-5.575228E0,1.330180E3,7.125749E2
6.145833E0,,,,,
6.150000E0,1572,1.197070E1,-5.555350E0,1.329966E3,7.119614E2
6.154167E0,,,,,
6.158333E0,1574,1.196399E1,-5.546916E0,1.329759E3,7.117011E2
6.162500E0,,,,,
6.166667E0,1576,1.193182E1,-5.538581E0,1.328766E3,7.114439E2
6.170833E0,,,,,
6.175000E0,1578,1.192068E1,-5.525846E0,1.328422E3,7.110508E2
6.179167E0,,,,,
6.183333E0,1580,1.188205E1,-5.491789E0,1.327230E3,7.099997E2
6.187500E0,,,,,
6.191667E0,1582,1.184657E1,-5.480286E0,1.326135E3,7.096446E2
6.195833E0,,,,,
6.200000E0,1584,1.180105E1,-5.451122E0,1.324730E3,7.087445E2
6.204167E0,,,,,
6.208333E0,1586,1.177023E1,-5.423782E0,1.323779E3,7.079007E2
6.212500E0,,,,,
6.216667E0,1588,1.172319E1,-5.392424E0,1.322327E3,7.069328E2
6.220833E0,,,,,
6.225000E0,1590,1.166177E1,-5.366022E0,1.320431E3,7.061180E2
6.229167E0,,,,,
6.233333E0,1592,1.162860E1,-5.348896E0,1.319407E3,7.055894E2
6.237500E0,,,,,
6.241667E0,1594,1.159377E1,-5.326163E0,1.318332E3,7.048878E2
6.245833E0,,,,,
6.250000E0,1596,1.156625E1,-5.304800E0,1.317483E3,7.042284E2
6.254167E0,,,,,
6.258333E0,1598,1.154941E1,-5.302256E0,1.316963E3,7.041499E2
6.262500E0,,,,,
6.266667E0,1600,1.151889E1,-5.278323E0,1.316021E3,7.034112E2
6.270833E0,,,,,
6.275000E0,1602,1.152320E1,-5.264971E0,1.316154E3,7.029991E2
6.279167E0,,,,,
6.283333E0,1604,1.152005E1,-5.258281E0,1.316057E3,7.027926E2
6.287500E0,,,,,
6.291667E0,1606,1.149269E1,-5.265444E0,1.315213E3,7.030137E2
6.295833E0,,,,,
6.300000E0,1608,1.147747E1,-5.257248E0,1.314743E3,7.027607E2
6.304167E0,,,,,
6.308333E0,1610,1.145865E1,-5.241463E0,1.314162E3,7.022735E2
6.312500E0,,,,,
6.316667E0,1612,1.144568E1,-5.229653E0,1.313762E3,7.019090E2
6.320833E0,,,,,
6.325000E0,1614,1.140815E1,-5.199087E0,1.312603E3,7.009657E2
6.329167E0,,,,,
6.333333E0,1616,1.136399E1,-5.178303E0,1.311240E3,7.003242E2
6.337500E0,,,,,
6.341667E0,1618,1.132207E1,-5.147669E0,1.309946E3,6.993787E2
6.345833E0,,,,,
6.350000E0,1620,1.127463E1,-5.131230E0,1.308482E3,6.988713E2
6.354167E0,,,,,
6.358333E0,1622,1.121749E1,-5.118833E0,1.306719E3,6.984887E2
6.362500E0,,,,,
6.366667E0,1624,1.117357E1,-5.096453E0,1.305363E3,6.977979E2
6.370833E0,,,,,
6.375000E0,1626,1.114306E1,-5.075324E0,1.304421E3,6.971458E2
6.379167E0,,,,,
6.383333E0,1628,1.110377E1,-5.048077E0,1.303209E3,6.963049E2
6.387500E0,,,,,
6.391667E0,1630,1.106752E1,-5.038651E0,1.302090E3,6.960139E2
6.395833E0,,,,,
6.400000E0,1632,1.104883E1,-5.015199E0,1.301513E3,6.952901E2
6.404167E0,,,,,
6.408333E0,1634,1.101986E1,-5.020398E0,1.300619E3,6.954506E2
6.412500E0,,,,,
6.416667E0,1636,1.101171E1,-5.002226E0,1.300368E3,6.948897E2
6.420833E0,,,,,
6.425000E0,1638,1.100288E1,-4.996284E0,1.300095E3,6.947063E2
6.429167E0,,,,,
6.433333E0,1640,1.099029E1,-4.992878E0,1.299707E3,6.946012E2
6.437500E0,,,,,
6.441667E0,1642,1.097869E1,-4.993823E0,1.299349E3,6.946303E2
6.445833E0,,,,,
6.450000E0,1644,1.095507E1,-4.980453E0,1.298619E3,6.942177E2
6.454167E0,,,,,
6.458333E0,1646,1.093054E1,-4.963930E0,1.297862E3,6.937077E2
6.462500E0,,,,,
6.466667E0,1648,1.090386E1,-4.948217E0,1.297039E3,6.932227E2
6.470833E0,,,,,
6.475000E0,1650,1.085200E1,-4.916134E0,1.295438E3,6.922325E2
6.479167E0,,,,,
6.483333E0,1652,1.082318E1,-4.916093E0,1.294549E3,6.922313E2
6.487500E0,,,,,
6.491667E0,1654,1.076760E1,-4.872191E0,1.292833E3,6.908763E2
6.495833E0,,,,,
6.500000E0,1656,1.074503E1,-4.843097E0,1.292137E3,6.899783E2
6.504167E0,,,,,
6.508333E0,1658,1.067974E1,-4.819342E0,1.290121E3,6.892451E2
6.512500E0,,,,,
6.516667E0,1660,1.064506E1,-4.794166E0,1.289051E3,6.884681E2
6.520833E0,,,,,
6.525000E0,1662,1.061484E1,-4.781847E0,1.288118E3,6.880879E2
6.529167E0,,,,,
6.533333E0,1664,1.058251E1,-4.750217E0,1.287121E3,6.871116E2
6.537500E0,,,,,
6.541667E0,1666,1.055388E1,-4.732531E0,1.286237E3,6.865658E2
6.545833E0,,,,,
6.550000E0,1668,1.051907E1,-4.735455E0,1.285163E3,6.866560E2
6.554167E0,,,,,
6.558333E0,1670,1.051232E1,-4.738140E0,1.284954E3,6.867389E2
6.562500E0,,,,,
6.566667E0,1672,1.051404E1,-4.722248E0,1.285008E3,6.862484E2
6.570833E0,,,,,
6.575000E0,1674,1.049344E1,-4.714940E0,1.284372E3,6.860228E2
6.579167E0,,,,,
6.583333E0,1676,1.047937E1,-4.715756E0,1.283937E3,6.860480E2
6.587500E0,,,,,
6.591667E0,1678,1.046436E1,-4.700643E0,1.283474E3,6.855816E2
6.595833E0,,,,,
6.600000E0,1680,1.044526E1,-4.690973E0,1.282885E3,6.852831E2
6.604167E0,,,,,
6.608333E0,1682,1.040629E1,-4.698428E0,1.281682E3,6.855132E2
6.612500E0,,,,,
6.616667E0,1684,1.035453E1,-4.671072E0,1.280084E3,6.846689E2
6.620833E0,,,,,
6.625000E0,1686,1.031511E1,-4.645506E0,1.278868E3,6.838798E2
6.629167E0,,,,,
6.633333E0,1688,1.026786E1,-4.644260E0,1.277409E3,6.838414E2
6.637500E0,,,,,
6.641667E0,1690,1.021816E1,-4.607921E0,1.275875E3,6.827198E2
6.645833E0,,,,,
6.650000E0,1692,1.016710E1,-4.597392E0,1.274299E3,6.823948E2
6.654167E0,,,,,
6.658333E0,1694,1.012000E1,-4.576853E0,1.272846E3,6.817609E2
6.662500E0,,,,,
6.666667E0,1696,1.008593E1,-4.569518E0,1.271794E3,6.815345E2
6.670833E0,,,,,
6.675000E0,1698,1.004243E1,-4.559165E0,1.270452E3,6.812150E2
6.679167E0,,,,,
6.683333E0,1700,1.002873E1,-4.544020E0,1.270029E3,6.807475E2
6.687500E0,,,,,
6.691667E0,1702,1.000677E1,-4.528503E0,1.269351E3,6.802686E2
6.695833E0,,,,,
6.700000E0,1704,9.981635E0,-4.531029E0,1.268575E3,6.803466E2
6.704167E0,,,,,
6.708333E0,1706,9.973231E0,-4.519149E0,1.268316E3,6.799799E2
6.712500E0,,,,,
6.716667E0,1708,9.961831E0,-4.505388E0,1.267964E3,6.795552E2
6.720833E0,,,,,
6.725000E0,1710,9.946401E0,-4.511043E0,1.267488E3,6.797297E2
6.729167E0,,,,,
6.733333E0,1712,9.932735E0,-4.499995E0,1.267066E3,6.793887E2
6.737500E0,,,,,
6.741667E0,1714,9.899981E0,-4.498377E0,1.266055E3,6.793388E2
6.745833E0,,,,,
6.750000E0,1716,9.862214E0,-4.491983E0,1.264889E3,6.791414E2
6.754167E0,,,,,
6.758333E0,1718,9.832674E0,-4.463373E0,1.263978E3,6.782584E2
6.762500E0,,,,,
6.766667E0,1720,9.788895E0,-4.456677E0,1.262626E3,6.780518E2
6.770833E0,,,,,
6.775000E0,1722,9.728561E0,-4.452346E0,1.260764E3,6.779181E2
6.779167E0,,,,,
6.783333E0,1724,9.676475E0,-4.441378E0,1.259157E3,6.775796E2
6.787500E0,,,,,
6.791667E0,1726,9.632398E0,-4.418317E0,1.257796E3,6.768678E2
6.795833E0,,,,,
6.800000E0,1728,9.589142E0,-4.419662E0,1.256461E3,6.769093E2
6.804167E0,,,,,
6.808333E0,1730,9.540603E0,-4.406970E0,1.254963E3,6.765176E2
6.812500E0,,,,,
6.816667E0,1732,9.515513E0,-4.407693E0,1.254189E3,6.765399E2
6.820833E0,,,,,
6.825000E0,1734,9.478966E0,-4.401160E0,1.253061E3,6.763383E2
6.829167E0,,,,,
6.833333E0,1736,9.452091E0,-4.394395E0,1.252231E3,6.761295E2
6.837500E0,,,,,
6.841667E0,1738,9.439808E0,-4.399115E0,1.251852E3,6.762752E2
6.845833E0,,,,,
6.850000E0,1740,9.421796E0,-4.385321E0,1.251296E3,6.758494E2
6.854167E0,,,,,
6.858333E0,1742,9.417382E0,-4.395874E0,1.251160E3,6.761751E2
6.862500E0,,,,,
6.866667E0,1744,9.388860E0,-4.375730E0,1.250280E3,6.755534E2
6.870833E0,,,,,
6.875000E0,1746,9.375510E0,-4.384551E0,1.249868E3,6.758256E2
6.879167E0,,,,,
6.883333E0,1748,9.352512E0,-4.375752E0,1.249158E3,6.755541E2
6.887500E0,,,,,
6.891667E0,1750,9.308271E0,-4.372792E0,1.247792E3,6.754627E2
6.895833E0,,,,,
6.900000E0,1752,9.267520E0,-4.355440E0,1.246535E3,6.749272E2
6.904167E0,,,,,
6.908333E0,1754,9.239625E0,-4.357423E0,1.245674E3,6.749884E2
6.912500E0,,,,,
6.916667E0,1756,9.182600E0,-4.345321E0,1.243914E3,6.746148E2
6.920833E0,,,,,
6.925000E0,1758,9.126896E0,-4.329412E0,1.242194E3,6.741238E2
6.929167E0,,,,,
6.933333E0,1760,9.068393E0,-4.330660E0,1.240389E3,6.741623E2
6.937500E0,,,,,
6.941667E0,1762,9.031064E0,-4.302167E0,1.239237E3,6.732829E2
6.945833E0,,,,,
6.950000E0,1764,8.976273E0,-4.305858E0,1.237545E3,6.733968E2
6.954167E0,,,,,
6.958333E0,1766,8.952590E0,-4.287017E0,1.236815E3,6.728153E2
6.962500E0,,,,,
6.966667E0,1768,8.926897E0,-4.286173E0,1.236022E3,6.727893E2
6.970833E0,,,,,
6.975000E0,1770,8.896491E0,-4.277939E0,1.235083E3,6.725351E2
6.979167E0,,,,,
6.983333E0,1772,8.877401E0,-4.286140E0,1.234494E3,6.727883E2
6.987500E0,,,,,
6.991667E0,1774,8.855262E0,-4.286613E0,1.233811E3,6.728029E2
6.995833E0,,,,,
7.000000E0,1776,8.858350E0,-4.280051E0,1.233906E3,6.726003E2
7.004167E0,,,,,
7.008333E0,1778,8.838636E0,-4.276259E0,1.233297E3,6.724833E2
7.012500E0,,,,,
7.016667E0,1780,8.822538E0,-4.256081E0,1.232801E3,6.718605E2
7.020833E0,,,,,
7.025000E0,1782,8.792954E0,-4.271399E0,1.231887E3,6.723333E2
7.029167E0,,,,,
7.033333E0,1784,8.767562E0,-4.251672E0,1.231104E3,6.717245E2
7.037500E0,,,,,
7.041667E0,1786,8.732994E0,-4.238121E0,1.230037E3,6.713062E2
7.045833E0,,,,,
7.050000E0,1788,8.675895E0,-4.244918E0,1.228275E3,6.715160E2
7.054167E0,,,,,
7.058333E0,1790,8.627457E0,-4.213156E0,1.226780E3,6.705357E2
7.062500E0,,,,,
7.066667E0,1792,8.581793E0,-4.212736E0,1.225370E3,6.705227E2
7.070833E0,,,,,
7.075000E0,1794,8.533586E0,-4.194926E0,1.223882E3,6.699730E2
7.079167E0,,,,,
7.083333E0,1796,8.475000E0,-4.197439E0,1.222074E3,6.700506E2
7.087500E0,,,,,
7.091667E0,1798,8.438238E0,-4.184834E0,1.220939E3,6.696615E2
7.095833E0,,,,,
7.100000E0,1800,8.397399E0,-4.190831E0,1.219679E3,6.698466E2
7.104167E0,,,,,
7.108333E0,1802,8.361368E0,-4.175369E0,1.218567E3,6.693694E2
7.112500E0,,,,,
7.116667E0,1804,8.340163E0,-4.178977E0,1.217912E3,6.694808E2
7.120833E0,,,,,
7.125000E0,1806,8.319809E0,-4.180824E0,1.217284E3,6.695378E2
7.129167E0,,,,,
7.133333E0,1808,8.294981E0,-4.184786E0,1.216518E3,6.696601E2
7.137500E0,,,,,
7.141667E0,1810,8.293947E0,-4.169216E0,1.216486E3,6.691795E2
7.145833E0,,,,,
7.150000E0,1812,8.277340E0,-4.183121E0,1.215973E3,6.696087E2
7.154167E0,,,,,
7.158333E0,1814,8.258184E0,-4.161747E0,1.215382E3,6.689490E2
7.162500E0,,,,,
7.166667E0,1816,8.235536E0,-4.184040E0,1.214683E3,6.696370E2
7.170833E0,,,,,
7.175000E0,1818,8.215151E0,-4.169154E0,1.214054E3,6.691776E2
7.179167E0,,,,,
7.183333E0,1820,8.168651E0,-4.175312E0,1.212619E3,6.693676E2
7.187500E0,,,,,
7.191667E0,1822,8.116941E0,-4.175294E0,1.211023E3,6.693671E2
7.195833E0,,,,,
7.200000E0,1824,8.070305E0,-4.167677E0,1.209583E3,6.691320E2
7.204167E0,,,,,
7.208333E0,1826,8.027243E0,-4.147728E0,1.208254E3,6.685163E2
7.212500E0,,,,,
7.216667E0,1828,7.978431E0,-4.153649E0,1.206748E3,6.686991E2
7.220833E0,,,,,
7.225000E0,1830,7.915066E0,-4.147257E0,1.204792E3,6.685018E2
7.229167E0,,,,,
7.233333E0,1832,7.875428E0,-4.145871E0,1.203569E3,6.684590E2
7.237500E0,,,,,
7.241667E0,1834,7.833437E0,-4.132635E0,1.202273E3,6.680504E2
7.245833E0,,,,,
7.250000E0,1836,7.799198E0,-4.140654E0,1.201216E3,6.682980E2
7.254167E0,,,,,
7.258333E0,1838,7.766991E0,-4.129965E0,1.200222E3,6.679681E2
7.262500E0,,,,,
7.266667E0,1840,7.752705E0,-4.144395E0,1.199781E3,6.684134E2
7.270833E0,,,,,
7.275000E0,1842,7.731097E0,-4.128958E0,1.199114E3,6.679370E2
7.279167E0,,,,,
7.283333E0,1844,7.723166E0,-4.122064E0,1.198869E3,6.677242E2
7.287500E0,,,,,
7.291667E0,1846,7.716286E0,-4.129289E0,1.198657E3,6.679472E2
7.295833E0,,,,,
7.300000E0,1848,7.698860E0,-4.120183E0,1.198119E3,6.676661E2
7.304167E0,,,,,
7.308333E0,1850,7.671193E0,-4.118197E0,1.197265E3,6.676048E2
7.312500E0,,,,,
7.316667E0,1852,7.650297E0,-4.105402E0,1.196620E3,6.672099E2
7.320833E0,,,,,
7.325000E0,1854,7.595676E0,-4.123909E0,1.194934E3,6.677811E2
7.329167E0,,,,,
7.333333E0,1856,7.564636E0,-4.115619E0,1.193976E3,6.675253E2
7.337500E0,,,,,
7.341667E0,1858,7.513357E0,-4.121439E0,1.192394E3,6.677049E2
7.345833E0,,,,,
7.350000E0,1860,7.467185E0,-4.104851E0,1.190969E3,6.671929E2
7.354167E0,,,,,
7.358333E0,1862,7.409114E0,-4.099936E0,1.189176E3,6.670412E2
7.362500E0,,,,,
7.366667E0,1864,7.350531E0,-4.094371E0,1.187368E3,6.668695E2
7.370833E0,,,,,
7.375000E0,1866,7.316280E0,-4.077641E0,1.186311E3,6.663531E2
7.379167E0,,,,,
7.383333E0,1868,7.267882E0,-4.071785E0,1.184817E3,6.661724E2
7.387500E0,,,,,
7.391667E0,1870,7.237222E0,-4.063354E0,1.183871E3,6.659122E2
7.395833E0,,,,,
7.400000E0,1872,7.228920E0,-4.048609E0,1.183615E3,6.654571E2
7.404167E0,,,,,
7.408333E0,1874,7.200433E0,-4.043819E0,1.182736E3,6.653092E2
7.412500E0,,,,,
7.416667E0,1876,7.180626E0,-4.039560E0,1.182124E3,6.651778E2
7.420833E0,,,,,
7.425000E0,1878,7.154751E0,-4.045067E0,1.181326E3,6.653477E2
7.429167E0,,,,,
7.433333E0,1880,7.156072E0,-4.026795E0,1.181366E3,6.647838E2
7.437500E0,,,,,
7.441667E0,1882,7.129298E0,-4.025960E0,1.180540E3,6.647580E2
7.445833E0,,,,,
7.450000E0,1884,7.120300E0,-4.020751E0,1.180262E3,6.645972E2
7.454167E0,,,,,
7.458333E0,1886,7.083860E0,-3.998741E0,1.179138E3,6.639179E2
7.462500E0,,,,,
7.466667E0,1888,7.056254E0,-3.991173E0,1.178286E3,6.636844E2
7.470833E0,,,,,
7.475000E0,1890,7.020274E0,-3.966197E0,1.177175E3,6.629135E2
7.479167E0,,,,,
7.483333E0,1892,6.970920E0,-3.963298E0,1.175652E3,6.628240E2
7.487500E0,,,,,
7.491667E0,1894,6.907417E0,-3.937757E0,1.173692E3,6.620357E2
7.495833E0,,,,,
7.500000E0,1896,6.865806E0,-3.926940E0,1.172408E3,6.617018E2
7.504167E0,,,,,
7.508333E0,1898,6.825944E0,-3.903172E0,1.171177E3,6.609683E2
7.512500E0,,,,,
7.516667E0,1900,6.780415E0,-3.879556E0,1.169772E3,6.602394E2
7.520833E0,,,,,
7.525000E0,1902,6.737154E0,-3.863795E0,1.168437E3,6.597529E2
7.529167E0,,,,,
7.533333E0,1904,6.708880E0,-3.842081E0,1.167564E3,6.590827E2
7.537500E0,,,,,
7.541667E0,1906,6.680502E0,-3.844708E0,1.166688E3,6.591638E2
7.545833E0,,,,,
7.550000E0,1908,6.669337E0,-3.824301E0,1.166344E3,6.585340E2
7.554167E0,,,,,
7.558333E0,1910,6.657675E0,-3.820089E0,1.165984E3,6.584040E2
7.562500E0,,,,,
7.566667E0,1912,6.640994E0,-3.809127E0,1.165469E3,6.580656E2
7.570833E0,,,,,
7.575000E0,1914,6.632574E0,-3.801816E0,1.165209E3,6.578400E2
7.579167E0,,,,,
7.583333E0,1916,6.614876E0,-3.790864E0,1.164663E3,6.575020E2
7.587500E0,,,,,
7.591667E0,1918,6.591457E0,-3.790961E0,1.163940E3,6.575050E2
7.595833E0,,,,,
7.600000E0,1920,6.577263E0,-3.787022E0,1.163502E3,6.573834E2
7.604167E0,,,,,
7.608333E0,1922,6.529266E0,-3.754789E0,1.162021E3,6.563886E2
7.612500E0,,,,,
7.616667E0,1924,6.503065E0,-3.730672E0,1.161212E3,6.556442E2
7.620833E0,,,,,
7.625000E0,1926,6.468696E0,-3.719569E0,1.160151E3,6.553015E2
7.629167E0,,,,,
7.633333E0,1928,6.420923E0,-3.684873E0,1.158677E3,6.542306E2
7.637500E0,,,,,
7.641667E0,1930,6.352681E0,-3.665934E0,1.156570E3,6.536461E2
7.645833E0,,,,,
7.650000E0,1932,6.328441E0,-3.645551E0,1.155822E3,6.530170E2
7.654167E0,,,,,
7.658333E0,1934,6.296167E0,-3.604786E0,1.154826E3,6.517588E2
7.662500E0,,,,,
7.666667E0,1936,6.249772E0,-3.598641E0,1.153394E3,6.515692E2
7.670833E0,,,,,
7.675000E0,1938,6.215656E0,-3.577132E0,1.152341E3,6.509053E2
7.679167E0,,,,,
7.683333E0,1940,6.193273E0,-3.556375E0,1.151650E3,6.502647E2
7.687500E0,,,,,
7.691667E0,1942,6.174969E0,-3.548343E0,1.151085E3,6.500168E2
7.695833E0,,,,,
7.700000E0,1944,6.166175E0,-3.529978E0,1.150814E3,6.494499E2
7.704167E0,,,,,
7.708333E0,1946,6.160762E0,-3.520007E0,1.150647E3,6.491422E2
7.712500E0,,,,,
7.716667E0,1948,6.140608E0,-3.514500E0,1.150025E3,6.489722E2
7.720833E0,,,,,
7.725000E0,1950,6.130916E0,-3.512166E0,1.149726E3,6.489002E2
7.729167E0,,,,,
7.733333E0,1952,6.107015E0,-3.488567E0,1.148988E3,6.481718E2
7.737500E0,,,,,
7.741667E0,1954,6.094486E0,-3.470987E0,1.148601E3,6.476292E2
7.745833E0,,,,,
7.750000E0,1956,6.066961E0,-3.441414E0,1.147752E3,6.467165E2
7.754167E0,,,,,
7.758333E0,1958,6.039604E0,-3.422004E0,1.146908E3,6.461174E2
7.762500E0,,,,,
7.766667E0,1960,6.008560E0,-3.377275E0,1.145949E3,6.447369E2
7.770833E0,,,,,
7.775000E0,1962,5.972625E0,-3.349475E0,1.144840E3,6.438789E2
7.779167E0,,,,,
7.783333E0,1964,5.932817E0,-3.309985E0,1.143612E3,6.426600E2
7.787500E0,,,,,
7.791667E0,1966,5.901085E0,-3.272606E0,1.142632E3,6.415064E2
7.795833E0,,,,,
7.800000E0,1968,5.862908E0,-3.243059E0,1.141454E3,6.405944E2
7.804167E0,,,,,
7.808333E0,1970,5.841666E0,-3.202201E0,1.140798E3,6.393334E2
7.812500E0,,,,,
7.816667E0,1972,5.806964E0,-3.173699E0,1.139727E3,6.384537E2
7.820833E0,,,,,
7.825000E0,1974,5.800793E0,-3.151387E0,1.139537E3,6.377650E2
7.829167E0,,,,,
7.833333E0,1976,5.777583E0,-3.143000E0,1.138820E3,6.375062E2
7.837500E0,,,,,
7.841667E0,1978,5.764599E0,-3.123475E0,1.138420E3,6.369035E2
7.845833E0,,,,,
7.850000E0,1980,5.761048E0,-3.118599E0,1.138310E3,6.367531E2
7.854167E0,,,,,
7.858333E0,1982,5.751719E0,-3.106897E0,1.138022E3,6.363919E2
7.862500E0,,,,,
7.866667E0,1984,5.738368E0,-3.094566E0,1.137610E3,6.360113E2
7.870833E0,,,,,
7.875000E0,1986,5.723743E0,-3.071606E0,1.137159E3,6.353026E2
7.879167E0,,,,,
7.883333E0,1988,5.701829E0,-3.069663E0,1.136482E3,6.352427E2
7.887500E0,,,,,
7.891667E0,1990,5.678673E0,-3.034862E0,1.135768E3,6.341686E2
7.895833E0,,,,,
7.900000E0,1992,5.651032E0,-3.012009E0,1.134915E3,6.334632E2
7.904167E0,,,,,
7.908333E0,1994,5.623271E0,-2.958691E0,1.134058E3,6.318176E2
7.912500E0,,,,,
7.916667E0,1996,5.591797E0,-2.936097E0,1.133086E3,6.311203E2
7.920833E0,,,,,
7.925000E0,1998,5.552467E0,-2.895767E0,1.131872E3,6.298755E2
7.929167E0,,,,,
7.933333E0,2000,5.522434E0,-2.855955E0,1.130945E3,6.286468E2
7.937500E0,,,,,
7.941667E0,2002,5.483430E0,-2.822956E0,1.129742E3,6.276283E2
7.945833E0,,,,,
7.950000E0,2004,5.455072E0,-2.784263E0,1.128866E3,6.264341E2
7.954167E0,,,,,
7.958333E0,2006,5.429184E0,-2.758854E0,1.128067E3,6.256498E2
7.962500E0,,,,,
7.966667E0,2008,5.407562E0,-2.737280E0,1.127400E3,6.249840E2
7.970833E0,,,,,
7.975000E0,2010,5.393319E0,-2.712510E0,1.126960E3,6.242195E2
7.979167E0,,,,,
7.983333E0,2012,5.386655E0,-2.702885E0,1.126755E3,6.239224E2
7.987500E0,,,,,
7.991667E0,2014,5.381676E0,-2.694564E0,1.126601E3,6.236656E2
7.995833E0,,,,,
8.000000E0,2016,5.373044E0,-2.683748E0,1.126335E3,6.233317E2
8.004167E0,,,,,
8.008333E0,2018,5.361088E0,-2.670062E0,1.125966E3,6.229093E2
8.012500E0,,,,,
8.016667E0,2020,5.353029E0,-2.642041E0,1.125717E3,6.220445E2
8.020833E0,,,,,
8.025000E0,2022,5.347263E0,-2.632480E0,1.125539E3,6.217494E2
8.029167E0,,,,,
8.033333E0,2024,5.317703E0,-2.603855E0,1.124627E3,6.208659E2
8.037500E0,,,,,
8.041667E0,2026,5.285018E0,-2.564647E0,1.123618E3,6.196558E2
8.045833E0,,,,,
8.050000E0,2028,5.268834E0,-2.535184E0,1.123118E3,6.187464E2
8.054167E0,,,,,
8.058333E0,2030,5.246651E0,-2.493519E0,1.122434E3,6.174605E2
8.062500E0,,,,,
8.066667E0,2032,5.211889E0,-2.443399E0,1.121361E3,6.159136E2
8.070833E0,,,,,
8.075000E0,2034,5.180603E0,-2.405867E0,1.120395E3,6.147552E2
8.079167E0,,,,,
8.083333E0,2036,5.155748E0,-2.356322E0,1.119628E3,6.132260E2
8.087500E0,,,,,
8.091667E0,2038,5.128152E0,-2.325968E0,1.118776E3,6.122891E2
8.095833E0,,,,,
8.100000E0,2040,5.106078E0,-2.295475E0,1.118095E3,6.113480E2
8.104167E0,,,,,
8.108333E0,2042,5.090179E0,-2.271816E0,1.117604E3,6.106178E2
8.112500E0,,,,,
8.116667E0,2044,5.090917E0,-2.250254E0,1.117627E3,6.099523E2
8.120833E0,,,,,
8.125000E0,2046,5.062368E0,-2.225162E0,1.116746E3,6.091779E2
8.129167E0,,,,,
8.133333E0,2048,5.065189E0,-2.213672E0,1.116833E3,6.088232E2
8.137500E0,,,,,
8.141667E0,2050,5.052395E0,-2.196820E0,1.116438E3,6.083031E2
8.145833E0,,,,,
8.150000E0,2052,5.040502E0,-2.199583E0,1.116071E3,6.083884E2
8.154167E0,,,,,
8.158333E0,2054,5.037275E0,-2.165841E0,1.115971E3,6.073470E2
8.162500E0,,,,,
8.166667E0,2056,5.023627E0,-2.150170E0,1.115550E3,6.068633E2
8.170833E0,,,,,
8.175000E0,2058,5.016648E0,-2.137965E0,1.115335E3,6.064866E2
8.179167E0,,,,,
8.183333E0,2060,4.994384E0,-2.095657E0,1.114648E3,6.051808E2
8.187500E0,,,,,
8.191667E0,2062,4.977398E0,-2.053558E0,1.114123E3,6.038814E2
8.195833E0,,,,,
8.200000E0,2064,4.945709E0,-2.004676E0,1.113145E3,6.023727E2
8.204167E0,,,,,
8.208333E0,2066,4.913661E0,-1.963259E0,1.112156E3,6.010944E2
8.212500E0,,,,,
8.216667E0,2068,4.900870E0,-1.917087E0,1.111761E3,5.996694E2
8.220833E0,,,,,
8.225000E0,2070,4.873554E0,-1.878722E0,1.110918E3,5.984853E2
8.229167E0,,,,,
8.233333E0,2072,4.851030E0,-1.832644E0,1.110223E3,5.970631E2
8.237500E0,,,,,
8.241667E0,2074,4.825180E0,-1.786488E0,1.109425E3,5.956385E2
8.245833E0,,,,,
8.250000E0,2076,4.813799E0,-1.772451E0,1.109074E3,5.952053E2
8.254167E0,,,,,
8.258333E0,2078,4.790296E0,-1.757570E0,1.108349E3,5.947460E2
8.262500E0,,,,,
8.266667E0,2080,4.786382E0,-1.725651E0,1.108228E3,5.937608E2
8.270833E0,,,,,
8.275000E0,2082,4.782545E0,-1.721095E0,1.108109E3,5.936202E2
8.279167E0,,,,,
8.283333E0,2084,4.768245E0,-1.709669E0,1.107668E3,5.932676E2
8.287500E0,,,,,
8.291667E0,2086,4.767339E0,-1.708679E0,1.107640E3,5.932370E2
8.295833E0,,,,,
8.300000E0,2088,4.755819E0,-1.680824E0,1.107285E3,5.923773E2
8.304167E0,,,,,
8.308333E0,2090,4.756618E0,-1.662781E0,1.107309E3,5.918204E2
8.312500E0,,,,,
8.316667E0,2092,4.729353E0,-1.645997E0,1.106468E3,5.913024E2
8.320833E0,,,,,
8.325000E0,2094,4.702696E0,-1.603377E0,1.105645E3,5.899869E2
8.329167E0,,,,,
8.333333E0,2096,4.678980E0,-1.571380E0,1.104913E3,5.889994E2
8.337500E0,,,,,
8.341667E0,2098,4.648815E0,-1.534516E0,1.103982E3,5.878616E2
8.345833E0,,,,,
8.350000E0,2100,4.618890E0,-1.475466E0,1.103058E3,5.860391E2
8.354167E0,,,,,
8.358333E0,2102,4.593660E0,-1.444018E0,1.102280E3,5.850685E2
8.362500E0,,,,,
8.366667E0,2104,4.570092E0,-1.407009E0,1.101552E3,5.839262E2
8.370833E0,,,,,
8.375000E0,2106,4.540363E0,-1.361281E0,1.100635E3,5.825149E2
8.379167E0,,,,,
8.383333E0,2108,4.523386E0,-1.338717E0,1.100111E3,5.818184E2
8.387500E0,,,,,
8.391667E0,2110,4.506522E0,-1.282516E0,1.099590E3,5.800838E2
8.395833E0,,,,,
8.400000E0,2112,4.493726E0,-1.267314E0,1.099195E3,5.796146E2
8.404167E0,,,,,
8.408333E0,2114,4.473052E0,-1.249053E0,1.098557E3,5.790510E2
8.412500E0,,,,,
8.416667E0,2116,4.468498E0,-1.233659E0,1.098417E3,5.785759E2
8.420833E0,,,,,
8.425000E0,2118,4.468640E0,-1.220434E0,1.098421E3,5.781677E2
8.429167E0,,,,,
8.433333E0,2120,4.468063E0,-1.216407E0,1.098403E3,5.780434E2
8.437500E0,,,,,
8.441667E0,2122,4.457666E0,-1.201805E0,1.098082E3,5.775927E2
8.445833E0,,,,,
8.450000E0,2124,4.450840E0,-1.176345E0,1.097872E3,5.768070E2
8.454167E0,,,,,
8.458333E0,2126,4.435423E0,-1.153237E0,1.097396E3,5.760937E2
8.462500E0,,,,,
8.466667E0,2128,4.413839E0,-1.122925E0,1.096730E3,5.751582E2
8.470833E0,,,,,
8.475000E0,2130,4.400937E0,-1.081613E0,1.096331E3,5.738831E2
8.479167E0,,,,,
8.483333E0,2132,4.369505E0,-1.039370E0,1.095361E3,5.725793E2
8.487500E0,,,,,
8.491667E0,2134,4.360504E0,-9.908250E-1,1.095083E3,5.710810E2
8.495833E0,,,,,
8.500000E0,2136,4.329303E0,-9.410025E-1,1.094120E3,5.695433E2
8.504167E0,,,,,
8.508333E0,2138,4.313982E0,-9.023317E-1,1.093648E3,5.683497E2
8.512500E0,,,,,
8.516667E0,2140,4.285005E0,-8.464478E-1,1.092753E3,5.666249E2
8.520833E0,,,,,
8.525000E0,2142,4.264290E0,-8.183385E-1,1.092114E3,5.657574E2
8.529167E0,,,,,
8.533333E0,2144,4.257800E0,-7.820401E-1,1.091914E3,5.646370E2
8.537500E0,,,,,
8.541667E0,2146,4.239715E0,-7.619559E-1,1.091355E3,5.640172E2
8.545833E0,,,,,
8.550000E0,2148,4.242771E0,-7.426892E-1,1.091450E3,5.634225E2
8.554167E0,,,,,
8.558333E0,2150,4.223680E0,-7.203868E-1,1.090860E3,5.627342E2
8.562500E0,,,,,
8.566667E0,2152,4.215077E0,-7.143933E-1,1.090595E3,5.625492E2
8.570833E0,,,,,
8.575000E0,2154,4.218112E0,-6.952559E-1,1.090689E3,5.619585E2
8.579167E0,,,,,
8.583333E0,2156,4.208027E0,-6.937313E-1,1.090377E3,5.619115E2
8.587500E0,,,,,
8.591667E0,2158,4.190166E0,-6.633612E-1,1.089826E3,5.609741E2
8.595833E0,,,,,
8.600000E0,2160,4.194533E0,-6.393692E-1,1.089961E3,5.602336E2
8.604167E0,,,,,
8.608333E0,2162,4.175983E0,-6.195881E-1,1.089388E3,5.596231E2
8.612500E0,,,,,
8.616667E0,2164,4.147571E0,-5.695269E-1,1.088511E3,5.580780E2
8.620833E0,,,,,
8.625000E0,2166,4.114910E0,-5.343146E-1,1.087503E3,5.569912E2
8.629167E0,,,,,
8.633333E0,2168,4.101648E0,-4.981659E-1,1.087094E3,5.558755E2
8.637500E0,,,,,
8.641667E0,2170,4.058985E0,-4.460230E-1,1.085777E3,5.542661E2
8.645833E0,,,,,
8.650000E0,2172,4.035153E0,-3.990297E-1,1.085042E3,5.528157E2
8.654167E0,,,,,
8.658333E0,2174,4.020628E0,-3.677665E-1,1.084593E3,5.518508E2
8.662500E0,,,,,
8.666667E0,2176,3.992633E0,-3.186122E-1,1.083729E3,5.503337E2
8.670833E0,,,,,
8.675000E0,2178,3.981540E0,-3.085916E-1,1.083387E3,5.500244E2
8.679167E0,,,,,
8.683333E0,2180,3.949330E0,-2.818780E-1,1.082393E3,5.491999E2
8.687500E0,,,,,
8.691667E0,2182,3.938785E0,-2.517132E-1,1.082067E3,5.482689E2
8.695833E0,,,,,
8.700000E0,2184,3.936995E0,-2.341210E-1,1.082012E3,5.477260E2
8.704167E0,,,,,
8.708333E0,2186,3.926173E0,-2.337290E-1,1.081678E3,5.477139E2
8.712500E0,,,,,
8.716667E0,2188,3.932074E0,-2.164217E-1,1.081860E3,5.471797E2
8.720833E0,,,,,
8.725000E0,2190,3.913968E0,-2.084937E-1,1.081301E3,5.469350E2
8.729167E0,,,,,
8.733333E0,2192,3.911050E0,-1.801655E-1,1.081211E3,5.460607E2
8.737500E0,,,,,
8.741667E0,2194,3.892848E0,-1.709833E-1,1.080650E3,5.457773E2
8.745833E0,,,,,
8.750000E0,2196,3.871673E0,-1.250003E-1,1.079996E3,5.443580E2
8.754167E0,,,,,
8.758333E0,2198,3.846995E0,-9.879187E-2,1.079234E3,5.435491E2
8.762500E0,,,,,
8.766667E0,2200,3.827308E0,-5.624186E-2,1.078627E3,5.422359E2
8.770833E0,,,,,
8.775000E0,2202,3.815684E0,5.276064E-3,1.078268E3,5.403372E2
8.779167E0,,,,,
8.783333E0,2204,3.784190E0,3.896830E-2,1.077296E3,5.392973E2
8.787500E0,,,,,
8.791667E0,2206,3.759871E0,8.864019E-2,1.076545E3,5.377642E2
8.795833E0,,,,,
8.800000E0,2208,3.750181E0,1.451977E-1,1.076246E3,5.360186E2
8.804167E0,,,,,
8.808333E0,2210,3.724356E0,1.655296E-1,1.075449E3,5.353911E2
8.812500E0,,,,,
8.816667E0,2212,3.707301E0,2.138827E-1,1.074923E3,5.338987E2
8.820833E0,,,,,
8.825000E0,2214,3.702110E0,2.382441E-1,1.074763E3,5.331468E2
8.829167E0,,,,,
8.833333E0,2216,3.693637E0,2.588932E-1,1.074501E3,5.325095E2
8.837500E0,,,,,
8.841667E0,2218,3.687491E0,2.830660E-1,1.074311E3,5.317634E2
8.845833E0,,,,,
8.850000E0,2220,3.679867E0,2.916769E-1,1.074076E3,5.314976E2
8.854167E0,,,,,
8.858333E0,2222,3.674720E0,3.039912E-1,1.073917E3,5.311176E2
8.862500E0,,,,,
8.866667E0,2224,3.683453E0,3.132652E-1,1.074187E3,5.308313E2
8.870833E0,,,,,
8.875000E0,2226,3.659089E0,3.253316E-1,1.073435E3,5.304589E2
8.879167E0,,,,,
8.883333E0,2228,3.667833E0,3.583844E-1,1.073705E3,5.294388E2
8.887500E0,,,,,
8.891667E0,2230,3.646541E0,3.784907E-1,1.073048E3,5.288182E2
8.895833E0,,,,,
8.900000E0,2232,3.626628E0,4.212432E-1,1.072433E3,5.274987E2
8.904167E0,,,,,
8.908333E0,2234,3.610120E0,4.610254E-1,1.071923E3,5.262708E2
8.912500E0,,,,,
8.916667E0,2236,3.578559E0,5.148443E-1,1.070949E3,5.246097E2
8.920833E0,,,,,
8.925000E0,2238,3.564768E0,5.534070E-1,1.070524E3,5.234195E2
8.929167E0,,,,,
8.933333E0,2240,3.537622E0,6.029390E-1,1.069686E3,5.218908E2
8.937500E0,,,,,
8.941667E0,2242,3.526964E0,6.497872E-1,1.069357E3,5.204448E2
8.945833E0,,,,,
8.950000E0,2244,3.487346E0,6.839652E-1,1.068134E3,5.193900E2
8.954167E0,,,,,
8.958333E0,2246,3.480187E0,7.355667E-1,1.067913E3,5.177973E2
8.962500E0,,,,,
8.966667E0,2248,3.469202E0,7.483103E-1,1.067574E3,5.174040E2
8.970833E0,,,,,
8.975000E0,2250,3.454257E0,7.713837E-1,1.067113E3,5.166919E2
8.979167E0,,,,,
8.983333E0,2252,3.442043E0,7.864254E-1,1.066736E3,5.162276E2
8.987500E0,,,,,
8.991667E0,2254,3.440724E0,8.002876E-1,1.066695E3,5.157998E2
8.995833E0,,,,,
9.000000E0,2256,3.429350E0,8.204152E-1,1.066344E3,5.151785E2
9.004167E0,,,,,
9.008333E0,2258,3.415025E0,8.248477E-1,1.065902E3,5.150417E2
9.012500E0,,,,,
9.016667E0,2260,3.416478E0,8.390657E-1,1.065947E3,5.146029E2
9.020833E0,,,,,
9.025000E0,2262,3.399790E0,8.561465E-1,1.065432E3,5.140757E2
9.029167E0,,,,,
9.033333E0,2264,3.377340E0,8.874842E-1,1.064739E3,5.131085E2
9.037500E0,,,,,
9.041667E0,2266,3.359231E0,9.180804E-1,1.064180E3,5.121642E2
9.045833E0,,,,,
9.050000E0,2268,3.331393E0,9.560138E-1,1.063321E3,5.109934E2
9.054167E0,,,,,
9.058333E0,2270,3.303018E0,1.001071E0,1.062445E3,5.096027E2
9.062500E0,,,,,
9.066667E0,2272,3.291588E0,1.036122E0,1.062092E3,5.085209E2
9.070833E0,,,,,
9.075000E0,2274,3.269431E0,1.095702E0,1.061408E3,5.066820E2
9.079167E0,,,,,
9.083333E0,2276,3.229965E0,1.139432E0,1.060190E3,5.053324E2
9.087500E0,,,,,
9.091667E0,2278,3.203852E0,1.162225E0,1.059384E3,5.046289E2
9.095833E0,,,,,
9.100000E0,2280,3.193327E0,1.204287E0,1.059059E3,5.033306E2
9.104167E0,,,,,
9.108333E0,2282,3.164179E0,1.232893E0,1.058160E3,5.024477E2
9.112500E0,,,,,
9.116667E0,2284,3.146786E0,1.256476E0,1.057623E3,5.017199E2
9.120833E0,,,,,
9.125000E0,2286,3.138767E0,1.271152E0,1.057376E3,5.012669E2
9.129167E0,,,,,
9.133333E0,2288,3.137705E0,1.280455E0,1.057343E3,5.009798E2
9.137500E0,,,,,
9.141667E0,2290,3.137772E0,1.297246E0,1.057345E3,5.004616E2
9.145833E0,,,,,
9.150000E0,2292,3.118886E0,1.306918E0,1.056762E3,5.001630E2
9.154167E0,,,,,
9.158333E0,2294,3.118139E0,1.328881E0,1.056739E3,4.994851E2
9.162500E0,,,,,
9.166667E0,2296,3.099840E0,1.343708E0,1.056174E3,4.990275E2
9.170833E0,,,,,
9.175000E0,2298,3.085521E0,1.355859E0,1.055732E3,4.986525E2
9.179167E0,,,,,
9.183333E0,2300,3.063361E0,1.408270E0,1.055048E3,4.970349E2
9.187500E0,,,,,
9.191667E0,2302,3.040244E0,1.434449E0,1.054335E3,4.962269E2
9.195833E0,,,,,
9.200000E0,2304,3.006710E0,1.487316E0,1.053300E3,4.945952E2
9.204167E0,,,,,
9.208333E0,2306,2.986484E0,1.536358E0,1.052675E3,4.930815E2
9.212500E0,,,,,
9.216667E0,2308,2.951127E0,1.580406E0,1.051584E3,4.917220E2
9.220833E0,,,,,
9.225000E0,2310,2.935621E0,1.613341E0,1.051106E3,4.907055E2
9.229167E0,,,,,
9.233333E0,2312,2.911410E0,1.660075E0,1.050358E3,4.892631E2
9.237500E0,,,,,
9.241667E0,2314,2.883181E0,1.697175E0,1.049487E3,4.881181E2
9.245833E0,,,,,
9.250000E0,2316,2.868740E0,1.717499E0,1.049041E3,4.874908E2
9.254167E0,,,,,
9.258333E0,2318,2.855532E0,1.734830E0,1.048634E3,4.869559E2
9.262500E0,,,,,
9.266667E0,2320,2.846328E0,1.762341E0,1.048350E3,4.861067E2
9.270833E0,,,,,
9.275000E0,2322,2.842380E0,1.778164E0,1.048228E3,4.856184E2
9.279167E0,,,,,
9.283333E0,2324,2.829899E0,1.780790E0,1.047843E3,4.855373E2
9.287500E0,,,,,
9.291667E0,2326,2.826308E0,1.791751E0,1.047732E3,4.851990E2
9.295833E0,,,,,
9.300000E0,2328,2.827671E0,1.809739E0,1.047774E3,4.846439E2
9.304167E0,,,,,
9.308333E0,2330,2.813637E0,1.829754E0,1.047341E3,4.840261E2
9.312500E0,,,,,
9.316667E0,2332,2.804357E0,1.867526E0,1.047054E3,4.828603E2
9.320833E0,,,,,
9.325000E0,2334,2.777674E0,1.892039E0,1.046231E3,4.821037E2
9.329167E0,,,,,
9.333333E0,2336,2.763240E0,1.937887E0,1.045785E3,4.806887E2
9.337500E0,,,,,
9.341667E0,2338,2.745627E0,1.967582E0,1.045242E3,4.797722E2
9.345833E0,,,,,
9.350000E0,2340,2.713683E0,2.023883E0,1.044256E3,4.780345E2
9.354167E0,,,,,
9.358333E0,2342,2.684751E0,2.064984E0,1.043363E3,4.767659E2
9.362500E0,,,,,
9.366667E0,2344,2.652708E0,2.105672E0,1.042374E3,4.755101E2
9.370833E0,,,,,
9.375000E0,2346,2.620608E0,2.144113E0,1.041383E3,4.743237E2
9.379167E0,,,,,
9.383333E0,2348,2.616605E0,2.173392E0,1.041259E3,4.734200E2
9.387500E0,,,,,
9.391667E0,2350,2.586007E0,2.198615E0,1.040315E3,4.726415E2
9.395833E0,,,,,
9.400000E0,2352,2.570013E0,2.241267E0,1.039821E3,4.713251E2
9.404167E0,,,,,
9.408333E0,2354,2.559268E0,2.243415E0,1.039490E3,4.712588E2
9.412500E0,,,,,
9.416667E0,2356,2.555028E0,2.258424E0,1.039359E3,4.707955E2
9.420833E0,,,,,
9.425000E0,2358,2.553484E0,2.271653E0,1.039311E3,4.703873E2
9.429167E0,,,,,
9.433333E0,2360,2.544438E0,2.287276E0,1.039032E3,4.699051E2
9.437500E0,,,,,
9.441667E0,2362,2.530537E0,2.305728E0,1.038603E3,4.693356E2
9.445833E0,,,,,
9.450000E0,2364,2.524074E0,2.332107E0,1.038404E3,4.685214E2
9.454167E0,,,,,
9.458333E0,2366,2.513470E0,2.340321E0,1.038076E3,4.682679E2
9.462500E0,,,,,
9.466667E0,2368,2.497657E0,2.378405E0,1.037588E3,4.670924E2
9.470833E0,,,,,
9.475000E0,2370,2.489690E0,2.426265E0,1.037342E3,4.656153E2
9.479167E0,,,,,
9.483333E0,2372,2.458607E0,2.470834E0,1.036383E3,4.642397E2
9.487500E0,,,,,
9.491667E0,2374,2.435350E0,2.509767E0,1.035665E3,4.630380E2
9.495833E0,,,,,
9.500000E0,2376,2.421699E0,2.561706E0,1.035244E3,4.614350E2
9.504167E0,,,,,
9.508333E0,2378,2.391523E0,2.604515E0,1.034312E3,4.601137E2
9.512500E0,,,,,
9.516667E0,2380,2.382341E0,2.643939E0,1.034029E3,4.588969E2
9.520833E0,,,,,
9.525000E0,2382,2.362921E0,2.680039E0,1.033430E3,4.577828E2
9.529167E0,,,,,
9.533333E0,2384,2.346260E0,2.713920E0,1.032915E3,4.567370E2
9.537500E0,,,,,
9.541667E0,2386,2.334612E0,2.734753E0,1.032556E3,4.560940E2
9.545833E0,,,,,
9.550000E0,2388,2.305732E0,2.769647E0,1.031665E3,4.550171E2
9.554167E0,,,,,
9.558333E0,2390,2.303429E0,2.777286E0,1.031593E3,4.547813E2
9.562500E0,,,,,
9.566667E0,2392,2.297957E0,2.788905E0,1.031425E3,4.544227E2
9.570833E0,,,,,
9.575000E0,2394,2.297325E0,2.810905E0,1.031405E3,4.537437E2
9.579167E0,,,,,
9.583333E0,2396,2.292821E0,2.799675E0,1.031266E3,4.540903E2
9.587500E0,,,,,
9.591667E0,2398,2.276389E0,2.828555E0,1.030759E3,4.531989E2
9.595833E0,,,,,
9.600000E0,2400,2.263941E0,2.857184E0,1.030375E3,4.523153E2
9.604167E0,,,,,
9.608333E0,2402,2.252043E0,2.877226E0,1.030007E3,4.516967E2
9.612500E0,,,,,
9.616667E0,2404,2.225850E0,2.921917E0,1.029199E3,4.503174E2
9.620833E0,,,,,
9.625000E0,2406,2.220610E0,2.976982E0,1.029037E3,4.486179E2
9.629167E0,,,,,
9.633333E0,2408,2.183693E0,3.019561E0,1.027898E3,4.473037E2
9.637500E0,,,,,
9.641667E0,2410,2.163511E0,3.046140E0,1.027275E3,4.464833E2
9.645833E0,,,,,
9.650000E0,2412,2.138408E0,3.108309E0,1.026500E3,4.445645E2
9.654167E0,,,,,
9.658333E0,2414,2.112120E0,3.153148E0,1.025689E3,4.431806E2
9.662500E0,,,,,
9.666667E0,2416,2.087573E0,3.180431E0,1.024931E3,4.423386E2
9.670833E0,,,,,
9.675000E0,2418,2.079061E0,3.207695E0,1.024669E3,4.414971E2
9.679167E0,,,,,
9.683333E0,2420,2.066191E0,3.249236E0,1.024271E3,4.402149E2
9.687500E0,,,,,
9.691667E0,2422,2.054883E0,3.261795E0,1.023922E3,4.398273E2
9.695833E0,,,,,
9.700000E0,2424,2.045989E0,3.284607E0,1.023648E3,4.391232E2
9.704167E0,,,,,
9.708333E0,2426,2.042952E0,3.288507E0,1.023554E3,4.390029E2
9.712500E0,,,,,
9.716667E0,2428,2.028705E0,3.305531E0,1.023114E3,4.384775E2
9.720833E0,,,,,
9.725000E0,2430,2.025371E0,3.314158E0,1.023011E3,4.382112E2
9.729167E0,,,,,
9.733333E0,2432,2.019292E0,3.336975E0,1.022824E3,4.375069E2
9.737500E0,,,,,
9.741667E0,2434,2.004307E0,3.358076E0,1.022361E3,4.368557E2
9.745833E0,,,,,
9.750000E0,2436,1.987234E0,3.388410E0,1.021834E3,4.359194E2
9.754167E0,,,,,
9.758333E0,2438,1.967848E0,3.431091E0,1.021236E3,4.346021E2
9.762500E0,,,,,
9.766667E0,2440,1.947637E0,3.458064E0,1.020612E3,4.337696E2
9.770833E0,,,,,
9.775000E0,2442,1.921921E0,3.499742E0,1.019819E3,4.324833E2
9.779167E0,,,,,
9.783333E0,2444,1.904305E0,3.555326E0,1.019275E3,4.307677E2
9.787500E0,,,,,
9.791667E0,2446,1.878194E0,3.605780E0,1.018469E3,4.292105E2
9.795833E0,,,,,
9.800000E0,2448,1.847575E0,3.659644E0,1.017524E3,4.275480E2
9.804167E0,,,,,
9.808333E0,2450,1.827107E0,3.676642E0,1.016892E3,4.270234E2
9.812500E0,,,,,
9.816667E0,2452,1.826151E0,3.721655E0,1.016863E3,4.256341E2
9.820833E0,,,,,
9.825000E0,2454,1.795015E0,3.748746E0,1.015902E3,4.247980E2
9.829167E0,,,,,
9.833333E0,2456,1.787186E0,3.762461E0,1.015660E3,4.243747E2
9.837500E0,,,,,
9.841667E0,2458,1.774063E0,3.779311E0,1.015255E3,4.238546E2
9.845833E0,,,,,
9.850000E0,2460,1.771335E0,3.798909E0,1.015171E3,4.232497E2
9.854167E0,,,,,
9.858333E0,2462,1.779216E0,3.810911E0,1.015414E3,4.228793E2
9.862500E0,,,,,
9.866667E0,2464,1.760590E0,3.817708E0,1.014839E3,4.226695E2
9.870833E0,,,,,
9.875000E0,2466,1.754392E0,3.836179E0,1.014648E3,4.220994E2
9.879167E0,,,,,
9.883333E0,2468,1.743171E0,3.862664E0,1.014302E3,4.212820E2
9.887500E0,,,,,
9.891667E0,2470,1.725618E0,3.903611E0,1.013760E3,4.200182E2
9.895833E0,,,,,
9.900000E0,2472,1.721909E0,3.927947E0,1.013645E3,4.192671E2
9.904167E0,,,,,
9.908333E0,2474,1.702795E0,3.975446E0,1.013055E3,4.178010E2
9.912500E0,,,,,
9.916667E0,2476,1.680239E0,4.030488E0,1.012359E3,4.161022E2
9.920833E0,,,,,
9.925000E0,2478,1.668721E0,4.073365E0,1.012004E3,4.147789E2
9.929167E0,,,,,
9.933333E0,2480,1.649951E0,4.124761E0,1.011424E3,4.131926E2
9.937500E0,,,,,
9.941667E0,2482,1.638780E0,4.163996E0,1.011080E3,4.119816E2
9.945833E0,,,,,
9.950000E0,2484,1.621290E0,4.216452E0,1.010540E3,4.103626E2
9.954167E0,,,,,
9.958333E0,2486,1.615187E0,4.248795E0,1.010351E3,4.093643E2
9.962500E0,,,,,
9.966667E0,2488,1.610570E0,4.275538E0,1.010209E3,4.085390E2
9.970833E0,,,,,
9.975000E0,2490,1.597688E0,4.301210E0,1.009811E3,4.077466E2
9.979167E0,,,,,
9.983333E0,2492,1.590511E0,4.317334E0,1.009590E3,4.072489E2
9.987500E0,,,,,
9.991667E0,2494,1.586549E0,4.332819E0,1.009468E3,4.067710E2
