,B,,,,,
t,frame,x,y,pixelx,pixely,
0.000000E0,96,5.005881E0,7.003256E0,1.115003E3,3.243501E2
4.166667E-3,,,,,
8.333333E-3,98,5.004283E0,6.958075E0,1.114953E3,3.257446E2
1.250000E-2,,,,,
1.666667E-2,100,5.006300E0,6.886041E0,1.115015E3,3.279679E2
2.083333E-2,,,,,
2.500000E-2,102,5.021983E0,6.823865E0,1.115499E3,3.298869E2
2.916667E-2,,,,,
3.333333E-2,104,5.028555E0,6.755487E0,1.115702E3,3.319973E2
3.750000E-2,,,,,
4.166667E-2,106,5.050221E0,6.681051E0,1.116371E3,3.342947E2
4.583333E-2,,,,,
5.000000E-2,108,5.042134E0,6.613888E0,1.116121E3,3.363677E2
5.416667E-2,,,,,
5.833333E-2,110,5.068751E0,6.537558E0,1.116943E3,3.387235E2
6.250000E-2,,,,,
6.666667E-2,112,5.064616E0,6.497612E0,1.116815E3,3.399564E2
7.083333E-2,,,,,
7.500000E-2,114,5.061005E0,6.447578E0,1.116704E3,3.415007E2
7.916667E-2,,,,,
8.333333E-2,116,5.077945E0,6.419212E0,1.117227E3,3.423762E2
8.750000E-2,,,,,
9.166667E-2,118,5.080892E0,6.395360E0,1.117318E3,3.431123E2
9.583333E-2,,,,,
1.000000E-1,120,5.093131E0,6.375532E0,1.117695E3,3.437243E2
1.041667E-1,,,,,
1.083333E-1,122,5.085735E0,6.359586E0,1.117467E3,3.442165E2
1.125000E-1,,,,,
1.166667E-1,124,5.103826E0,6.328341E0,1.118025E3,3.451808E2
1.208333E-1,,,,,
1.250000E-1,126,5.105100E0,6.300173E0,1.118065E3,3.460502E2
1.291667E-1,,,,,
1.333333E-1,128,5.106745E0,6.269789E0,1.118116E3,3.469880E2
1.375000E-1,,,,,
1.416667E-1,130,5.110387E0,6.222784E0,1.118228E3,3.484388E2
1.458333E-1,,,,,
1.500000E-1,132,5.129886E0,6.163607E0,1.118830E3,3.502652E2
1.541667E-1,,,,,
1.583333E-1,134,5.140067E0,6.106348E0,1.119144E3,3.520325E2
1.625000E-1,,,,,
1.666667E-1,136,5.159722E0,6.027565E0,1.119751E3,3.544640E2
1.708333E-1,,,,,
1.750000E-1,138,5.176006E0,5.955292E0,1.120253E3,3.566947E2
1.791667E-1,,,,,
1.833333E-1,140,5.202280E0,5.899013E0,1.121064E3,3.584317E2
1.875000E-1,,,,,
1.916667E-1,142,5.198882E0,5.836192E0,1.120959E3,3.603706E2
1.958333E-1,,,,,
2.000000E-1,144,5.220148E0,5.780527E0,1.121616E3,3.620887E2
2.041667E-1,,,,,
2.083333E-1,146,5.224247E0,5.737565E0,1.121742E3,3.634147E2
2.125000E-1,,,,,
2.166667E-1,148,5.229616E0,5.696233E0,1.121908E3,3.646903E2
2.208333E-1,,,,,
2.250000E-1,150,5.240599E0,5.690014E0,1.122247E3,3.648823E2
2.291667E-1,,,,,
2.333333E-1,152,5.240835E0,5.659739E0,1.122254E3,3.658167E2
2.375000E-1,,,,,
2.416667E-1,154,5.237276E0,5.644172E0,1.122144E3,3.662972E2
2.458333E-1,,,,,
2.500000E-1,156,5.245342E0,5.627846E0,1.122393E3,3.668010E2
2.541667E-1,,,,,
2.583333E-1,158,5.252100E0,5.599496E0,1.122602E3,3.676761E2
2.625000E-1,,,,,
2.666667E-1,160,5.263627E0,5.560171E0,1.122958E3,3.688898E2
2.708333E-1,,,,,
2.750000E-1,162,5.287571E0,5.510491E0,1.123697E3,3.704231E2
2.791667E-1,,,,,
2.833333E-1,164,5.294106E0,5.456112E0,1.123898E3,3.721015E2
2.875000E-1,,,,,
2.916667E-1,166,5.305259E0,5.391083E0,1.124243E3,3.741086E2
2.958333E-1,,,,,
3.000000E-1,168,5.324531E0,5.311999E0,1.124837E3,3.765494E2
3.041667E-1,,,,,
3.083333E-1,170,5.335653E0,5.244895E0,1.125181E3,3.786205E2
3.125000E-1,,,,,
3.166667E-1,172,5.350498E0,5.182435E0,1.125639E3,3.805483E2
3.208333E-1,,,,,
3.250000E-1,174,5.360695E0,5.110559E0,1.125954E3,3.827667E2
3.291667E-1,,,,,
3.333333E-1,176,5.368257E0,5.066180E0,1.126187E3,3.841364E2
3.375000E-1,,,,,
3.416667E-1,178,5.381540E0,5.020516E0,1.126597E3,3.855458E2
3.458333E-1,,,,,
3.500000E-1,180,5.386575E0,4.987625E0,1.126752E3,3.865610E2
3.541667E-1,,,,,
3.583333E-1,182,5.396376E0,4.974927E0,1.127055E3,3.869529E2
3.625000E-1,,,,,
3.666667E-1,184,5.394752E0,4.953113E0,1.127005E3,3.876261E2
3.708333E-1,,,,,
3.750000E-1,186,5.394157E0,4.918988E0,1.126986E3,3.886794E2
3.791667E-1,,,,,
3.833333E-1,188,5.397779E0,4.901461E0,1.127098E3,3.892203E2
3.875000E-1,,,,,
3.916667E-1,190,5.419436E0,4.877710E0,1.127767E3,3.899534E2
3.958333E-1,,,,,
4.000000E-1,192,5.396199E0,4.848030E0,1.127049E3,3.908695E2
4.041667E-1,,,,,
4.083333E-1,194,5.420295E0,4.789441E0,1.127793E3,3.926777E2
4.125000E-1,,,,,
4.166667E-1,196,5.418543E0,4.733956E0,1.127739E3,3.943903E2
4.208333E-1,,,,,
4.250000E-1,198,5.425546E0,4.667876E0,1.127955E3,3.964297E2
4.291667E-1,,,,,
4.333333E-1,200,5.433192E0,4.602376E0,1.128191E3,3.984513E2
4.375000E-1,,,,,
4.416667E-1,202,5.433157E0,4.516167E0,1.128190E3,4.011121E2
4.458333E-1,,,,,
4.500000E-1,204,5.432100E0,4.451474E0,1.128157E3,4.031088E2
4.541667E-1,,,,,
4.583333E-1,206,5.446421E0,4.391890E0,1.128599E3,4.049478E2
4.625000E-1,,,,,
4.666667E-1,208,5.441667E0,4.328589E0,1.128453E3,4.069016E2
4.708333E-1,,,,,
4.750000E-1,210,5.433040E0,4.292584E0,1.128186E3,4.080128E2
4.791667E-1,,,,,
4.833333E-1,212,5.444938E0,4.258730E0,1.128554E3,4.090577E2
4.875000E-1,,,,,
4.916667E-1,214,5.426616E0,4.240204E0,1.127988E3,4.096295E2
4.958333E-1,,,,,
5.000000E-1,216,5.447608E0,4.219691E0,1.128636E3,4.102626E2
5.041667E-1,,,,,
5.083333E-1,218,5.426513E0,4.188241E0,1.127985E3,4.112333E2
5.125000E-1,,,,,
5.166667E-1,220,5.442612E0,4.181203E0,1.128482E3,4.114505E2
5.208333E-1,,,,,
5.250000E-1,222,5.438431E0,4.148016E0,1.128353E3,4.124748E2
5.291667E-1,,,,,
5.333333E-1,224,5.438983E0,4.114564E0,1.128370E3,4.135073E2
5.375000E-1,,,,,
5.416667E-1,226,5.446005E0,4.054248E0,1.128587E3,4.153689E2
5.458333E-1,,,,,
5.500000E-1,228,5.444096E0,4.004201E0,1.128528E3,4.169135E2
5.541667E-1,,,,,
5.583333E-1,230,5.447224E0,3.930027E0,1.128624E3,4.192029E2
5.625000E-1,,,,,
5.666667E-1,232,5.429123E0,3.852021E0,1.128066E3,4.216105E2
5.708333E-1,,,,,
5.750000E-1,234,5.446159E0,3.783372E0,1.128591E3,4.237292E2
5.791667E-1,,,,,
5.833333E-1,236,5.450129E0,3.716200E0,1.128714E3,4.258025E2
5.875000E-1,,,,,
5.916667E-1,238,5.454041E0,3.651615E0,1.128835E3,4.277958E2
5.958333E-1,,,,,
6.000000E-1,240,5.446846E0,3.613717E0,1.128613E3,4.289655E2
6.041667E-1,,,,,
6.083333E-1,242,5.461482E0,3.561359E0,1.129064E3,4.305815E2
6.125000E-1,,,,,
6.166667E-1,244,5.452745E0,3.531367E0,1.128795E3,4.315072E2
6.208333E-1,,,,,
6.250000E-1,246,5.449112E0,3.496646E0,1.128682E3,4.325788E2
6.291667E-1,,,,,
6.333333E-1,248,5.436298E0,3.471073E0,1.128287E3,4.333681E2
6.375000E-1,,,,,
6.416667E-1,250,5.445843E0,3.475812E0,1.128582E3,4.332218E2
6.458333E-1,,,,,
6.500000E-1,252,5.453023E0,3.428976E0,1.128803E3,4.346674E2
6.541667E-1,,,,,
6.583333E-1,254,5.456363E0,3.407838E0,1.128906E3,4.353198E2
6.625000E-1,,,,,
6.666667E-1,256,5.445508E0,3.379197E0,1.128571E3,4.362038E2
6.708333E-1,,,,,
6.750000E-1,258,5.453837E0,3.324018E0,1.128828E3,4.379069E2
6.791667E-1,,,,,
6.833333E-1,260,5.436269E0,3.268998E0,1.128286E3,4.396050E2
6.875000E-1,,,,,
6.916667E-1,262,5.443405E0,3.194609E0,1.128506E3,4.419009E2
6.958333E-1,,,,,
7.000000E-1,264,5.442363E0,3.131290E0,1.128474E3,4.438552E2
7.041667E-1,,,,,
7.083333E-1,266,5.441486E0,3.047728E0,1.128447E3,4.464343E2
7.125000E-1,,,,,
7.166667E-1,268,5.435759E0,2.969876E0,1.128270E3,4.488372E2
7.208333E-1,,,,,
7.250000E-1,270,5.431960E0,2.919589E0,1.128153E3,4.503892E2
7.291667E-1,,,,,
7.333333E-1,272,5.421516E0,2.872955E0,1.127831E3,4.518285E2
7.375000E-1,,,,,
7.416667E-1,274,5.433714E0,2.822199E0,1.128207E3,4.533951E2
7.458333E-1,,,,,
7.500000E-1,276,5.430927E0,2.794718E0,1.128121E3,4.542433E2
7.541667E-1,,,,,
7.583333E-1,278,5.426996E0,2.780270E0,1.128000E3,4.546892E2
7.625000E-1,,,,,
7.666667E-1,280,5.431485E0,2.751750E0,1.128138E3,4.555694E2
7.708333E-1,,,,,
7.750000E-1,282,5.434646E0,2.732303E0,1.128236E3,4.561697E2
7.791667E-1,,,,,
7.833333E-1,284,5.430231E0,2.713920E0,1.128100E3,4.567370E2
7.875000E-1,,,,,
7.916667E-1,286,5.441200E0,2.680145E0,1.128438E3,4.577795E2
7.958333E-1,,,,,
8.000000E-1,288,5.435110E0,2.638679E0,1.128250E3,4.590593E2
8.041667E-1,,,,,
8.083333E-1,290,5.428333E0,2.600755E0,1.128041E3,4.602298E2
8.125000E-1,,,,,
8.166667E-1,292,5.437960E0,2.540316E0,1.128338E3,4.620952E2
8.208333E-1,,,,,
8.250000E-1,294,5.445483E0,2.463354E0,1.128570E3,4.644705E2
8.291667E-1,,,,,
8.333333E-1,296,5.452356E0,2.395048E0,1.128783E3,4.665788E2
8.375000E-1,,,,,
8.416667E-1,298,5.451433E0,2.326622E0,1.128754E3,4.686907E2
8.458333E-1,,,,,
8.500000E-1,300,5.448424E0,2.244630E0,1.128661E3,4.712213E2
8.541667E-1,,,,,
8.583333E-1,302,5.454044E0,2.193548E0,1.128835E3,4.727979E2
8.625000E-1,,,,,
8.666667E-1,304,5.446649E0,2.139038E0,1.128606E3,4.744803E2
8.708333E-1,,,,,
8.750000E-1,306,5.459207E0,2.086454E0,1.128994E3,4.761033E2
8.791667E-1,,,,,
8.833333E-1,308,5.451037E0,2.071206E0,1.128742E3,4.765739E2
8.875000E-1,,,,,
8.916667E-1,310,5.448602E0,2.033978E0,1.128667E3,4.777229E2
8.958333E-1,,,,,
9.000000E-1,312,5.458364E0,2.013788E0,1.128968E3,4.783460E2
9.041667E-1,,,,,
9.083333E-1,314,5.462896E0,2.003555E0,1.129108E3,4.786619E2
9.125000E-1,,,,,
9.166667E-1,316,5.448861E0,1.983119E0,1.128675E3,4.792926E2
9.208333E-1,,,,,
9.250000E-1,318,5.454073E0,1.941828E0,1.128836E3,4.805670E2
9.291667E-1,,,,,
9.333333E-1,320,5.451446E0,1.894457E0,1.128755E3,4.820291E2
9.375000E-1,,,,,
9.416667E-1,322,5.464133E0,1.860764E0,1.129146E3,4.830690E2
9.458333E-1,,,,,
9.500000E-1,324,5.458526E0,1.791834E0,1.128973E3,4.851965E2
9.541667E-1,,,,,
9.583333E-1,326,5.454244E0,1.741102E0,1.128841E3,4.867623E2
9.625000E-1,,,,,
9.666667E-1,328,5.462595E0,1.663885E0,1.129099E3,4.891455E2
9.708333E-1,,,,,
9.750000E-1,330,5.471574E0,1.582328E0,1.129376E3,4.916627E2
9.791667E-1,,,,,
9.833333E-1,332,5.461163E0,1.516584E0,1.129054E3,4.936919E2
9.875000E-1,,,,,
9.916667E-1,334,5.455464E0,1.451367E0,1.128879E3,4.957047E2
9.958333E-1,,,,,
1.000000E0,336,5.454212E0,1.399556E0,1.128840E3,4.973038E2
1.004167E0,,,,,
1.008333E0,338,5.443459E0,1.350863E0,1.128508E3,4.988067E2
1.012500E0,,,,,
1.016667E0,340,5.444525E0,1.337230E0,1.128541E3,4.992275E2
1.020833E0,,,,,
1.025000E0,342,5.439126E0,1.298242E0,1.128374E3,5.004308E2
1.029167E0,,,,,
1.033333E0,344,5.455272E0,1.291054E0,1.128873E3,5.006526E2
1.037500E0,,,,,
1.041667E0,346,5.428007E0,1.267291E0,1.128031E3,5.013861E2
1.045833E0,,,,,
1.050000E0,348,5.433252E0,1.240354E0,1.128193E3,5.022175E2
1.054167E0,,,,,
1.058333E0,350,5.432982E0,1.216212E0,1.128185E3,5.029626E2
1.062500E0,,,,,
1.066667E0,352,5.428961E0,1.176136E0,1.128061E3,5.041995E2
1.070833E0,,,,,
1.075000E0,354,5.434014E0,1.130286E0,1.128216E3,5.056146E2
1.079167E0,,,,,
1.083333E0,356,5.421858E0,1.076392E0,1.127841E3,5.072780E2
1.087500E0,,,,,
1.091667E0,358,5.411250E0,1.003575E0,1.127514E3,5.095255E2
1.095833E0,,,,,
1.100000E0,360,5.414854E0,9.352383E-1,1.127625E3,5.116346E2
1.104167E0,,,,,
1.108333E0,362,5.407961E0,8.655084E-1,1.127412E3,5.137868E2
1.112500E0,,,,,
1.116667E0,364,5.401616E0,7.976300E-1,1.127217E3,5.158818E2
1.120833E0,,,,,
1.125000E0,366,5.409802E0,7.269732E-1,1.127469E3,5.180626E2
1.129167E0,,,,,
1.133333E0,368,5.401525E0,6.718978E-1,1.127214E3,5.197624E2
1.137500E0,,,,,
1.141667E0,370,5.401202E0,6.306474E-1,1.127204E3,5.210356E2
1.145833E0,,,,,
1.150000E0,372,5.401655E0,5.979051E-1,1.127218E3,5.220461E2
1.154167E0,,,,,
1.158333E0,374,5.401377E0,5.686944E-1,1.127209E3,5.229477E2
1.162500E0,,,,,
1.166667E0,376,5.397278E0,5.493349E-1,1.127083E3,5.235452E2
1.170833E0,,,,,
1.175000E0,378,5.394517E0,5.332442E-1,1.126997E3,5.240418E2
1.179167E0,,,,,
1.183333E0,380,5.399070E0,5.207048E-1,1.127138E3,5.244289E2
1.187500E0,,,,,
1.191667E0,382,5.396254E0,4.800062E-1,1.127051E3,5.256850E2
1.195833E0,,,,,
1.200000E0,384,5.385283E0,4.587151E-1,1.126712E3,5.263421E2
1.204167E0,,,,,
1.208333E0,386,5.389119E0,4.009170E-1,1.126831E3,5.281260E2
1.212500E0,,,,,
1.216667E0,388,5.391631E0,3.393350E-1,1.126908E3,5.300267E2
1.220833E0,,,,,
1.225000E0,390,5.396011E0,2.709304E-1,1.127044E3,5.321380E2
1.229167E0,,,,,
1.233333E0,392,5.387631E0,2.143824E-1,1.126785E3,5.338833E2
1.237500E0,,,,,
1.241667E0,394,5.375416E0,1.215711E-1,1.126408E3,5.367478E2
1.245833E0,,,,,
1.250000E0,396,5.369597E0,6.751304E-2,1.126228E3,5.384163E2
1.254167E0,,,,,
1.258333E0,398,5.379390E0,-6.005646E-3,1.126531E3,5.406854E2
1.262500E0,,,,,
1.266667E0,400,5.367030E0,-6.370331E-2,1.126149E3,5.424662E2
1.270833E0,,,,,
1.275000E0,402,5.347322E0,-1.040805E-1,1.125541E3,5.437124E2
1.279167E0,,,,,
1.283333E0,404,5.362431E0,-1.310469E-1,1.126007E3,5.445447E2
1.287500E0,,,,,
1.291667E0,406,5.367456E0,-1.607868E-1,1.126162E3,5.454626E2
1.295833E0,,,,,
1.300000E0,408,5.357319E0,-1.742262E-1,1.125849E3,5.458774E2
1.304167E0,,,,,
1.308333E0,410,5.365796E0,-1.940422E-1,1.126111E3,5.464890E2
1.312500E0,,,,,
1.316667E0,412,5.367603E0,-2.204154E-1,1.126167E3,5.473029E2
1.320833E0,,,,,
1.325000E0,414,5.361760E0,-2.437144E-1,1.125986E3,5.480221E2
1.329167E0,,,,,
1.333333E0,416,5.378306E0,-2.939937E-1,1.126497E3,5.495739E2
1.337500E0,,,,,
1.341667E0,418,5.376008E0,-3.342731E-1,1.126426E3,5.508171E2
1.345833E0,,,,,
1.350000E0,420,5.380970E0,-3.830338E-1,1.126579E3,5.523220E2
1.354167E0,,,,,
1.358333E0,422,5.389934E0,-4.502233E-1,1.126856E3,5.543958E2
1.362500E0,,,,,
1.366667E0,424,5.389603E0,-5.297248E-1,1.126846E3,5.568495E2
1.370833E0,,,,,
1.375000E0,426,5.397993E0,-6.026996E-1,1.127105E3,5.591018E2
1.379167E0,,,,,
1.383333E0,428,5.410060E0,-6.805856E-1,1.127477E3,5.615057E2
1.387500E0,,,,,
1.391667E0,430,5.415417E0,-7.373150E-1,1.127643E3,5.632566E2
1.395833E0,,,,,
1.400000E0,432,5.419444E0,-7.862997E-1,1.127767E3,5.647685E2
1.404167E0,,,,,
1.408333E0,434,5.433011E0,-8.292366E-1,1.128186E3,5.660937E2
1.412500E0,,,,,
1.416667E0,436,5.430247E0,-8.821557E-1,1.128100E3,5.677270E2
1.420833E0,,,,,
1.425000E0,438,5.417191E0,-8.830969E-1,1.127697E3,5.677561E2
1.429167E0,,,,,
1.433333E0,440,5.436325E0,-9.084761E-1,1.128288E3,5.685394E2
1.437500E0,,,,,
1.441667E0,442,5.427474E0,-9.322900E-1,1.128015E3,5.692744E2
1.445833E0,,,,,
1.450000E0,444,5.435654E0,-9.572282E-1,1.128267E3,5.700441E2
1.454167E0,,,,,
1.458333E0,446,5.430789E0,-9.783046E-1,1.128117E3,5.706946E2
1.462500E0,,,,,
1.466667E0,448,5.436682E0,-1.007459E0,1.128299E3,5.715944E2
1.470833E0,,,,,
1.475000E0,450,5.433977E0,-1.069079E0,1.128215E3,5.734963E2
1.479167E0,,,,,
1.483333E0,452,5.449970E0,-1.119193E0,1.128709E3,5.750430E2
1.487500E0,,,,,
1.491667E0,454,5.459912E0,-1.201519E0,1.129016E3,5.775839E2
1.495833E0,,,,,
1.500000E0,456,5.452136E0,-1.269362E0,1.128776E3,5.796778E2
1.504167E0,,,,,
1.508333E0,458,5.475396E0,-1.332020E0,1.129494E3,5.816117E2
1.512500E0,,,,,
1.516667E0,460,5.473871E0,-1.406779E0,1.129447E3,5.839191E2
1.520833E0,,,,,
1.525000E0,462,5.495267E0,-1.472019E0,1.130107E3,5.859327E2
1.529167E0,,,,,
1.533333E0,464,5.495277E0,-1.505482E0,1.130107E3,5.869655E2
1.537500E0,,,,,
1.541667E0,466,5.499780E0,-1.562199E0,1.130246E3,5.887160E2
1.545833E0,,,,,
1.550000E0,468,5.500930E0,-1.599838E0,1.130282E3,5.898777E2
1.554167E0,,,,,
1.558333E0,470,5.522923E0,-1.619348E0,1.130961E3,5.904799E2
1.562500E0,,,,,
1.566667E0,472,5.508503E0,-1.629047E0,1.130516E3,5.907792E2
1.570833E0,,,,,
1.575000E0,474,5.509290E0,-1.659551E0,1.130540E3,5.917207E2
1.579167E0,,,,,
1.583333E0,476,5.516379E0,-1.677148E0,1.130759E3,5.922638E2
1.587500E0,,,,,
1.591667E0,478,5.532368E0,-1.686599E0,1.131252E3,5.925555E2
1.595833E0,,,,,
1.600000E0,480,5.532083E0,-1.740682E0,1.131243E3,5.942248E2
1.604167E0,,,,,
1.608333E0,482,5.538609E0,-1.790008E0,1.131445E3,5.957472E2
1.612500E0,,,,,
1.616667E0,484,5.545001E0,-1.854341E0,1.131642E3,5.977327E2
1.620833E0,,,,,
1.625000E0,486,5.553091E0,-1.911719E0,1.131892E3,5.995037E2
1.629167E0,,,,,
1.633333E0,488,5.556837E0,-1.983121E0,1.132007E3,6.017074E2
1.637500E0,,,,,
1.641667E0,490,5.571723E0,-2.053579E0,1.132467E3,6.038821E2
1.645833E0,,,,,
1.650000E0,492,5.574840E0,-2.135656E0,1.132563E3,6.064153E2
1.654167E0,,,,,
1.658333E0,494,5.580779E0,-2.192595E0,1.132746E3,6.081727E2
1.662500E0,,,,,
1.666667E0,496,5.597005E0,-2.247525E0,1.133247E3,6.098680E2
1.670833E0,,,,,
1.675000E0,498,5.591179E0,-2.294531E0,1.133067E3,6.113189E2
1.679167E0,,,,,
1.683333E0,500,5.602337E0,-2.321419E0,1.133412E3,6.121487E2
1.687500E0,,,,,
1.691667E0,502,5.593710E0,-2.350438E0,1.133145E3,6.130444E2
1.695833E0,,,,,
1.700000E0,504,5.598901E0,-2.371995E0,1.133306E3,6.137097E2
1.704167E0,,,,,
1.708333E0,506,5.605582E0,-2.378121E0,1.133512E3,6.138988E2
1.712500E0,,,,,
1.716667E0,508,5.604657E0,-2.406881E0,1.133483E3,6.147864E2
1.720833E0,,,,,
1.725000E0,510,5.604868E0,-2.437013E0,1.133490E3,6.157165E2
1.729167E0,,,,,
1.733333E0,512,5.614481E0,-2.463397E0,1.133786E3,6.165308E2
1.737500E0,,,,,
1.741667E0,514,5.618292E0,-2.515356E0,1.133904E3,6.181345E2
1.745833E0,,,,,
1.750000E0,516,5.619526E0,-2.589389E0,1.133942E3,6.204194E2
1.754167E0,,,,,
1.758333E0,518,5.614330E0,-2.642096E0,1.133782E3,6.220462E2
1.762500E0,,,,,
1.766667E0,520,5.620235E0,-2.714146E0,1.133964E3,6.242700E2
1.770833E0,,,,,
1.775000E0,522,5.635069E0,-2.791134E0,1.134422E3,6.266461E2
1.779167E0,,,,,
1.783333E0,524,5.640510E0,-2.861292E0,1.134590E3,6.288115E2
1.787500E0,,,,,
1.791667E0,526,5.632486E0,-2.932126E0,1.134342E3,6.309977E2
1.795833E0,,,,,
1.800000E0,528,5.620712E0,-2.964107E0,1.133979E3,6.319848E2
1.804167E0,,,,,
1.808333E0,530,5.625837E0,-3.020957E0,1.134137E3,6.337394E2
1.812500E0,,,,,
1.816667E0,532,5.626821E0,-3.050424E0,1.134167E3,6.346489E2
1.820833E0,,,,,
1.825000E0,534,5.624598E0,-3.078197E0,1.134099E3,6.355061E2
1.829167E0,,,,,
1.833333E0,536,5.629772E0,-3.100897E0,1.134258E3,6.362067E2
1.837500E0,,,,,
1.841667E0,538,5.627134E0,-3.110361E0,1.134177E3,6.364988E2
1.845833E0,,,,,
1.850000E0,540,5.615738E0,-3.136134E0,1.133825E3,6.372943E2
1.854167E0,,,,,
1.858333E0,542,5.617433E0,-3.159108E0,1.133878E3,6.380033E2
1.862500E0,,,,,
1.866667E0,544,5.626763E0,-3.208579E0,1.134166E3,6.395302E2
1.870833E0,,,,,
1.875000E0,546,5.629397E0,-3.243281E0,1.134247E3,6.406013E2
1.879167E0,,,,,
1.883333E0,548,5.625907E0,-3.301578E0,1.134139E3,6.424006E2
1.887500E0,,,,,
1.891667E0,550,5.639580E0,-3.384729E0,1.134561E3,6.449670E2
1.895833E0,,,,,
1.900000E0,552,5.638035E0,-3.456308E0,1.134513E3,6.471762E2
1.904167E0,,,,,
1.908333E0,554,5.639050E0,-3.520147E0,1.134545E3,6.491465E2
1.912500E0,,,,,
1.916667E0,556,5.654845E0,-3.585811E0,1.135032E3,6.511732E2
1.920833E0,,,,,
1.925000E0,558,5.671616E0,-3.651184E0,1.135550E3,6.531909E2
1.929167E0,,,,,
1.933333E0,560,5.645008E0,-3.708776E0,1.134729E3,6.549684E2
1.937500E0,,,,,
1.941667E0,562,5.661485E0,-3.763309E0,1.135237E3,6.566515E2
1.945833E0,,,,,
1.950000E0,564,5.656669E0,-3.788725E0,1.135089E3,6.574360E2
1.954167E0,,,,,
1.958333E0,566,5.649689E0,-3.802229E0,1.134873E3,6.578527E2
1.962500E0,,,,,
1.966667E0,568,5.642633E0,-3.824979E0,1.134655E3,6.585549E2
1.970833E0,,,,,
1.975000E0,570,5.640985E0,-3.858189E0,1.134604E3,6.595799E2
1.979167E0,,,,,
1.983333E0,572,5.651858E0,-3.871625E0,1.134940E3,6.599946E2
1.987500E0,,,,,
1.991667E0,574,5.658788E0,-3.885379E0,1.135154E3,6.604191E2
1.995833E0,,,,,
2.000000E0,576,5.665198E0,-3.932664E0,1.135352E3,6.618785E2
2.004167E0,,,,,
2.008333E0,578,5.672095E0,-3.977723E0,1.135565E3,6.632692E2
2.012500E0,,,,,
2.016667E0,580,5.673777E0,-4.039247E0,1.135617E3,6.651681E2
2.020833E0,,,,,
2.025000E0,582,5.679602E0,-4.112759E0,1.135796E3,6.674370E2
2.029167E0,,,,,
2.033333E0,584,5.683626E0,-4.169233E0,1.135921E3,6.691800E2
2.037500E0,,,,,
2.041667E0,586,5.697438E0,-4.257718E0,1.136347E3,6.719111E2
2.045833E0,,,,,
2.050000E0,588,5.699990E0,-4.307149E0,1.136426E3,6.734367E2
2.054167E0,,,,,
2.058333E0,590,5.705359E0,-4.375540E0,1.136591E3,6.755475E2
2.062500E0,,,,,
2.066667E0,592,5.718847E0,-4.438032E0,1.137008E3,6.774763E2
2.070833E0,,,,,
2.075000E0,594,5.725376E0,-4.478488E0,1.137209E3,6.787249E2
2.079167E0,,,,,
2.083333E0,596,5.714374E0,-4.518580E0,1.136870E3,6.799624E2
2.087500E0,,,,,
2.091667E0,598,5.720843E0,-4.531217E0,1.137069E3,6.803524E2
2.095833E0,,,,,
2.100000E0,600,5.723727E0,-4.547178E0,1.137158E3,6.808450E2
2.104167E0,,,,,
2.108333E0,602,5.723923E0,-4.578463E0,1.137164E3,6.818106E2
2.112500E0,,,,,
2.116667E0,604,5.727400E0,-4.594012E0,1.137272E3,6.822905E2
2.120833E0,,,,,
2.125000E0,606,5.735047E0,-4.632961E0,1.137508E3,6.834926E2
2.129167E0,,,,,
2.133333E0,608,5.709691E0,-4.665707E0,1.136725E3,6.845033E2
2.137500E0,,,,,
2.141667E0,610,5.734881E0,-4.706723E0,1.137502E3,6.857692E2
2.145833E0,,,,,
2.150000E0,612,5.734891E0,-4.763908E0,1.137503E3,6.875342E2
2.154167E0,,,,,
2.158333E0,614,5.732045E0,-4.837294E0,1.137415E3,6.897992E2
2.162500E0,,,,,
2.166667E0,616,5.729886E0,-4.919966E0,1.137348E3,6.923508E2
2.170833E0,,,,,
2.175000E0,618,5.727841E0,-4.988850E0,1.137285E3,6.944768E2
2.179167E0,,,,,
2.183333E0,620,5.741655E0,-5.043860E0,1.137712E3,6.961747E2
2.187500E0,,,,,
2.191667E0,622,5.743670E0,-5.121446E0,1.137774E3,6.985693E2
2.195833E0,,,,,
2.200000E0,624,5.746173E0,-5.166639E0,1.137851E3,6.999642E2
2.204167E0,,,,,
2.208333E0,626,5.758118E0,-5.210473E0,1.138220E3,7.013171E2
2.212500E0,,,,,
2.216667E0,628,5.762461E0,-5.235515E0,1.138354E3,7.020900E2
2.220833E0,,,,,
2.225000E0,630,5.741596E0,-5.276605E0,1.137710E3,7.033582E2
2.229167E0,,,,,
2.233333E0,632,5.768221E0,-5.284463E0,1.138532E3,7.036007E2
2.237500E0,,,,,
2.241667E0,634,5.755943E0,-5.301610E0,1.138153E3,7.041299E2
2.245833E0,,,,,
2.250000E0,636,5.767830E0,-5.328891E0,1.138519E3,7.049720E2
2.254167E0,,,,,
2.258333E0,638,5.758069E0,-5.370672E0,1.138218E3,7.062615E2
2.262500E0,,,,,
2.266667E0,640,5.760330E0,-5.400451E0,1.138288E3,7.071806E2
2.270833E0,,,,,
2.275000E0,642,5.760005E0,-5.436328E0,1.138278E3,7.082879E2
2.279167E0,,,,,
2.283333E0,644,5.763351E0,-5.503833E0,1.138381E3,7.103714E2
2.287500E0,,,,,
2.291667E0,646,5.760893E0,-5.568865E0,1.138305E3,7.123785E2
2.295833E0,,,,,
2.300000E0,648,5.743596E0,-5.647573E0,1.137771E3,7.148078E2
2.304167E0,,,,,
2.308333E0,650,5.756067E0,-5.710389E0,1.138156E3,7.167466E2
2.312500E0,,,,,
2.316667E0,652,5.764215E0,-5.785895E0,1.138408E3,7.190770E2
2.320833E0,,,,,
2.325000E0,654,5.773683E0,-5.849526E0,1.138700E3,7.210409E2
2.329167E0,,,,,
2.333333E0,656,5.760092E0,-5.901647E0,1.138281E3,7.226496E2
2.337500E0,,,,,
2.341667E0,658,5.754343E0,-5.947540E0,1.138103E3,7.240661E2
2.345833E0,,,,,
2.350000E0,660,5.748570E0,-5.966555E0,1.137925E3,7.246529E2
2.354167E0,,,,,
2.358333E0,662,5.753605E0,-5.992308E0,1.138080E3,7.254478E2
2.362500E0,,,,,
2.366667E0,664,5.757235E0,-6.012147E0,1.138192E3,7.260601E2
2.370833E0,,,,,
2.375000E0,666,5.756344E0,-6.039577E0,1.138165E3,7.269067E2
2.379167E0,,,,,
2.383333E0,668,5.752159E0,-6.066838E0,1.138036E3,7.277481E2
2.387500E0,,,,,
2.391667E0,670,5.755682E0,-6.086115E0,1.138144E3,7.283431E2
2.395833E0,,,,,
2.400000E0,672,5.751514E0,-6.131255E0,1.138016E3,7.297363E2
2.404167E0,,,,,
2.408333E0,674,5.764634E0,-6.171895E0,1.138421E3,7.309906E2
2.412500E0,,,,,
2.416667E0,676,5.755050E0,-6.240365E0,1.138125E3,7.331038E2
2.420833E0,,,,,
2.425000E0,678,5.739701E0,-6.300634E0,1.137651E3,7.349640E2
2.429167E0,,,,,
2.433333E0,680,5.728979E0,-6.367750E0,1.137320E3,7.370355E2
2.437500E0,,,,,
2.441667E0,682,5.733716E0,-6.448895E0,1.137467E3,7.395400E2
2.445833E0,,,,,
2.450000E0,684,5.726203E0,-6.518592E0,1.137235E3,7.416911E2
2.454167E0,,,,,
2.458333E0,686,5.721620E0,-6.588427E0,1.137093E3,7.438465E2
2.462500E0,,,,,
2.466667E0,688,5.722300E0,-6.638492E0,1.137114E3,7.453917E2
2.470833E0,,,,,
2.475000E0,690,5.698219E0,-6.672639E0,1.136371E3,7.464457E2
2.479167E0,,,,,
2.483333E0,692,5.712639E0,-6.701977E0,1.136816E3,7.473511E2
2.487500E0,,,,,
2.491667E0,694,5.693455E0,-6.726367E0,1.136224E3,7.481039E2
2.495833E0,,,,,
2.500000E0,696,5.696767E0,-6.748549E0,1.136326E3,7.487885E2
2.504167E0,,,,,
2.508333E0,698,5.680927E0,-6.771346E0,1.135837E3,7.494922E2
2.512500E0,,,,,
2.516667E0,700,5.684324E0,-6.785914E0,1.135942E3,7.499418E2
2.520833E0,,,,,
2.525000E0,702,5.690083E0,-6.820934E0,1.136120E3,7.510226E2
2.529167E0,,,,,
2.533333E0,704,5.682770E0,-6.855588E0,1.135894E3,7.520922E2
2.537500E0,,,,,
2.541667E0,706,5.668679E0,-6.898826E0,1.135459E3,7.534267E2
2.545833E0,,,,,
2.550000E0,708,5.661139E0,-6.958796E0,1.135227E3,7.552777E2
2.554167E0,,,,,
2.558333E0,710,5.643554E0,-7.039833E0,1.134684E3,7.577788E2
2.562500E0,,,,,
2.566667E0,712,5.639109E0,-7.094834E0,1.134547E3,7.594763E2
2.570833E0,,,,,
2.575000E0,714,5.606432E0,-7.179544E0,1.133538E3,7.620909E2
2.579167E0,,,,,
2.583333E0,716,5.614654E0,-7.248217E0,1.133792E3,7.642104E2
2.587500E0,,,,,
2.591667E0,718,5.589266E0,-7.303342E0,1.133008E3,7.659118E2
2.595833E0,,,,,
2.600000E0,720,5.583762E0,-7.359670E0,1.132838E3,7.676503E2
2.604167E0,,,,,
2.608333E0,722,5.567340E0,-7.397679E0,1.132331E3,7.688234E2
2.612500E0,,,,,
2.616667E0,724,5.569950E0,-7.416678E0,1.132412E3,7.694098E2
2.620833E0,,,,,
2.625000E0,726,5.567091E0,-7.452738E0,1.132324E3,7.705228E2
2.629167E0,,,,,
2.633333E0,728,5.562110E0,-7.467808E0,1.132170E3,7.709879E2
2.637500E0,,,,,
2.641667E0,730,5.558859E0,-7.496124E0,1.132070E3,7.718619E2
2.645833E0,,,,,
2.650000E0,732,5.550273E0,-7.513624E0,1.131805E3,7.724020E2
2.654167E0,,,,,
2.658333E0,734,5.543924E0,-7.537986E0,1.131609E3,7.731539E2
2.662500E0,,,,,
2.666667E0,736,5.534355E0,-7.585600E0,1.131313E3,7.746234E2
2.670833E0,,,,,
2.675000E0,738,5.522561E0,-7.625504E0,1.130949E3,7.758551E2
2.679167E0,,,,,
2.683333E0,740,5.511327E0,-7.686939E0,1.130603E3,7.777512E2
2.687500E0,,,,,
2.691667E0,742,5.502635E0,-7.748381E0,1.130334E3,7.796476E2
2.695833E0,,,,,
2.700000E0,744,5.491678E0,-7.817350E0,1.129996E3,7.817762E2
2.704167E0,,,,,
2.708333E0,746,5.463172E0,-7.895182E0,1.129116E3,7.841785E2
2.712500E0,,,,,
2.716667E0,748,5.456001E0,-7.965009E0,1.128895E3,7.863336E2
2.720833E0,,,,,
2.725000E0,750,5.438720E0,-8.017658E0,1.128362E3,7.879586E2
2.729167E0,,,,,
2.733333E0,752,5.432767E0,-8.066282E0,1.128178E3,7.894593E2
2.737500E0,,,,,
2.741667E0,754,5.426727E0,-8.111115E0,1.127992E3,7.908430E2
2.745833E0,,,,,
2.750000E0,756,5.423269E0,-8.149752E0,1.127885E3,7.920355E2
2.754167E0,,,,,
2.758333E0,758,5.417672E0,-8.173699E0,1.127712E3,7.927747E2
2.762500E0,,,,,
2.766667E0,760,5.411942E0,-8.189005E0,1.127535E3,7.932471E2
2.770833E0,,,,,
2.775000E0,762,5.409238E0,-8.200890E0,1.127452E3,7.936139E2
2.779167E0,,,,,
2.783333E0,764,5.394705E0,-8.224784E0,1.127003E3,7.943513E2
2.787500E0,,,,,
2.791667E0,766,5.391883E0,-8.260165E0,1.126916E3,7.954434E2
2.795833E0,,,,,
2.800000E0,768,5.382175E0,-8.295168E0,1.126617E3,7.965237E2
2.804167E0,,,,,
2.808333E0,770,5.356023E0,-8.344881E0,1.125809E3,7.980581E2
2.812500E0,,,,,
2.816667E0,772,5.334064E0,-8.390997E0,1.125132E3,7.994814E2
2.820833E0,,,,,
2.825000E0,774,5.332248E0,-8.465119E0,1.125076E3,8.017691E2
2.829167E0,,,,,
2.833333E0,776,5.300925E0,-8.532037E0,1.124109E3,8.038345E2
2.837500E0,,,,,
2.841667E0,778,5.287639E0,-8.591449E0,1.123699E3,8.056682E2
2.845833E0,,,,,
2.850000E0,780,5.277850E0,-8.662956E0,1.123397E3,8.078752E2
2.854167E0,,,,,
2.858333E0,782,5.253867E0,-8.733546E0,1.122656E3,8.100539E2
2.862500E0,,,,,
2.866667E0,784,5.253221E0,-8.786101E0,1.122636E3,8.116760E2
2.870833E0,,,,,
2.875000E0,786,5.233850E0,-8.837973E0,1.122039E3,8.132769E2
2.879167E0,,,,,
2.883333E0,788,5.225695E0,-8.859185E0,1.121787E3,8.139316E2
2.887500E0,,,,,
2.891667E0,790,5.216874E0,-8.877547E0,1.121515E3,8.144984E2
2.895833E0,,,,,
2.900000E0,792,5.213188E0,-8.894641E0,1.121401E3,8.150260E2
2.904167E0,,,,,
2.908333E0,794,5.213945E0,-8.920129E0,1.121424E3,8.158126E2
2.912500E0,,,,,
2.916667E0,796,5.199770E0,-8.949232E0,1.120987E3,8.167109E2
2.920833E0,,,,,
2.925000E0,798,5.198760E0,-8.966815E0,1.120956E3,8.172536E2
2.929167E0,,,,,
2.933333E0,800,5.179148E0,-9.003409E0,1.120350E3,8.183830E2
2.937500E0,,,,,
2.941667E0,802,5.161336E0,-9.050006E0,1.119801E3,8.198212E2
2.945833E0,,,,,
2.950000E0,804,5.133885E0,-9.094644E0,1.118953E3,8.211989E2
2.954167E0,,,,,
2.958333E0,806,5.122030E0,-9.159654E0,1.118587E3,8.232054E2
2.962500E0,,,,,
2.966667E0,808,5.092646E0,-9.230311E0,1.117680E3,8.253861E2
2.970833E0,,,,,
2.975000E0,810,5.064194E0,-9.296385E0,1.116802E3,8.274255E2
2.979167E0,,,,,
2.983333E0,812,5.029360E0,-9.348893E0,1.115727E3,8.290461E2
2.987500E0,,,,,
2.991667E0,814,4.995647E0,-9.420438E0,1.114687E3,8.312543E2
2.995833E0,,,,,
3.000000E0,816,4.981072E0,-9.459193E0,1.114237E3,8.324504E2
3.004167E0,,,,,
3.008333E0,818,4.962797E0,-9.495940E0,1.113673E3,8.335846E2
3.012500E0,,,,,
3.016667E0,820,4.946662E0,-9.538162E0,1.113175E3,8.348877E2
3.020833E0,,,,,
3.025000E0,822,4.934277E0,-9.550222E0,1.112792E3,8.352599E2
3.029167E0,,,,,
3.033333E0,824,4.924408E0,-9.568881E0,1.112488E3,8.358358E2
3.037500E0,,,,,
3.041667E0,826,4.909040E0,-9.581196E0,1.112014E3,8.362159E2
3.045833E0,,,,,
3.050000E0,828,4.898843E0,-9.602861E0,1.111699E3,8.368846E2
3.054167E0,,,,,
3.058333E0,830,4.882230E0,-9.635797E0,1.111186E3,8.379011E2
3.062500E0,,,,,
3.066667E0,832,4.878128E0,-9.675865E0,1.111059E3,8.391378E2
3.070833E0,,,,,
3.075000E0,834,4.859417E0,-9.711942E0,1.110482E3,8.402513E2
3.079167E0,,,,,
3.083333E0,836,4.837103E0,-9.753699E0,1.109793E3,8.415401E2
3.087500E0,,,,,
3.091667E0,838,4.786118E0,-9.820662E0,1.108220E3,8.436068E2
3.095833E0,,,,,
3.100000E0,840,4.749495E0,-9.865008E0,1.107089E3,8.449755E2
3.104167E0,,,,,
3.108333E0,842,4.711898E0,-9.933420E0,1.105929E3,8.470870E2
3.112500E0,,,,,
3.116667E0,844,4.680133E0,-1.000659E1,1.104949E3,8.493453E2
3.120833E0,,,,,
3.125000E0,846,4.641991E0,-1.005643E1,1.103771E3,8.508837E2
3.129167E0,,,,,
3.133333E0,848,4.619870E0,-1.010591E1,1.103089E3,8.524108E2
3.137500E0,,,,,
3.141667E0,850,4.597116E0,-1.013992E1,1.102386E3,8.534604E2
3.145833E0,,,,,
3.150000E0,852,4.585818E0,-1.016757E1,1.102038E3,8.543138E2
3.154167E0,,,,,
3.158333E0,854,4.573018E0,-1.020106E1,1.101643E3,8.553476E2
3.162500E0,,,,,
3.166667E0,856,4.573021E0,-1.019624E1,1.101643E3,8.551987E2
3.170833E0,,,,,
3.175000E0,858,4.567215E0,-1.023651E1,1.101463E3,8.564416E2
3.179167E0,,,,,
3.183333E0,860,4.557397E0,-1.024575E1,1.101160E3,8.567269E2
3.187500E0,,,,,
3.191667E0,862,4.540842E0,-1.028243E1,1.100649E3,8.578589E2
3.195833E0,,,,,
3.200000E0,864,4.522618E0,-1.030885E1,1.100087E3,8.586742E2
3.204167E0,,,,,
3.208333E0,866,4.517836E0,-1.035786E1,1.099939E3,8.601872E2
3.212500E0,,,,,
3.216667E0,868,4.496300E0,-1.040809E1,1.099275E3,8.617374E2
3.220833E0,,,,,
3.225000E0,870,4.466353E0,-1.047651E1,1.098350E3,8.638491E2
3.229167E0,,,,,
3.233333E0,872,4.456309E0,-1.054754E1,1.098040E3,8.660415E2
3.237500E0,,,,,
3.241667E0,874,4.434993E0,-1.060804E1,1.097382E3,8.679087E2
3.245833E0,,,,,
3.250000E0,876,4.401157E0,-1.067749E1,1.096338E3,8.700521E2
3.254167E0,,,,,
3.258333E0,878,4.395790E0,-1.074741E1,1.096173E3,8.722101E2
3.262500E0,,,,,
3.266667E0,880,4.369705E0,-1.079192E1,1.095367E3,8.735840E2
3.270833E0,,,,,
3.275000E0,882,4.362014E0,-1.082974E1,1.095130E3,8.747513E2
3.279167E0,,,,,
3.283333E0,884,4.348562E0,-1.087189E1,1.094715E3,8.760523E2
3.287500E0,,,,,
3.291667E0,886,4.343934E0,-1.088830E1,1.094572E3,8.765588E2
3.295833E0,,,,,
3.300000E0,888,4.335528E0,-1.090559E1,1.094313E3,8.770923E2
3.304167E0,,,,,
3.308333E0,890,4.342466E0,-1.092345E1,1.094527E3,8.776436E2
3.312500E0,,,,,
3.316667E0,892,4.327908E0,-1.095022E1,1.094077E3,8.784697E2
3.320833E0,,,,,
3.325000E0,894,4.318330E0,-1.097515E1,1.093782E3,8.792393E2
3.329167E0,,,,,
3.333333E0,896,4.315753E0,-1.100101E1,1.093702E3,8.800374E2
3.337500E0,,,,,
3.341667E0,898,4.299982E0,-1.105280E1,1.093215E3,8.816357E2
3.345833E0,,,,,
3.350000E0,900,4.274921E0,-1.111904E1,1.092442E3,8.836801E2
3.354167E0,,,,,
3.358333E0,902,4.259910E0,-1.117510E1,1.091979E3,8.854103E2
3.362500E0,,,,,
3.366667E0,904,4.233155E0,-1.124161E1,1.091153E3,8.874633E2
3.370833E0,,,,,
3.375000E0,906,4.213687E0,-1.131814E1,1.090552E3,8.898252E2
3.379167E0,,,,,
3.383333E0,908,4.186088E0,-1.137176E1,1.089700E3,8.914802E2
3.387500E0,,,,,
3.391667E0,910,4.174453E0,-1.144256E1,1.089341E3,8.936653E2
3.395833E0,,,,,
3.400000E0,912,4.161261E0,-1.149163E1,1.088934E3,8.951799E2
3.404167E0,,,,,
3.408333E0,914,4.145757E0,-1.152890E1,1.088455E3,8.963302E2
3.412500E0,,,,,
3.416667E0,916,4.129112E0,-1.156158E1,1.087942E3,8.973389E2
3.420833E0,,,,,
3.425000E0,918,4.108547E0,-1.159581E1,1.087307E3,8.983955E2
3.429167E0,,,,,
3.433333E0,920,4.107827E0,-1.159616E1,1.087285E3,8.984061E2
3.437500E0,,,,,
3.441667E0,922,4.103204E0,-1.164675E1,1.087142E3,8.999676E2
3.445833E0,,,,,
3.450000E0,924,4.085667E0,-1.162855E1,1.086601E3,8.994058E2
3.454167E0,,,,,
3.458333E0,926,4.091358E0,-1.165672E1,1.086776E3,9.002752E2
3.462500E0,,,,,
3.466667E0,928,4.071020E0,-1.169431E1,1.086149E3,9.014356E2
3.470833E0,,,,,
3.475000E0,930,4.046736E0,-1.175711E1,1.085399E3,9.033736E2
3.479167E0,,,,,
3.483333E0,932,4.020858E0,-1.178823E1,1.084601E3,9.043342E2
3.487500E0,,,,,
3.491667E0,934,3.981473E0,-1.185247E1,1.083385E3,9.063169E2
3.495833E0,,,,,
3.500000E0,936,3.955453E0,-1.193358E1,1.082582E3,9.088204E2
3.504167E0,,,,,
3.508333E0,938,3.936242E0,-1.198025E1,1.081989E3,9.102607E2
3.512500E0,,,,,
3.516667E0,940,3.912281E0,-1.206824E1,1.081249E3,9.129765E2
3.520833E0,,,,,
3.525000E0,942,3.884624E0,-1.212210E1,1.080396E3,9.146388E2
3.529167E0,,,,,
3.533333E0,944,3.879116E0,-1.216848E1,1.080226E3,9.160703E2
3.537500E0,,,,,
3.541667E0,946,3.865850E0,-1.221880E1,1.079816E3,9.176236E2
3.545833E0,,,,,
3.550000E0,948,3.863267E0,-1.223839E1,1.079737E3,9.182282E2
3.554167E0,,,,,
3.558333E0,950,3.853185E0,-1.226689E1,1.079425E3,9.191076E2
3.562500E0,,,,,
3.566667E0,952,3.856163E0,-1.228688E1,1.079517E3,9.197248E2
3.570833E0,,,,,
3.575000E0,954,3.839199E0,-1.230177E1,1.078994E3,9.201842E2
3.579167E0,,,,,
3.583333E0,956,3.828163E0,-1.232201E1,1.078653E3,9.208090E2
3.587500E0,,,,,
3.591667E0,958,3.835473E0,-1.234880E1,1.078879E3,9.216358E2
3.595833E0,,,,,
3.600000E0,960,3.816157E0,-1.238702E1,1.078283E3,9.228155E2
3.604167E0,,,,,
3.608333E0,962,3.797096E0,-1.243321E1,1.077694E3,9.242409E2
3.612500E0,,,,,
3.616667E0,964,3.771612E0,-1.248388E1,1.076908E3,9.258048E2
3.620833E0,,,,,
3.625000E0,966,3.750510E0,-1.254721E1,1.076256E3,9.277597E2
3.629167E0,,,,,
3.633333E0,968,3.724696E0,-1.261871E1,1.075460E3,9.299663E2
3.637500E0,,,,,
3.641667E0,970,3.690462E0,-1.268668E1,1.074403E3,9.320641E2
3.645833E0,,,,,
3.650000E0,972,3.654740E0,-1.274461E1,1.073301E3,9.338522E2
3.654167E0,,,,,
3.658333E0,974,3.637775E0,-1.279884E1,1.072777E3,9.355259E2
3.662500E0,,,,,
3.666667E0,976,3.622262E0,-1.284140E1,1.072298E3,9.368394E2
3.670833E0,,,,,
3.675000E0,978,3.606498E0,-1.289677E1,1.071812E3,9.385484E2
3.679167E0,,,,,
3.683333E0,980,3.589311E0,-1.293102E1,1.071281E3,9.396057E2
3.687500E0,,,,,
3.691667E0,982,3.578672E0,-1.293447E1,1.070953E3,9.397121E2
3.695833E0,,,,,
3.700000E0,984,3.556063E0,-1.296498E1,1.070255E3,9.406538E2
3.704167E0,,,,,
3.708333E0,986,3.553797E0,-1.297733E1,1.070185E3,9.410349E2
3.712500E0,,,,,
3.716667E0,988,3.543432E0,-1.298466E1,1.069865E3,9.412610E2
3.720833E0,,,,,
3.725000E0,990,3.528181E0,-1.300386E1,1.069394E3,9.418536E2
3.729167E0,,,,,
3.733333E0,992,3.502856E0,-1.305082E1,1.068613E3,9.433031E2
3.737500E0,,,,,
3.741667E0,994,3.476354E0,-1.309929E1,1.067795E3,9.447991E2
3.745833E0,,,,,
3.750000E0,996,3.453912E0,-1.312930E1,1.067102E3,9.457254E2
3.754167E0,,,,,
3.758333E0,998,3.409522E0,-1.319129E1,1.065732E3,9.476387E2
3.762500E0,,,,,
3.766667E0,1000,3.367473E0,-1.325040E1,1.064434E3,9.494629E2
3.770833E0,,,,,
3.775000E0,1002,3.328928E0,-1.331053E1,1.063245E3,9.513188E2
3.779167E0,,,,,
3.783333E0,1004,3.282767E0,-1.337580E1,1.061820E3,9.533332E2
3.787500E0,,,,,
3.791667E0,1006,3.252694E0,-1.344131E1,1.060892E3,9.553552E2
3.795833E0,,,,,
3.800000E0,1008,3.218882E0,-1.345121E1,1.059848E3,9.556607E2
3.804167E0,,,,,
3.808333E0,1010,3.199414E0,-1.350406E1,1.059247E3,9.572919E2
3.812500E0,,,,,
3.816667E0,1012,3.173316E0,-1.353365E1,1.058442E3,9.582052E2
3.820833E0,,,,,
3.825000E0,1014,3.169647E0,-1.354941E1,1.058329E3,9.586917E2
3.829167E0,,,,,
3.833333E0,1016,3.152721E0,-1.356412E1,1.057806E3,9.591458E2
3.837500E0,,,,,
3.841667E0,1018,3.149228E0,-1.356548E1,1.057698E3,9.591876E2
3.845833E0,,,,,
3.850000E0,1020,3.134741E0,-1.360177E1,1.057251E3,9.603077E2
3.854167E0,,,,,
3.858333E0,1022,3.118763E0,-1.363061E1,1.056758E3,9.611978E2
3.862500E0,,,,,
3.866667E0,1024,3.097302E0,-1.366784E1,1.056096E3,9.623470E2
3.870833E0,,,,,
3.875000E0,1026,3.073913E0,-1.370136E1,1.055374E3,9.633816E2
3.879167E0,,,,,
3.883333E0,1028,3.044065E0,-1.375310E1,1.054453E3,9.649785E2
3.887500E0,,,,,
3.891667E0,1030,3.014867E0,-1.382445E1,1.053551E3,9.671807E2
3.895833E0,,,,,
3.900000E0,1032,2.986177E0,-1.387319E1,1.052666E3,9.686850E2
3.904167E0,,,,,
3.908333E0,1034,2.941424E0,-1.393601E1,1.051285E3,9.706239E2
3.912500E0,,,,,
3.916667E0,1036,2.926447E0,-1.399955E1,1.050822E3,9.725848E2
3.920833E0,,,,,
3.925000E0,1038,2.901824E0,-1.406057E1,1.050062E3,9.744682E2
3.929167E0,,,,,
3.933333E0,1040,2.875425E0,-1.410908E1,1.049248E3,9.759653E2
3.937500E0,,,,,
3.941667E0,1042,2.860620E0,-1.416282E1,1.048791E3,9.776241E2
3.945833E0,,,,,
3.950000E0,1044,2.839173E0,-1.418395E1,1.048129E3,9.782761E2
3.954167E0,,,,,
3.958333E0,1046,2.834541E0,-1.420240E1,1.047986E3,9.788458E2
3.962500E0,,,,,
3.966667E0,1048,2.817165E0,-1.421436E1,1.047450E3,9.792147E2
3.970833E0,,,,,
3.975000E0,1050,2.796093E0,-1.423569E1,1.046799E3,9.798732E2
3.979167E0,,,,,
3.983333E0,1052,2.798388E0,-1.425708E1,1.046870E3,9.805332E2
3.987500E0,,,,,
3.991667E0,1054,2.789012E0,-1.430146E1,1.046581E3,9.819030E2
3.995833E0,,,,,
4.000000E0,1056,2.757738E0,-1.431160E1,1.045615E3,9.822162E2
4.004167E0,,,,,
4.008333E0,1058,2.743442E0,-1.434654E1,1.045174E3,9.832943E2
4.012500E0,,,,,
4.016667E0,1060,2.713521E0,-1.440904E1,1.044251E3,9.852233E2
4.020833E0,,,,,
4.025000E0,1062,2.686290E0,-1.445809E1,1.043410E3,9.867373E2
4.029167E0,,,,,
4.033333E0,1064,2.653746E0,-1.453005E1,1.042406E3,9.889584E2
4.037500E0,,,,,
4.041667E0,1066,2.607874E0,-1.459108E1,1.040990E3,9.908419E2
4.045833E0,,,,,
4.050000E0,1068,2.579783E0,-1.464919E1,1.040123E3,9.926354E2
4.054167E0,,,,,
4.058333E0,1070,2.547799E0,-1.470853E1,1.039136E3,9.944670E2
4.062500E0,,,,,
4.066667E0,1072,2.523023E0,-1.475606E1,1.038371E3,9.959340E2
4.070833E0,,,,,
4.075000E0,1074,2.521467E0,-1.476287E1,1.038323E3,9.961441E2
4.079167E0,,,,,
4.083333E0,1076,2.542278E0,-1.474042E1,1.038965E3,9.954511E2
4.087500E0,,,,,
4.091667E0,1078,2.549304E0,-1.471332E1,1.039182E3,9.946147E2
4.095833E0,,,,,
4.100000E0,1080,2.565854E0,-1.468267E1,1.039693E3,9.936690E2
4.104167E0,,,,,
4.108333E0,1082,2.570031E0,-1.468292E1,1.039822E3,9.936764E2
4.112500E0,,,,,
4.116667E0,1084,2.581476E0,-1.465080E1,1.040175E3,9.926852E2
4.120833E0,,,,,
4.125000E0,1086,2.588578E0,-1.463432E1,1.040394E3,9.921766E2
4.129167E0,,,,,
4.133333E0,1088,2.609697E0,-1.459390E1,1.041046E3,9.909291E2
4.137500E0,,,,,
4.141667E0,1090,2.640810E0,-1.455467E1,1.042006E3,9.897183E2
4.145833E0,,,,,
4.150000E0,1092,2.660279E0,-1.450248E1,1.042607E3,9.881073E2
4.154167E0,,,,,
4.158333E0,1094,2.686228E0,-1.444010E1,1.043408E3,9.861821E2
4.162500E0,,,,,
4.166667E0,1096,2.723587E0,-1.438520E1,1.044561E3,9.844876E2
4.170833E0,,,,,
4.175000E0,1098,2.755432E0,-1.430372E1,1.045544E3,9.819729E2
4.179167E0,,,,,
4.183333E0,1100,2.770203E0,-1.424882E1,1.046000E3,9.802785E2
4.187500E0,,,,,
4.191667E0,1102,2.812751E0,-1.418943E1,1.047313E3,9.784455E2
4.195833E0,,,,,
4.200000E0,1104,2.823052E0,-1.414491E1,1.047631E3,9.770714E2
4.204167E0,,,,,
4.208333E0,1106,2.827949E0,-1.409630E1,1.047782E3,9.755710E2
4.212500E0,,,,,
4.216667E0,1108,2.851053E0,-1.406360E1,1.048495E3,9.745617E2
4.220833E0,,,,,
4.225000E0,1110,2.864503E0,-1.404924E1,1.048911E3,9.741186E2
4.229167E0,,,,,
4.233333E0,1112,2.878679E0,-1.403087E1,1.049348E3,9.735515E2
4.237500E0,,,,,
4.241667E0,1114,2.888867E0,-1.401065E1,1.049663E3,9.729276E2
4.245833E0,,,,,
4.250000E0,1116,2.890387E0,-1.400121E1,1.049709E3,9.726362E2
4.254167E0,,,,,
4.258333E0,1118,2.897326E0,-1.396870E1,1.049924E3,9.716327E2
4.262500E0,,,,,
4.266667E0,1120,2.922945E0,-1.393082E1,1.050714E3,9.704636E2
4.270833E0,,,,,
4.275000E0,1122,2.948228E0,-1.387675E1,1.051495E3,9.687949E2
4.279167E0,,,,,
4.283333E0,1124,2.978785E0,-1.384406E1,1.052438E3,9.677857E2
4.287500E0,,,,,
4.291667E0,1126,3.013362E0,-1.378014E1,1.053505E3,9.658131E2
4.295833E0,,,,,
4.300000E0,1128,3.039018E0,-1.372247E1,1.054297E3,9.640331E2
4.304167E0,,,,,
4.308333E0,1130,3.075826E0,-1.366495E1,1.055433E3,9.622578E2
4.312500E0,,,,,
4.316667E0,1132,3.105225E0,-1.359546E1,1.056340E3,9.601130E2
4.320833E0,,,,,
4.325000E0,1134,3.144076E0,-1.354270E1,1.057539E3,9.584845E2
4.329167E0,,,,,
4.333333E0,1136,3.156685E0,-1.348763E1,1.057929E3,9.567850E2
4.337500E0,,,,,
4.341667E0,1138,3.172349E0,-1.344394E1,1.058412E3,9.554366E2
4.345833E0,,,,,
4.350000E0,1140,3.187151E0,-1.341288E1,1.058869E3,9.544777E2
4.354167E0,,,,,
4.358333E0,1142,3.206218E0,-1.338662E1,1.059457E3,9.536672E2
4.362500E0,,,,,
4.366667E0,1144,3.209211E0,-1.337810E1,1.059550E3,9.534043E2
4.370833E0,,,,,
4.375000E0,1146,3.222636E0,-1.335515E1,1.059964E3,9.526961E2
4.379167E0,,,,,
4.383333E0,1148,3.232706E0,-1.335105E1,1.060275E3,9.525696E2
4.387500E0,,,,,
4.391667E0,1150,3.236098E0,-1.331854E1,1.060380E3,9.515662E2
4.395833E0,,,,,
4.400000E0,1152,3.251830E0,-1.328283E1,1.060865E3,9.504638E2
4.404167E0,,,,,
4.408333E0,1154,3.282535E0,-1.323080E1,1.061813E3,9.488579E2
4.412500E0,,,,,
4.416667E0,1156,3.293265E0,-1.317778E1,1.062144E3,9.472217E2
4.420833E0,,,,,
4.425000E0,1158,3.319636E0,-1.312046E1,1.062958E3,9.454526E2
4.429167E0,,,,,
4.433333E0,1160,3.368620E0,-1.306703E1,1.064470E3,9.438034E2
4.437500E0,,,,,
4.441667E0,1162,3.374758E0,-1.298252E1,1.064659E3,9.411949E2
4.445833E0,,,,,
4.450000E0,1164,3.418278E0,-1.291361E1,1.066002E3,9.390682E2
4.454167E0,,,,,
4.458333E0,1166,3.435699E0,-1.285293E1,1.066540E3,9.371955E2
4.462500E0,,,,,
4.466667E0,1168,3.463510E0,-1.281874E1,1.067398E3,9.361400E2
4.470833E0,,,,,
4.475000E0,1170,3.483353E0,-1.277371E1,1.068011E3,9.347502E2
4.479167E0,,,,,
4.483333E0,1172,3.491581E0,-1.275411E1,1.068265E3,9.341453E2
4.487500E0,,,,,
4.491667E0,1174,3.502222E0,-1.272038E1,1.068593E3,9.331042E2
4.495833E0,,,,,
4.500000E0,1176,3.514424E0,-1.271114E1,1.068970E3,9.328190E2
4.504167E0,,,,,
4.508333E0,1178,3.523418E0,-1.269189E1,1.069247E3,9.322249E2
4.512500E0,,,,,
4.516667E0,1180,3.529626E0,-1.266188E1,1.069439E3,9.312986E2
4.520833E0,,,,,
4.525000E0,1182,3.535953E0,-1.263318E1,1.069634E3,9.304131E2
4.529167E0,,,,,
4.533333E0,1184,3.548019E0,-1.261168E1,1.070007E3,9.297495E2
4.537500E0,,,,,
4.541667E0,1186,3.563662E0,-1.255582E1,1.070490E3,9.280252E2
4.545833E0,,,,,
4.550000E0,1188,3.594037E0,-1.250497E1,1.071427E3,9.264559E2
4.554167E0,,,,,
4.558333E0,1190,3.618717E0,-1.245182E1,1.072189E3,9.248155E2
4.562500E0,,,,,
4.566667E0,1192,3.650562E0,-1.237298E1,1.073172E3,9.223820E2
4.570833E0,,,,,
4.575000E0,1194,3.670603E0,-1.231093E1,1.073790E3,9.204669E2
4.579167E0,,,,,
4.583333E0,1196,3.694197E0,-1.224835E1,1.074518E3,9.185355E2
4.587500E0,,,,,
4.591667E0,1198,3.695072E0,-1.218442E1,1.074545E3,9.165624E2
4.595833E0,,,,,
4.600000E0,1200,3.726192E0,-1.213477E1,1.075506E3,9.150301E2
4.604167E0,,,,,
4.608333E0,1202,3.731423E0,-1.209721E1,1.075667E3,9.138707E2
4.612500E0,,,,,
4.616667E0,1204,3.731202E0,-1.205205E1,1.075661E3,9.124769E2
4.620833E0,,,,,
4.625000E0,1206,3.734700E0,-1.203501E1,1.075769E3,9.119508E2
4.629167E0,,,,,
4.633333E0,1208,3.754546E0,-1.201816E1,1.076381E3,9.114308E2
4.637500E0,,,,,
4.641667E0,1210,3.751020E0,-1.199737E1,1.076272E3,9.107893E2
4.645833E0,,,,,
4.650000E0,1212,3.757622E0,-1.197735E1,1.076476E3,9.101713E2
4.654167E0,,,,,
4.658333E0,1214,3.768854E0,-1.195233E1,1.076823E3,9.093990E2
4.662500E0,,,,,
4.666667E0,1216,3.774383E0,-1.190357E1,1.076993E3,9.078942E2
4.670833E0,,,,,
4.675000E0,1218,3.777263E0,-1.187420E1,1.077082E3,9.069877E2
4.679167E0,,,,,
4.683333E0,1220,3.811976E0,-1.181615E1,1.078154E3,9.051959E2
4.687500E0,,,,,
4.691667E0,1222,3.810574E0,-1.173997E1,1.078110E3,9.028446E2
4.695833E0,,,,,
4.700000E0,1224,3.836869E0,-1.167486E1,1.078922E3,9.008352E2
4.704167E0,,,,,
4.708333E0,1226,3.858620E0,-1.161043E1,1.079593E3,8.988466E2
4.712500E0,,,,,
4.716667E0,1228,3.883292E0,-1.153980E1,1.080355E3,8.966667E2
4.720833E0,,,,,
4.725000E0,1230,3.891128E0,-1.148607E1,1.080597E3,8.950082E2
4.729167E0,,,,,
4.733333E0,1232,3.911650E0,-1.142273E1,1.081230E3,8.930535E2
4.737500E0,,,,,
4.741667E0,1234,3.920479E0,-1.138212E1,1.081502E3,8.917999E2
4.745833E0,,,,,
4.750000E0,1236,3.935997E0,-1.136288E1,1.081981E3,8.912063E2
4.754167E0,,,,,
4.758333E0,1238,3.944349E0,-1.134732E1,1.082239E3,8.907260E2
4.762500E0,,,,,
4.766667E0,1240,3.944405E0,-1.132301E1,1.082241E3,8.899756E2
4.770833E0,,,,,
4.775000E0,1242,3.960406E0,-1.129974E1,1.082735E3,8.892573E2
4.779167E0,,,,,
4.783333E0,1244,3.963736E0,-1.125437E1,1.082838E3,8.878570E2
4.787500E0,,,,,
4.791667E0,1246,3.960720E0,-1.124198E1,1.082744E3,8.874747E2
4.795833E0,,,,,
4.800000E0,1248,3.967282E0,-1.120696E1,1.082947E3,8.863939E2
4.804167E0,,,,,
4.808333E0,1250,3.987919E0,-1.116172E1,1.083584E3,8.849974E2
4.812500E0,,,,,
4.816667E0,1252,4.005398E0,-1.110066E1,1.084123E3,8.831129E2
4.820833E0,,,,,
4.825000E0,1254,4.016585E0,-1.103354E1,1.084469E3,8.810415E2
4.829167E0,,,,,
4.833333E0,1256,4.045062E0,-1.098111E1,1.085348E3,8.794230E2
4.837500E0,,,,,
4.841667E0,1258,4.068166E0,-1.090437E1,1.086061E3,8.770547E2
4.845833E0,,,,,
4.850000E0,1260,4.105824E0,-1.083192E1,1.087223E3,8.748184E2
4.854167E0,,,,,
4.858333E0,1262,4.109207E0,-1.078002E1,1.087327E3,8.732166E2
4.862500E0,,,,,
4.866667E0,1264,4.138623E0,-1.071939E1,1.088235E3,8.713453E2
4.870833E0,,,,,
4.875000E0,1266,4.153814E0,-1.068726E1,1.088704E3,8.703536E2
4.879167E0,,,,,
4.883333E0,1268,4.161539E0,-1.065831E1,1.088943E3,8.694601E2
4.887500E0,,,,,
4.891667E0,1270,4.160844E0,-1.063554E1,1.088921E3,8.687574E2
4.895833E0,,,,,
4.900000E0,1272,4.182064E0,-1.062134E1,1.089576E3,8.683193E2
4.904167E0,,,,,
4.908333E0,1274,4.180955E0,-1.060960E1,1.089542E3,8.679567E2
4.912500E0,,,,,
4.916667E0,1276,4.210936E0,-1.057275E1,1.090467E3,8.668195E2
4.920833E0,,,,,
4.925000E0,1278,4.210905E0,-1.055202E1,1.090466E3,8.661795E2
4.929167E0,,,,,
4.933333E0,1280,4.240628E0,-1.051906E1,1.091384E3,8.651623E2
4.937500E0,,,,,
4.941667E0,1282,4.252287E0,-1.048244E1,1.091743E3,8.640322E2
4.945833E0,,,,,
4.950000E0,1284,4.274444E0,-1.043019E1,1.092427E3,8.624195E2
4.954167E0,,,,,
4.958333E0,1286,4.313826E0,-1.036084E1,1.093643E3,8.602790E2
4.962500E0,,,,,
4.966667E0,1288,4.337747E0,-1.030247E1,1.094381E3,8.584776E2
4.970833E0,,,,,
4.975000E0,1290,4.375312E0,-1.024087E1,1.095540E3,8.565763E2
4.979167E0,,,,,
4.983333E0,1292,4.382072E0,-1.015708E1,1.095749E3,8.539901E2
4.987500E0,,,,,
4.991667E0,1294,4.415991E0,-1.011586E1,1.096796E3,8.527180E2
4.995833E0,,,,,
5.000000E0,1296,4.443041E0,-1.005835E1,1.097631E3,8.509428E2
5.004167E0,,,,,
5.008333E0,1298,4.453977E0,-1.001459E1,1.097968E3,8.495924E2
5.012500E0,,,,,
5.016667E0,1300,4.463419E0,-9.984860E0,1.098260E3,8.486747E2
5.020833E0,,,,,
5.025000E0,1302,4.478063E0,-9.974412E0,1.098712E3,8.483522E2
5.029167E0,,,,,
5.033333E0,1304,4.476818E0,-9.945386E0,1.098673E3,8.474563E2
5.037500E0,,,,,
5.041667E0,1306,4.479568E0,-9.926439E0,1.098758E3,8.468716E2
5.045833E0,,,,,
5.050000E0,1308,4.489996E0,-9.910472E0,1.099080E3,8.463788E2
5.054167E0,,,,,
5.058333E0,1310,4.511167E0,-9.891417E0,1.099734E3,8.457906E2
5.062500E0,,,,,
5.066667E0,1312,4.521779E0,-9.862433E0,1.100061E3,8.448961E2
5.070833E0,,,,,
5.075000E0,1314,4.551255E0,-9.813961E0,1.100971E3,8.434000E2
5.079167E0,,,,,
5.083333E0,1316,4.580367E0,-9.773514E0,1.101869E3,8.421517E2
5.087500E0,,,,,
5.091667E0,1318,4.624489E0,-9.701894E0,1.103231E3,8.399412E2
5.095833E0,,,,,
5.100000E0,1320,4.667229E0,-9.640744E0,1.104550E3,8.380538E2
5.104167E0,,,,,
5.108333E0,1322,4.686112E0,-9.584343E0,1.105133E3,8.363130E2
5.112500E0,,,,,
5.116667E0,1324,4.729809E0,-9.532740E0,1.106482E3,8.347204E2
5.120833E0,,,,,
5.125000E0,1326,4.765077E0,-9.455267E0,1.107570E3,8.323292E2
5.129167E0,,,,,
5.133333E0,1328,4.785908E0,-9.417190E0,1.108213E3,8.311540E2
5.137500E0,,,,,
5.141667E0,1330,4.801986E0,-9.386872E0,1.108709E3,8.302183E2
5.145833E0,,,,,
5.150000E0,1332,4.835419E0,-9.352005E0,1.109741E3,8.291421E2
5.154167E0,,,,,
5.158333E0,1334,4.831871E0,-9.329477E0,1.109632E3,8.284468E2
5.162500E0,,,,,
5.166667E0,1336,4.859370E0,-9.317163E0,1.110481E3,8.280667E2
5.170833E0,,,,,
5.175000E0,1338,4.854135E0,-9.308390E0,1.110319E3,8.277960E2
5.179167E0,,,,,
5.183333E0,1340,4.858917E0,-9.281303E0,1.110467E3,8.269600E2
5.187500E0,,,,,
5.191667E0,1342,4.878912E0,-9.259079E0,1.111084E3,8.262740E2
5.195833E0,,,,,
5.200000E0,1344,4.900749E0,-9.224150E0,1.111758E3,8.251960E2
5.204167E0,,,,,
5.208333E0,1346,4.925648E0,-9.183261E0,1.112526E3,8.239340E2
5.212500E0,,,,,
5.216667E0,1348,4.957001E0,-9.117607E0,1.113494E3,8.219076E2
5.220833E0,,,,,
5.225000E0,1350,4.988419E0,-9.067751E0,1.114464E3,8.203689E2
5.229167E0,,,,,
5.233333E0,1352,5.033438E0,-9.015328E0,1.115853E3,8.187509E2
5.237500E0,,,,,
5.241667E0,1354,5.056206E0,-8.937858E0,1.116556E3,8.163598E2
5.245833E0,,,,,
5.250000E0,1356,5.090379E0,-8.887354E0,1.117610E3,8.148011E2
5.254167E0,,,,,
5.258333E0,1358,5.117848E0,-8.822482E0,1.118458E3,8.127988E2
5.262500E0,,,,,
5.266667E0,1360,5.130614E0,-8.775302E0,1.118852E3,8.113426E2
5.270833E0,,,,,
5.275000E0,1362,5.153328E0,-8.734783E0,1.119553E3,8.100921E2
5.279167E0,,,,,
5.283333E0,1364,5.175131E0,-8.715251E0,1.120226E3,8.094892E2
5.287500E0,,,,,
5.291667E0,1366,5.187107E0,-8.694749E0,1.120596E3,8.088564E2
5.295833E0,,,,,
5.300000E0,1368,5.179814E0,-8.666844E0,1.120371E3,8.079952E2
5.304167E0,,,,,
5.308333E0,1370,5.210459E0,-8.666997E0,1.121317E3,8.079999E2
5.312500E0,,,,,
5.316667E0,1372,5.210583E0,-8.636763E0,1.121320E3,8.070667E2
5.320833E0,,,,,
5.325000E0,1374,5.217757E0,-8.613573E0,1.121542E3,8.063510E2
5.329167E0,,,,,
5.333333E0,1376,5.234479E0,-8.582830E0,1.122058E3,8.054022E2
5.337500E0,,,,,
5.341667E0,1378,5.248463E0,-8.532040E0,1.122490E3,8.038346E2
5.345833E0,,,,,
5.350000E0,1380,5.276417E0,-8.479908E0,1.123352E3,8.022256E2
5.354167E0,,,,,
5.358333E0,1382,5.305843E0,-8.406765E0,1.124261E3,7.999681E2
5.362500E0,,,,,
5.366667E0,1384,5.338809E0,-8.348557E0,1.125278E3,7.981715E2
5.370833E0,,,,,
5.375000E0,1386,5.357540E0,-8.284420E0,1.125856E3,7.961920E2
5.379167E0,,,,,
5.383333E0,1388,5.378438E0,-8.215831E0,1.126501E3,7.940750E2
5.387500E0,,,,,
5.391667E0,1390,5.407696E0,-8.149048E0,1.127404E3,7.920138E2
5.395833E0,,,,,
5.400000E0,1392,5.435035E0,-8.111883E0,1.128248E3,7.908668E2
5.404167E0,,,,,
5.408333E0,1394,5.449102E0,-8.069087E0,1.128682E3,7.895459E2
5.412500E0,,,,,
5.416667E0,1396,5.467526E0,-8.044531E0,1.129251E3,7.887880E2
5.420833E0,,,,,
5.425000E0,1398,5.480555E0,-8.008471E0,1.129653E3,7.876750E2
5.429167E0,,,,,
5.433333E0,1400,5.494041E0,-8.001091E0,1.130069E3,7.874473E2
5.437500E0,,,,,
5.441667E0,1402,5.509190E0,-7.971897E0,1.130537E3,7.865462E2
5.445833E0,,,,,
5.450000E0,1404,5.516651E0,-7.973316E0,1.130767E3,7.865900E2
5.454167E0,,,,,
5.458333E0,1406,5.539429E0,-7.947511E0,1.131470E3,7.857935E2
5.462500E0,,,,,
5.466667E0,1408,5.558711E0,-7.920178E0,1.132065E3,7.849499E2
5.470833E0,,,,,
5.475000E0,1410,5.580911E0,-7.867541E0,1.132750E3,7.833253E2
5.479167E0,,,,,
5.483333E0,1412,5.621632E0,-7.834359E0,1.134007E3,7.823012E2
5.487500E0,,,,,
5.491667E0,1414,5.658921E0,-7.775238E0,1.135158E3,7.804765E2
5.495833E0,,,,,
5.500000E0,1416,5.703113E0,-7.707885E0,1.136522E3,7.783977E2
5.504167E0,,,,,
5.508333E0,1418,5.747976E0,-7.656838E0,1.137907E3,7.768221E2
5.512500E0,,,,,
5.516667E0,1420,5.792650E0,-7.607869E0,1.139286E3,7.753108E2
5.520833E0,,,,,
5.525000E0,1422,5.825873E0,-7.545542E0,1.140311E3,7.733871E2
5.529167E0,,,,,
5.533333E0,1424,5.856196E0,-7.507012E0,1.141247E3,7.721979E2
5.537500E0,,,,,
5.541667E0,1426,5.886454E0,-7.471503E0,1.142181E3,7.711020E2
5.545833E0,,,,,
5.550000E0,1428,5.900791E0,-7.455807E0,1.142623E3,7.706175E2
5.554167E0,,,,,
5.558333E0,1430,5.915391E0,-7.427541E0,1.143074E3,7.697451E2
5.562500E0,,,,,
5.566667E0,1432,5.938738E0,-7.423930E0,1.143794E3,7.696336E2
5.570833E0,,,,,
5.575000E0,1434,5.936513E0,-7.386984E0,1.143726E3,7.684933E2
5.579167E0,,,,,
5.583333E0,1436,5.946593E0,-7.375318E0,1.144037E3,7.681333E2
5.587500E0,,,,,
5.591667E0,1438,5.970218E0,-7.353690E0,1.144766E3,7.674657E2
5.595833E0,,,,,
5.600000E0,1440,5.984595E0,-7.324203E0,1.145210E3,7.665556E2
5.604167E0,,,,,
5.608333E0,1442,6.017444E0,-7.284134E0,1.146224E3,7.653190E2
5.612500E0,,,,,
5.616667E0,1444,6.049892E0,-7.221882E0,1.147225E3,7.633976E2
5.620833E0,,,,,
5.625000E0,1446,6.072599E0,-7.176870E0,1.147926E3,7.620083E2
5.629167E0,,,,,
5.633333E0,1448,6.118841E0,-7.112047E0,1.149353E3,7.600076E2
5.637500E0,,,,,
5.641667E0,1450,6.146847E0,-7.034412E0,1.150217E3,7.576115E2
5.645833E0,,,,,
5.650000E0,1452,6.176699E0,-6.988231E0,1.151139E3,7.561861E2
5.654167E0,,,,,
5.658333E0,1454,6.205639E0,-6.925697E0,1.152032E3,7.542561E2
5.662500E0,,,,,
5.666667E0,1456,6.248237E0,-6.889129E0,1.153347E3,7.531274E2
5.670833E0,,,,,
5.675000E0,1458,6.269774E0,-6.851387E0,1.154012E3,7.519626E2
5.679167E0,,,,,
5.683333E0,1460,6.290320E0,-6.817077E0,1.154646E3,7.509036E2
5.687500E0,,,,,
5.691667E0,1462,6.298897E0,-6.815337E0,1.154910E3,7.508499E2
5.695833E0,,,,,
5.700000E0,1464,6.310186E0,-6.769623E0,1.155259E3,7.494390E2
5.704167E0,,,,,
5.708333E0,1466,6.306773E0,-6.777016E0,1.155153E3,7.496672E2
5.712500E0,,,,,
5.716667E0,1468,6.328804E0,-6.754265E0,1.155833E3,7.489650E2
5.720833E0,,,,,
5.725000E0,1470,6.334228E0,-6.720982E0,1.156001E3,7.479377E2
5.729167E0,,,,,
5.733333E0,1472,6.361122E0,-6.689186E0,1.156831E3,7.469564E2
5.737500E0,,,,,
5.741667E0,1474,6.369774E0,-6.653043E0,1.157098E3,7.458408E2
5.745833E0,,,,,
5.750000E0,1476,6.397031E0,-6.589355E0,1.157939E3,7.438752E2
5.754167E0,,,,,
5.758333E0,1478,6.449221E0,-6.538400E0,1.159550E3,7.423025E2
5.762500E0,,,,,
5.766667E0,1480,6.471474E0,-6.483428E0,1.160237E3,7.406058E2
5.770833E0,,,,,
5.775000E0,1482,6.516282E0,-6.411473E0,1.161620E3,7.383850E2
5.779167E0,,,,,
5.783333E0,1484,6.549538E0,-6.353539E0,1.162646E3,7.365969E2
5.787500E0,,,,,
5.791667E0,1486,6.595178E0,-6.293383E0,1.164055E3,7.347402E2
5.795833E0,,,,,
5.800000E0,1488,6.618234E0,-6.253934E0,1.164766E3,7.335227E2
5.804167E0,,,,,
5.808333E0,1490,6.635903E0,-6.216960E0,1.165312E3,7.323815E2
5.812500E0,,,,,
5.816667E0,1492,6.647329E0,-6.184436E0,1.165664E3,7.313776E2
5.820833E0,,,,,
5.825000E0,1494,6.665974E0,-6.165732E0,1.166240E3,7.308004E2
5.829167E0,,,,,
5.833333E0,1496,6.671729E0,-6.154601E0,1.166418E3,7.304568E2
5.837500E0,,,,,
5.841667E0,1498,6.687645E0,-6.134854E0,1.166909E3,7.298474E2
5.845833E0,,,,,
5.850000E0,1500,6.681476E0,-6.125012E0,1.166718E3,7.295436E2
5.854167E0,,,,,
5.858333E0,1502,6.712670E0,-6.095365E0,1.167681E3,7.286286E2
5.862500E0,,,,,
5.866667E0,1504,6.733047E0,-6.061616E0,1.168310E3,7.275869E2
5.870833E0,,,,,
5.875000E0,1506,6.752163E0,-6.008104E0,1.168900E3,7.259353E2
5.879167E0,,,,,
5.883333E0,1508,6.780666E0,-5.962585E0,1.169780E3,7.245304E2
5.887500E0,,,,,
5.891667E0,1510,6.808030E0,-5.905818E0,1.170624E3,7.227783E2
5.895833E0,,,,,
5.900000E0,1512,6.843069E0,-5.842378E0,1.171706E3,7.208203E2
5.904167E0,,,,,
5.908333E0,1514,6.868164E0,-5.775076E0,1.172480E3,7.187431E2
5.912500E0,,,,,
5.916667E0,1516,6.904561E0,-5.708346E0,1.173604E3,7.166835E2
5.920833E0,,,,,
5.925000E0,1518,6.919348E0,-5.643219E0,1.174060E3,7.146734E2
5.929167E0,,,,,
5.933333E0,1520,6.938557E0,-5.599436E0,1.174653E3,7.133221E2
5.937500E0,,,,,
5.941667E0,1522,6.956480E0,-5.551828E0,1.175206E3,7.118527E2
5.945833E0,,,,,
5.950000E0,1524,6.958867E0,-5.526744E0,1.175280E3,7.110785E2
5.954167E0,,,,,
5.958333E0,1526,6.986507E0,-5.497465E0,1.176133E3,7.101748E2
5.962500E0,,,,,
5.966667E0,1528,6.976181E0,-5.473521E0,1.175814E3,7.094358E2
5.970833E0,,,,,
5.975000E0,1530,6.989548E0,-5.468579E0,1.176227E3,7.092833E2
5.979167E0,,,,,
5.983333E0,1532,6.996038E0,-5.455324E0,1.176427E3,7.088742E2
5.987500E0,,,,,
5.991667E0,1534,7.008720E0,-5.425215E0,1.176819E3,7.079449E2
5.995833E0,,,,,
6.000000E0,1536,7.026308E0,-5.388418E0,1.177361E3,7.068092E2
6.004167E0,,,,,
6.008333E0,1538,7.060230E0,-5.337774E0,1.178408E3,7.052461E2
6.012500E0,,,,,
6.016667E0,1540,7.061394E0,-5.285070E0,1.178444E3,7.036194E2
6.020833E0,,,,,
6.025000E0,1542,7.117850E0,-5.233851E0,1.180187E3,7.020386E2
6.029167E0,,,,,
6.033333E0,1544,7.124344E0,-5.162992E0,1.180387E3,6.998516E2
6.037500E0,,,,,
6.041667E0,1546,7.153449E0,-5.092929E0,1.181285E3,6.976892E2
6.045833E0,,,,,
6.050000E0,1548,7.183341E0,-5.036343E0,1.182208E3,6.959427E2
6.054167E0,,,,,
6.058333E0,1550,7.197649E0,-4.968672E0,1.182650E3,6.938541E2
6.062500E0,,,,,
6.066667E0,1552,7.226600E0,-4.923360E0,1.183543E3,6.924556E2
6.070833E0,,,,,
6.075000E0,1554,7.241431E0,-4.888043E0,1.184001E3,6.913655E2
6.079167E0,,,,,
6.083333E0,1556,7.252390E0,-4.847613E0,1.184339E3,6.901177E2
6.087500E0,,,,,
6.091667E0,1558,7.265225E0,-4.830782E0,1.184735E3,6.895982E2
6.095833E0,,,,,
6.100000E0,1560,7.254122E0,-4.814860E0,1.184393E3,6.891068E2
6.104167E0,,,,,
6.108333E0,1562,7.276384E0,-4.783496E0,1.185080E3,6.881388E2
6.112500E0,,,,,
6.116667E0,1564,7.277690E0,-4.771301E0,1.185120E3,6.877624E2
6.120833E0,,,,,
6.125000E0,1566,7.278604E0,-4.755773E0,1.185148E3,6.872831E2
6.129167E0,,,,,
6.133333E0,1568,7.291885E0,-4.689953E0,1.185558E3,6.852516E2
6.137500E0,,,,,
6.141667E0,1570,7.321189E0,-4.664909E0,1.186463E3,6.844787E2
6.145833E0,,,,,
6.150000E0,1572,7.343087E0,-4.600030E0,1.187138E3,6.824762E2
6.154167E0,,,,,
6.158333E0,1574,7.368751E0,-4.561027E0,1.187931E3,6.812724E2
6.162500E0,,,,,
6.166667E0,1576,7.401063E0,-4.465363E0,1.188928E3,6.783198E2
6.170833E0,,,,,
6.175000E0,1578,7.425299E0,-4.419159E0,1.189676E3,6.768938E2
6.179167E0,,,,,
6.183333E0,1580,7.441692E0,-4.354002E0,1.190182E3,6.748828E2
6.187500E0,,,,,
6.191667E0,1582,7.460306E0,-4.292610E0,1.190756E3,6.729880E2
6.195833E0,,,,,
6.200000E0,1584,7.476972E0,-4.241540E0,1.191271E3,6.714117E2
6.204167E0,,,,,
6.208333E0,1586,7.488152E0,-4.187132E0,1.191616E3,6.697325E2
6.212500E0,,,,,
6.216667E0,1588,7.502671E0,-4.168887E0,1.192064E3,6.691694E2
6.220833E0,,,,,
6.225000E0,1590,7.509346E0,-4.154171E0,1.192270E3,6.687152E2
6.229167E0,,,,,
6.233333E0,1592,7.537880E0,-4.124419E0,1.193151E3,6.677969E2
6.237500E0,,,,,
6.241667E0,1594,7.536985E0,-4.111629E0,1.193123E3,6.674021E2
6.245833E0,,,,,
6.250000E0,1596,7.548856E0,-4.093226E0,1.193489E3,6.668341E2
6.254167E0,,,,,
6.258333E0,1598,7.555766E0,-4.069707E0,1.193703E3,6.661082E2
6.262500E0,,,,,
6.266667E0,1600,7.588018E0,-4.016388E0,1.194698E3,6.644626E2
6.270833E0,,,,,
6.275000E0,1602,7.589431E0,-3.988004E0,1.194742E3,6.635865E2
6.279167E0,,,,,
6.283333E0,1604,7.611675E0,-3.941430E0,1.195428E3,6.621491E2
6.287500E0,,,,,
6.291667E0,1606,7.663129E0,-3.864537E0,1.197016E3,6.597758E2
6.295833E0,,,,,
6.300000E0,1608,7.670504E0,-3.803027E0,1.197244E3,6.578774E2
6.304167E0,,,,,
6.308333E0,1610,7.710606E0,-3.729775E0,1.198482E3,6.556165E2
6.312500E0,,,,,
6.316667E0,1612,7.740333E0,-3.682531E0,1.199399E3,6.541584E2
6.320833E0,,,,,
6.325000E0,1614,7.776316E0,-3.617710E0,1.200510E3,6.521577E2
6.329167E0,,,,,
6.333333E0,1616,7.800647E0,-3.579568E0,1.201261E3,6.509805E2
6.337500E0,,,,,
6.341667E0,1618,7.830769E0,-3.545365E0,1.202190E3,6.499248E2
6.345833E0,,,,,
6.350000E0,1620,7.850609E0,-3.499720E0,1.202803E3,6.485161E2
6.354167E0,,,,,
6.358333E0,1622,7.849914E0,-3.496847E0,1.202781E3,6.484274E2
6.362500E0,,,,,
6.366667E0,1624,7.865025E0,-3.476600E0,1.203248E3,6.478025E2
6.370833E0,,,,,
6.375000E0,1626,7.884292E0,-3.461500E0,1.203842E3,6.473364E2
6.379167E0,,,,,
6.383333E0,1628,7.898069E0,-3.454929E0,1.204268E3,6.471336E2
6.387500E0,,,,,
6.391667E0,1630,7.907641E0,-3.430990E0,1.204563E3,6.463948E2
6.395833E0,,,,,
6.400000E0,1632,7.929438E0,-3.396120E0,1.205236E3,6.453185E2
6.404167E0,,,,,
6.408333E0,1634,7.962156E0,-3.347232E0,1.206246E3,6.438096E2
6.412500E0,,,,,
6.416667E0,1636,7.982835E0,-3.302836E0,1.206884E3,6.424394E2
6.420833E0,,,,,
6.425000E0,1638,8.024013E0,-3.245564E0,1.208155E3,6.406717E2
6.429167E0,,,,,
6.433333E0,1640,8.055792E0,-3.171402E0,1.209136E3,6.383828E2
6.437500E0,,,,,
6.441667E0,1642,8.083963E0,-3.118592E0,1.210005E3,6.367529E2
6.445833E0,,,,,
6.450000E0,1644,8.133144E0,-3.058123E0,1.211523E3,6.348865E2
6.454167E0,,,,,
6.458333E0,1646,8.183457E0,-3.010982E0,1.213076E3,6.334315E2
6.462500E0,,,,,
6.466667E0,1648,8.198141E0,-2.965924E0,1.213529E3,6.320409E2
6.470833E0,,,,,
6.475000E0,1650,8.215078E0,-2.929531E0,1.214052E3,6.309176E2
6.479167E0,,,,,
6.483333E0,1652,8.253588E0,-2.898296E0,1.215240E3,6.299536E2
6.487500E0,,,,,
6.491667E0,1654,8.257700E0,-2.888136E0,1.215367E3,6.296400E2
6.495833E0,,,,,
6.500000E0,1656,8.282767E0,-2.856502E0,1.216141E3,6.286636E2
6.504167E0,,,,,
6.508333E0,1658,8.283790E0,-2.852995E0,1.216173E3,6.285554E2
6.512500E0,,,,,
6.516667E0,1660,8.296066E0,-2.839026E0,1.216551E3,6.281243E2
6.520833E0,,,,,
6.525000E0,1662,8.314061E0,-2.822168E0,1.217107E3,6.276040E2
6.529167E0,,,,,
6.533333E0,1664,8.340005E0,-2.778816E0,1.217908E3,6.262659E2
6.537500E0,,,,,
6.541667E0,1666,8.381264E0,-2.740892E0,1.219181E3,6.250954E2
6.545833E0,,,,,
6.550000E0,1668,8.430796E0,-2.710456E0,1.220710E3,6.241560E2
6.554167E0,,,,,
6.558333E0,1670,8.470716E0,-2.663994E0,1.221942E3,6.227220E2
6.562500E0,,,,,
6.566667E0,1672,8.519465E0,-2.610968E0,1.223446E3,6.210854E2
6.570833E0,,,,,
6.575000E0,1674,8.579970E0,-2.566564E0,1.225314E3,6.197149E2
6.579167E0,,,,,
6.583333E0,1676,8.624588E0,-2.523476E0,1.226691E3,6.183850E2
6.587500E0,,,,,
6.591667E0,1678,8.663684E0,-2.481560E0,1.227898E3,6.170914E2
6.595833E0,,,,,
6.600000E0,1680,8.708021E0,-2.425999E0,1.229266E3,6.153765E2
6.604167E0,,,,,
6.608333E0,1682,8.747924E0,-2.420321E0,1.230498E3,6.152013E2
6.612500E0,,,,,
6.616667E0,1684,8.765714E0,-2.388393E0,1.231047E3,6.142158E2
6.620833E0,,,,,
6.625000E0,1686,8.785025E0,-2.384960E0,1.231643E3,6.141099E2
6.629167E0,,,,,
6.633333E0,1688,8.803350E0,-2.365605E0,1.232208E3,6.135125E2
6.637500E0,,,,,
6.641667E0,1690,8.818768E0,-2.356562E0,1.232684E3,6.132334E2
6.645833E0,,,,,
6.650000E0,1692,8.839107E0,-2.350154E0,1.233312E3,6.130356E2
6.654167E0,,,,,
6.658333E0,1694,8.855968E0,-2.321314E0,1.233832E3,6.121455E2
6.662500E0,,,,,
6.666667E0,1696,8.899317E0,-2.308857E0,1.235170E3,6.117610E2
6.670833E0,,,,,
6.675000E0,1698,8.945768E0,-2.281744E0,1.236604E3,6.109242E2
6.679167E0,,,,,
6.683333E0,1700,8.977164E0,-2.232787E0,1.237573E3,6.094132E2
6.687500E0,,,,,
6.691667E0,1702,9.034024E0,-2.197316E0,1.239328E3,6.083184E2
6.695833E0,,,,,
6.700000E0,1704,9.094608E0,-2.154926E0,1.241198E3,6.070101E2
6.704167E0,,,,,
6.708333E0,1706,9.146397E0,-2.105192E0,1.242796E3,6.054751E2
6.712500E0,,,,,
6.716667E0,1708,9.210129E0,-2.064182E0,1.244763E3,6.042093E2
6.720833E0,,,,,
6.725000E0,1710,9.249024E0,-2.029617E0,1.245964E3,6.031425E2
6.729167E0,,,,,
6.733333E0,1712,9.296383E0,-1.989454E0,1.247425E3,6.019029E2
6.737500E0,,,,,
6.741667E0,1714,9.323945E0,-1.961775E0,1.248276E3,6.010486E2
6.745833E0,,,,,
6.750000E0,1716,9.351446E0,-1.936348E0,1.249125E3,6.002638E2
6.754167E0,,,,,
6.758333E0,1718,9.358596E0,-1.922721E0,1.249346E3,5.998432E2
6.762500E0,,,,,
6.766667E0,1720,9.376492E0,-1.901706E0,1.249898E3,5.991946E2
6.770833E0,,,,,
6.775000E0,1722,9.399985E0,-1.905068E0,1.250623E3,5.992984E2
6.779167E0,,,,,
6.783333E0,1724,9.413060E0,-1.884871E0,1.251027E3,5.986750E2
6.787500E0,,,,,
6.791667E0,1726,9.430171E0,-1.862955E0,1.251555E3,5.979986E2
6.795833E0,,,,,
6.800000E0,1728,9.464662E0,-1.829548E0,1.252619E3,5.969675E2
6.804167E0,,,,,
6.808333E0,1730,9.497552E0,-1.804470E0,1.253634E3,5.961935E2
6.812500E0,,,,,
6.816667E0,1732,9.540035E0,-1.759750E0,1.254946E3,5.948133E2
6.820833E0,,,,,
6.825000E0,1734,9.588445E0,-1.712488E0,1.256440E3,5.933546E2
6.829167E0,,,,,
6.833333E0,1736,9.642899E0,-1.672705E0,1.258120E3,5.921267E2
6.837500E0,,,,,
6.841667E0,1738,9.691982E0,-1.628339E0,1.259635E3,5.907574E2
6.845833E0,,,,,
6.850000E0,1740,9.755163E0,-1.574747E0,1.261585E3,5.891033E2
6.854167E0,,,,,
6.858333E0,1742,9.802341E0,-1.546074E0,1.263041E3,5.882183E2
6.862500E0,,,,,
6.866667E0,1744,9.848319E0,-1.503932E0,1.264460E3,5.869177E2
6.870833E0,,,,,
6.875000E0,1746,9.881375E0,-1.484274E0,1.265481E3,5.863109E2
6.879167E0,,,,,
6.883333E0,1748,9.904259E0,-1.463386E0,1.266187E3,5.856662E2
6.887500E0,,,,,
6.891667E0,1750,9.929259E0,-1.454237E0,1.266959E3,5.853839E2
6.895833E0,,,,,
6.900000E0,1752,9.947110E0,-1.437024E0,1.267510E3,5.848526E2
6.904167E0,,,,,
6.908333E0,1754,9.957244E0,-1.422207E0,1.267822E3,5.843953E2
6.912500E0,,,,,
6.916667E0,1756,9.981230E0,-1.408349E0,1.268563E3,5.839676E2
6.920833E0,,,,,
6.925000E0,1758,9.993281E0,-1.391817E0,1.268935E3,5.834573E2
6.929167E0,,,,,
6.933333E0,1760,1.002829E1,-1.379090E0,1.270015E3,5.830645E2
6.937500E0,,,,,
6.941667E0,1762,1.006223E1,-1.339273E0,1.271063E3,5.818356E2
6.945833E0,,,,,
6.950000E0,1764,1.009409E1,-1.293314E0,1.272046E3,5.804171E2
6.954167E0,,,,,
6.958333E0,1766,1.015849E1,-1.258404E0,1.274034E3,5.793396E2
6.962500E0,,,,,
6.966667E0,1768,1.022427E1,-1.221055E0,1.276064E3,5.781869E2
6.970833E0,,,,,
6.975000E0,1770,1.026871E1,-1.175688E0,1.277435E3,5.767867E2
6.979167E0,,,,,
6.983333E0,1772,1.032589E1,-1.139996E0,1.279200E3,5.756851E2
6.987500E0,,,,,
6.991667E0,1774,1.037603E1,-1.090607E0,1.280748E3,5.741607E2
6.995833E0,,,,,
7.000000E0,1776,1.042842E1,-1.062407E0,1.282365E3,5.732903E2
7.004167E0,,,,,
7.008333E0,1778,1.045671E1,-1.023828E0,1.283238E3,5.720996E2
7.012500E0,,,,,
7.016667E0,1780,1.048593E1,-1.018844E0,1.284140E3,5.719458E2
7.020833E0,,,,,
7.025000E0,1782,1.049609E1,-1.001680E0,1.284453E3,5.714160E2
7.029167E0,,,,,
7.033333E0,1784,1.052701E1,-9.948700E-1,1.285408E3,5.712059E2
7.037500E0,,,,,
7.041667E0,1786,1.053828E1,-9.823894E-1,1.285756E3,5.708207E2
7.045833E0,,,,,
7.050000E0,1788,1.054937E1,-9.689047E-1,1.286098E3,5.704045E2
7.054167E0,,,,,
7.058333E0,1790,1.057062E1,-9.663808E-1,1.286754E3,5.703266E2
7.062500E0,,,,,
7.066667E0,1792,1.061865E1,-9.299268E-1,1.288236E3,5.692014E2
7.070833E0,,,,,
7.075000E0,1794,1.065434E1,-8.973330E-1,1.289338E3,5.681955E2
7.079167E0,,,,,
7.083333E0,1796,1.070818E1,-8.737689E-1,1.290999E3,5.674682E2
7.087500E0,,,,,
7.091667E0,1798,1.077778E1,-8.472252E-1,1.293148E3,5.666489E2
7.095833E0,,,,,
7.100000E0,1800,1.083529E1,-8.128503E-1,1.294923E3,5.655880E2
7.104167E0,,,,,
7.108333E0,1802,1.090278E1,-7.836802E-1,1.297006E3,5.646877E2
7.112500E0,,,,,
7.116667E0,1804,1.095633E1,-7.477101E-1,1.298658E3,5.635775E2
7.120833E0,,,,,
7.125000E0,1806,1.101566E1,-7.252768E-1,1.300489E3,5.628851E2
7.129167E0,,,,,
7.133333E0,1808,1.106368E1,-6.979097E-1,1.301972E3,5.620404E2
7.137500E0,,,,,
7.141667E0,1810,1.109571E1,-6.872870E-1,1.302960E3,5.617126E2
7.145833E0,,,,,
7.150000E0,1812,1.113517E1,-6.701646E-1,1.304178E3,5.611841E2
7.154167E0,,,,,
7.158333E0,1814,1.114742E1,-6.534324E-1,1.304556E3,5.606677E2
7.162500E0,,,,,
7.166667E0,1816,1.117419E1,-6.422946E-1,1.305382E3,5.603239E2
7.170833E0,,,,,
7.175000E0,1818,1.118900E1,-6.357911E-1,1.305840E3,5.601232E2
7.179167E0,,,,,
7.183333E0,1820,1.120587E1,-6.234061E-1,1.306360E3,5.597409E2
7.187500E0,,,,,
7.191667E0,1822,1.123049E1,-6.159671E-1,1.307120E3,5.595113E2
7.195833E0,,,,,
7.200000E0,1824,1.126100E1,-6.167287E-1,1.308062E3,5.595348E2
7.204167E0,,,,,
7.208333E0,1826,1.130653E1,-5.846314E-1,1.309467E3,5.585442E2
7.212500E0,,,,,
7.216667E0,1828,1.136474E1,-5.503849E-1,1.311264E3,5.574872E2
7.220833E0,,,,,
7.225000E0,1830,1.142354E1,-5.260455E-1,1.313078E3,5.567360E2
7.229167E0,,,,,
7.233333E0,1832,1.149563E1,-5.155208E-1,1.315304E3,5.564111E2
7.237500E0,,,,,
7.241667E0,1834,1.156490E1,-4.855424E-1,1.317441E3,5.554859E2
7.245833E0,,,,,
7.250000E0,1836,1.164933E1,-4.552432E-1,1.320047E3,5.545507E2
7.254167E0,,,,,
7.258333E0,1838,1.168523E1,-4.299607E-1,1.321155E3,5.537704E2
7.262500E0,,,,,
7.266667E0,1840,1.172675E1,-4.174467E-1,1.322437E3,5.533842E2
7.270833E0,,,,,
7.275000E0,1842,1.179036E1,-3.924510E-1,1.324400E3,5.526127E2
7.279167E0,,,,,
7.283333E0,1844,1.179895E1,-3.971002E-1,1.324665E3,5.527562E2
7.287500E0,,,,,
7.291667E0,1846,1.184137E1,-3.897353E-1,1.325975E3,5.525289E2
7.295833E0,,,,,
7.300000E0,1848,1.184632E1,-3.779702E-1,1.326127E3,5.521657E2
7.304167E0,,,,,
7.308333E0,1850,1.186556E1,-3.707424E-1,1.326721E3,5.519427E2
7.312500E0,,,,,
7.316667E0,1852,1.189695E1,-3.641453E-1,1.327690E3,5.517391E2
7.320833E0,,,,,
7.325000E0,1854,1.191789E1,-3.526558E-1,1.328336E3,5.513844E2
7.329167E0,,,,,
7.333333E0,1856,1.194254E1,-3.484720E-1,1.329097E3,5.512553E2
7.337500E0,,,,,
7.341667E0,1858,1.198822E1,-3.246938E-1,1.330507E3,5.505214E2
7.345833E0,,,,,
7.350000E0,1860,1.205415E1,-3.008321E-1,1.332542E3,5.497849E2
7.354167E0,,,,,
7.358333E0,1862,1.211041E1,-2.914556E-1,1.334278E3,5.494955E2
7.362500E0,,,,,
7.366667E0,1864,1.218824E1,-2.711791E-1,1.336680E3,5.488697E2
7.370833E0,,,,,
7.375000E0,1866,1.225810E1,-2.328699E-1,1.338836E3,5.476873E2
7.379167E0,,,,,
7.383333E0,1868,1.231646E1,-2.254828E-1,1.340638E3,5.474593E2
7.387500E0,,,,,
7.391667E0,1870,1.237703E1,-1.968279E-1,1.342507E3,5.465749E2
7.395833E0,,,,,
7.400000E0,1872,1.243286E1,-1.891232E-1,1.344230E3,5.463371E2
7.404167E0,,,,,
7.408333E0,1874,1.246693E1,-1.616054E-1,1.345282E3,5.454878E2
7.412500E0,,,,,
7.416667E0,1876,1.250290E1,-1.555125E-1,1.346392E3,5.452998E2
7.420833E0,,,,,
7.425000E0,1878,1.254008E1,-1.428870E-1,1.347540E3,5.449101E2
7.429167E0,,,,,
7.433333E0,1880,1.254689E1,-1.413666E-1,1.347750E3,5.448632E2
7.437500E0,,,,,
7.441667E0,1882,1.255991E1,-1.312551E-1,1.348151E3,5.445511E2
7.445833E0,,,,,
7.450000E0,1884,1.259529E1,-1.254771E-1,1.349243E3,5.443728E2
7.454167E0,,,,,
7.458333E0,1886,1.261454E1,-1.065013E-1,1.349838E3,5.437871E2
7.462500E0,,,,,
7.466667E0,1888,1.263955E1,-9.761051E-2,1.350610E3,5.435127E2
7.470833E0,,,,,
7.475000E0,1890,1.268719E1,-9.479587E-2,1.352080E3,5.434258E2
7.479167E0,,,,,
7.483333E0,1892,1.273909E1,-7.710669E-2,1.353682E3,5.428798E2
7.487500E0,,,,,
7.491667E0,1894,1.281577E1,-5.219579E-2,1.356048E3,5.421110E2
7.495833E0,,,,,
7.500000E0,1896,1.287175E1,-4.397979E-2,1.357776E3,5.418574E2
7.504167E0,,,,,
7.508333E0,1898,1.296735E1,-2.331694E-2,1.360727E3,5.412197E2
7.512500E0,,,,,
7.516667E0,1900,1.302135E1,-1.741222E-2,1.362393E3,5.410374E2
7.520833E0,,,,,
7.525000E0,1902,1.309002E1,3.515101E-3,1.364513E3,5.403915E2
7.529167E0,,,,,
7.533333E0,1904,1.313510E1,1.185524E-2,1.365904E3,5.401341E2
7.537500E0,,,,,
7.541667E0,1906,1.318146E1,1.656294E-2,1.367335E3,5.399888E2
7.545833E0,,,,,
7.550000E0,1908,1.321139E1,2.860067E-2,1.368259E3,5.396173E2
7.554167E0,,,,,
7.558333E0,1910,1.324484E1,3.555989E-2,1.369291E3,5.394025E2
7.562500E0,,,,,
7.566667E0,1912,1.325877E1,3.526572E-2,1.369721E3,5.394116E2
7.570833E0,,,,,
7.575000E0,1914,1.327185E1,3.544124E-2,1.370125E3,5.394061E2
7.579167E0,,,,,
7.583333E0,1916,1.329886E1,3.577316E-2,1.370959E3,5.393959E2
7.587500E0,,,,,
7.591667E0,1918,1.331640E1,5.011151E-2,1.371500E3,5.389533E2
7.595833E0,,,,,
7.600000E0,1920,1.336329E1,5.415500E-2,1.372947E3,5.388285E2
7.604167E0,,,,,
7.608333E0,1922,1.341973E1,6.430453E-2,1.374689E3,5.385153E2
7.612500E0,,,,,
7.616667E0,1924,1.347074E1,7.486686E-2,1.376264E3,5.381893E2
7.620833E0,,,,,
7.625000E0,1926,1.353467E1,9.232413E-2,1.378237E3,5.376505E2
7.629167E0,,,,,
7.633333E0,1928,1.360919E1,1.020795E-1,1.380537E3,5.373494E2
7.637500E0,,,,,
7.641667E0,1930,1.367540E1,1.260375E-1,1.382580E3,5.366100E2
7.645833E0,,,,,
7.650000E0,1932,1.374116E1,1.448099E-1,1.384610E3,5.360306E2
7.654167E0,,,,,
7.658333E0,1934,1.380477E1,1.638383E-1,1.386573E3,5.354433E2
7.662500E0,,,,,
7.666667E0,1936,1.384814E1,1.707185E-1,1.387912E3,5.352309E2
7.670833E0,,,,,
7.675000E0,1938,1.389063E1,1.761079E-1,1.389223E3,5.350646E2
7.679167E0,,,,,
7.683333E0,1940,1.392739E1,1.883146E-1,1.390358E3,5.346878E2
7.687500E0,,,,,
7.691667E0,1942,1.395497E1,1.923693E-1,1.391209E3,5.345627E2
7.695833E0,,,,,
7.700000E0,1944,1.398023E1,1.844311E-1,1.391989E3,5.348077E2
7.704167E0,,,,,
7.708333E0,1946,1.398728E1,1.939495E-1,1.392206E3,5.345139E2
7.712500E0,,,,,
7.716667E0,1948,1.400037E1,1.931048E-1,1.392610E3,5.345400E2
7.720833E0,,,,,
7.725000E0,1950,1.404546E1,2.119231E-1,1.394002E3,5.339592E2
7.729167E0,,,,,
7.733333E0,1952,1.408378E1,2.077618E-1,1.395185E3,5.340876E2
7.737500E0,,,,,
7.741667E0,1954,1.412286E1,2.052202E-1,1.396391E3,5.341660E2
7.745833E0,,,,,
7.750000E0,1956,1.418999E1,2.385943E-1,1.398463E3,5.331360E2
7.754167E0,,,,,
7.758333E0,1958,1.425459E1,2.341722E-1,1.400456E3,5.332725E2
7.762500E0,,,,,
7.766667E0,1960,1.431738E1,2.460429E-1,1.402394E3,5.329061E2
7.770833E0,,,,,
7.775000E0,1962,1.439414E1,2.658604E-1,1.404763E3,5.322944E2
7.779167E0,,,,,
7.783333E0,1964,1.445974E1,2.684337E-1,1.406788E3,5.322150E2
7.787500E0,,,,,
7.791667E0,1966,1.451629E1,2.895405E-1,1.408534E3,5.315636E2
7.795833E0,,,,,
7.800000E0,1968,1.458684E1,2.856968E-1,1.410711E3,5.316822E2
7.804167E0,,,,,
7.808333E0,1970,1.461629E1,2.968637E-1,1.411620E3,5.313375E2
7.812500E0,,,,,
7.816667E0,1972,1.464982E1,3.026481E-1,1.412655E3,5.311590E2
7.820833E0,,,,,
7.825000E0,1974,1.466985E1,3.197061E-1,1.413273E3,5.306325E2
7.829167E0,,,,,
7.833333E0,1976,1.467971E1,3.033791E-1,1.413577E3,5.311364E2
7.837500E0,,,,,
7.841667E0,1978,1.471045E1,3.134559E-1,1.414526E3,5.308254E2
7.845833E0,,,,,
7.850000E0,1980,1.474486E1,3.086606E-1,1.415588E3,5.309734E2
7.854167E0,,,,,
7.858333E0,1982,1.475886E1,3.161296E-1,1.416020E3,5.307429E2
7.862500E0,,,,,
7.866667E0,1984,1.480310E1,3.375483E-1,1.417386E3,5.300818E2
7.870833E0,,,,,
7.875000E0,1986,1.483932E1,3.351837E-1,1.418504E3,5.301548E2
7.879167E0,,,,,
7.883333E0,1988,1.491503E1,3.403916E-1,1.420841E3,5.299941E2
7.887500E0,,,,,
7.891667E0,1990,1.497699E1,3.326639E-1,1.422753E3,5.302326E2
7.895833E0,,,,,
7.900000E0,1992,1.489831E1,3.359762E-1,1.420324E3,5.301304E2
7.904167E0,,,,,
7.908333E0,1994,1.482807E1,3.451594E-1,1.418157E3,5.298469E2
7.912500E0,,,,,
7.916667E0,1996,1.476583E1,3.513281E-1,1.416235E3,5.296565E2
7.920833E0,,,,,
7.925000E0,1998,1.469249E1,3.505545E-1,1.413972E3,5.296804E2
7.929167E0,,,,,
7.933333E0,2000,1.464229E1,3.408088E-1,1.412422E3,5.299812E2
7.937500E0,,,,,
7.941667E0,2002,1.461168E1,3.391522E-1,1.411478E3,5.300323E2
7.945833E0,,,,,
7.950000E0,2004,1.455194E1,3.506434E-1,1.409634E3,5.296777E2
7.954167E0,,,,,
7.958333E0,2006,1.454176E1,3.396903E-1,1.409320E3,5.300157E2
7.962500E0,,,,,
7.966667E0,2008,1.452338E1,3.380311E-1,1.408753E3,5.300669E2
7.970833E0,,,,,
7.975000E0,2010,1.450304E1,3.371127E-1,1.408125E3,5.300953E2
7.979167E0,,,,,
7.983333E0,2012,1.447852E1,3.476480E-1,1.407368E3,5.297701E2
7.987500E0,,,,,
7.991667E0,2014,1.447162E1,3.490581E-1,1.407155E3,5.297266E2
7.995833E0,,,,,
8.000000E0,2016,1.441655E1,3.612285E-1,1.405455E3,5.293510E2
8.004167E0,,,,,
8.008333E0,2018,1.436871E1,3.535375E-1,1.403979E3,5.295884E2
8.012500E0,,,,,
8.016667E0,2020,1.430734E1,3.571638E-1,1.402085E3,5.294764E2
8.020833E0,,,,,
8.025000E0,2022,1.424705E1,3.824353E-1,1.400224E3,5.286964E2
8.029167E0,,,,,
8.033333E0,2024,1.416267E1,3.859050E-1,1.397619E3,5.285894E2
8.037500E0,,,,,
8.041667E0,2026,1.409462E1,4.106317E-1,1.395519E3,5.278262E2
8.045833E0,,,,,
8.050000E0,2028,1.403955E1,4.179369E-1,1.393819E3,5.276007E2
8.054167E0,,,,,
8.058333E0,2030,1.396654E1,4.435850E-1,1.391566E3,5.268091E2
8.062500E0,,,,,
8.066667E0,2032,1.391623E1,4.567020E-1,1.390013E3,5.264043E2
8.070833E0,,,,,
8.075000E0,2034,1.387566E1,4.549559E-1,1.388761E3,5.264582E2
8.079167E0,,,,,
8.083333E0,2036,1.385219E1,4.787536E-1,1.388037E3,5.257237E2
8.087500E0,,,,,
8.091667E0,2038,1.381912E1,4.865239E-1,1.387016E3,5.254838E2
8.095833E0,,,,,
8.100000E0,2040,1.380585E1,4.866661E-1,1.386606E3,5.254794E2
8.104167E0,,,,,
8.108333E0,2042,1.377311E1,4.960606E-1,1.385596E3,5.251895E2
8.112500E0,,,,,
8.116667E0,2044,1.376990E1,4.986284E-1,1.385497E3,5.251102E2
8.120833E0,,,,,
8.125000E0,2046,1.373359E1,5.108684E-1,1.384376E3,5.247325E2
8.129167E0,,,,,
8.133333E0,2048,1.369730E1,5.312176E-1,1.383256E3,5.241044E2
8.137500E0,,,,,
8.141667E0,2050,1.365780E1,5.514469E-1,1.382037E3,5.234800E2
8.145833E0,,,,,
8.150000E0,2052,1.360723E1,5.667675E-1,1.380476E3,5.230072E2
8.154167E0,,,,,
8.158333E0,2054,1.356148E1,6.137937E-1,1.379064E3,5.215557E2
8.162500E0,,,,,
8.166667E0,2056,1.348796E1,6.355395E-1,1.376795E3,5.208846E2
8.170833E0,,,,,
8.175000E0,2058,1.341807E1,6.809081E-1,1.374638E3,5.194843E2
8.179167E0,,,,,
8.183333E0,2060,1.336632E1,7.028464E-1,1.373041E3,5.188072E2
8.187500E0,,,,,
8.191667E0,2062,1.330394E1,7.365993E-1,1.371116E3,5.177655E2
8.195833E0,,,,,
8.200000E0,2064,1.326227E1,7.543224E-1,1.369829E3,5.172184E2
8.204167E0,,,,,
8.208333E0,2066,1.321645E1,7.958351E-1,1.368415E3,5.159372E2
8.212500E0,,,,,
8.216667E0,2068,1.320150E1,7.971943E-1,1.367954E3,5.158952E2
8.220833E0,,,,,
8.225000E0,2070,1.315584E1,8.168228E-1,1.366545E3,5.152894E2
8.229167E0,,,,,
8.233333E0,2072,1.315117E1,8.194291E-1,1.366400E3,5.152090E2
8.237500E0,,,,,
8.241667E0,2074,1.312748E1,8.378598E-1,1.365669E3,5.146401E2
8.245833E0,,,,,
8.250000E0,2076,1.311800E1,8.382252E-1,1.365376E3,5.146289E2
8.254167E0,,,,,
8.258333E0,2078,1.308673E1,8.608025E-1,1.364411E3,5.139320E2
8.262500E0,,,,,
8.266667E0,2080,1.305539E1,8.631916E-1,1.363444E3,5.138583E2
8.270833E0,,,,,
8.275000E0,2082,1.301897E1,8.895868E-1,1.362320E3,5.130436E2
8.279167E0,,,,,
8.283333E0,2084,1.297471E1,9.202467E-1,1.360954E3,5.120973E2
8.287500E0,,,,,
8.291667E0,2086,1.291557E1,9.565240E-1,1.359129E3,5.109777E2
8.295833E0,,,,,
8.300000E0,2088,1.284008E1,9.906226E-1,1.356799E3,5.099252E2
8.304167E0,,,,,
8.308333E0,2090,1.278339E1,1.042236E0,1.355049E3,5.083322E2
8.312500E0,,,,,
8.316667E0,2092,1.271777E1,1.066692E0,1.353024E3,5.075774E2
8.320833E0,,,,,
8.325000E0,2094,1.265728E1,1.103365E0,1.351157E3,5.064455E2
8.329167E0,,,,,
8.333333E0,2096,1.261450E1,1.125607E0,1.349837E3,5.057590E2
8.337500E0,,,,,
8.341667E0,2098,1.258832E1,1.142926E0,1.349028E3,5.052245E2
8.345833E0,,,,,
8.350000E0,2100,1.255769E1,1.152205E0,1.348083E3,5.049381E2
8.354167E0,,,,,
8.358333E0,2102,1.252984E1,1.162107E0,1.347223E3,5.046325E2
8.362500E0,,,,,
8.366667E0,2104,1.250074E1,1.173356E0,1.346325E3,5.042853E2
8.370833E0,,,,,
8.375000E0,2106,1.249361E1,1.181491E0,1.346105E3,5.040342E2
8.379167E0,,,,,
8.383333E0,2108,1.247035E1,1.187216E0,1.345387E3,5.038575E2
8.387500E0,,,,,
8.391667E0,2110,1.244361E1,1.205402E0,1.344562E3,5.032962E2
8.395833E0,,,,,
8.400000E0,2112,1.241609E1,1.220286E0,1.343713E3,5.028369E2
8.404167E0,,,,,
8.408333E0,2114,1.237789E1,1.236272E0,1.342534E3,5.023434E2
8.412500E0,,,,,
8.416667E0,2116,1.232055E1,1.257552E0,1.340764E3,5.016867E2
8.420833E0,,,,,
8.425000E0,2118,1.225061E1,1.297223E0,1.338605E3,5.004622E2
8.429167E0,,,,,
8.433333E0,2120,1.219467E1,1.329982E0,1.336879E3,4.994512E2
8.437500E0,,,,,
8.441667E0,2122,1.211755E1,1.342037E0,1.334498E3,4.990791E2
8.445833E0,,,,,
8.450000E0,2124,1.205612E1,1.383731E0,1.332602E3,4.977923E2
8.454167E0,,,,,
8.458333E0,2126,1.199973E1,1.423592E0,1.330862E3,4.965620E2
8.462500E0,,,,,
8.466667E0,2128,1.196465E1,1.441157E0,1.329779E3,4.960199E2
8.470833E0,,,,,
8.475000E0,2130,1.192943E1,1.468446E0,1.328692E3,4.951776E2
8.479167E0,,,,,
8.483333E0,2132,1.190010E1,1.480561E0,1.327787E3,4.948037E2
8.487500E0,,,,,
8.491667E0,2134,1.186765E1,1.494680E0,1.326785E3,4.943679E2
8.495833E0,,,,,
8.500000E0,2136,1.184289E1,1.499322E0,1.326021E3,4.942246E2
8.504167E0,,,,,
8.508333E0,2138,1.183278E1,1.511373E0,1.325709E3,4.938527E2
8.512500E0,,,,,
8.516667E0,2140,1.181310E1,1.525363E0,1.325102E3,4.934209E2
8.520833E0,,,,,
8.525000E0,2142,1.179418E1,1.518272E0,1.324518E3,4.936397E2
8.529167E0,,,,,
8.533333E0,2144,1.176027E1,1.558927E0,1.323471E3,4.923850E2
8.537500E0,,,,,
8.541667E0,2146,1.171561E1,1.584793E0,1.322093E3,4.915866E2
8.545833E0,,,,,
8.550000E0,2148,1.166624E1,1.590372E0,1.320569E3,4.914145E2
8.554167E0,,,,,
8.558333E0,2150,1.161673E1,1.623832E0,1.319041E3,4.903817E2
8.562500E0,,,,,
8.566667E0,2152,1.153442E1,1.662702E0,1.316501E3,4.891820E2
8.570833E0,,,,,
8.575000E0,2154,1.147170E1,1.687858E0,1.314565E3,4.884056E2
8.579167E0,,,,,
8.583333E0,2156,1.140802E1,1.709464E0,1.312599E3,4.877388E2
8.587500E0,,,,,
8.591667E0,2158,1.134780E1,1.745314E0,1.310741E3,4.866323E2
8.595833E0,,,,,
8.600000E0,2160,1.130646E1,1.771438E0,1.309465E3,4.858260E2
8.604167E0,,,,,
8.608333E0,2162,1.126228E1,1.787777E0,1.308101E3,4.853217E2
8.612500E0,,,,,
8.616667E0,2164,1.122934E1,1.807166E0,1.307085E3,4.847233E2
8.620833E0,,,,,
8.625000E0,2166,1.120756E1,1.818389E0,1.306412E3,4.843769E2
8.629167E0,,,,,
8.633333E0,2168,1.120023E1,1.820206E0,1.306186E3,4.843208E2
8.637500E0,,,,,
8.641667E0,2170,1.118189E1,1.834893E0,1.305620E3,4.838675E2
8.645833E0,,,,,
8.650000E0,2172,1.115707E1,1.838520E0,1.304854E3,4.837556E2
8.654167E0,,,,,
8.658333E0,2174,1.113885E1,1.857997E0,1.304292E3,4.831544E2
8.662500E0,,,,,
8.666667E0,2176,1.110469E1,1.876835E0,1.303237E3,4.825730E2
8.670833E0,,,,,
8.675000E0,2178,1.106638E1,1.903490E0,1.302055E3,4.817503E2
8.679167E0,,,,,
8.683333E0,2180,1.101182E1,1.938608E0,1.300371E3,4.806664E2
8.687500E0,,,,,
8.691667E0,2182,1.095307E1,1.967762E0,1.298558E3,4.797666E2
8.695833E0,,,,,
8.700000E0,2184,1.089742E1,2.019698E0,1.296840E3,4.781637E2
8.704167E0,,,,,
8.708333E0,2186,1.083242E1,2.050947E0,1.294834E3,4.771992E2
8.712500E0,,,,,
8.716667E0,2188,1.077251E1,2.095622E0,1.292985E3,4.758203E2
8.720833E0,,,,,
8.725000E0,2190,1.071575E1,2.117128E0,1.291233E3,4.751565E2
8.729167E0,,,,,
8.733333E0,2192,1.066434E1,2.141627E0,1.289646E3,4.744004E2
8.737500E0,,,,,
8.741667E0,2194,1.063743E1,2.162563E0,1.288816E3,4.737542E2
8.745833E0,,,,,
8.750000E0,2196,1.061874E1,2.196463E0,1.288239E3,4.727079E2
8.754167E0,,,,,
8.758333E0,2198,1.059620E1,2.204387E0,1.287543E3,4.724634E2
8.762500E0,,,,,
8.766667E0,2200,1.058449E1,2.216749E0,1.287182E3,4.720818E2
8.770833E0,,,,,
8.775000E0,2202,1.055306E1,2.222273E0,1.286212E3,4.719113E2
8.779167E0,,,,,
8.783333E0,2204,1.054462E1,2.247932E0,1.285951E3,4.711194E2
8.787500E0,,,,,
8.791667E0,2206,1.051595E1,2.245698E0,1.285066E3,4.711883E2
8.795833E0,,,,,
8.800000E0,2208,1.048001E1,2.281628E0,1.283957E3,4.700794E2
8.804167E0,,,,,
8.808333E0,2210,1.044845E1,2.288398E0,1.282983E3,4.698704E2
8.812500E0,,,,,
8.816667E0,2212,1.039118E1,2.320802E0,1.281215E3,4.688703E2
8.820833E0,,,,,
8.825000E0,2214,1.032357E1,2.348756E0,1.279129E3,4.680075E2
8.829167E0,,,,,
8.833333E0,2216,1.027274E1,2.382626E0,1.277560E3,4.669622E2
8.837500E0,,,,,
8.841667E0,2218,1.020771E1,2.433481E0,1.275553E3,4.653926E2
8.845833E0,,,,,
8.850000E0,2220,1.013921E1,2.455723E0,1.273439E3,4.647061E2
8.854167E0,,,,,
8.858333E0,2222,1.009120E1,2.488998E0,1.271957E3,4.636791E2
8.862500E0,,,,,
8.866667E0,2224,1.005047E1,2.515464E0,1.270700E3,4.628622E2
8.870833E0,,,,,
8.875000E0,2226,1.000431E1,2.536880E0,1.269275E3,4.622012E2
8.879167E0,,,,,
8.883333E0,2228,9.963296E0,2.546094E0,1.268009E3,4.619169E2
8.887500E0,,,,,
8.891667E0,2230,9.951955E0,2.552391E0,1.267659E3,4.617225E2
8.895833E0,,,,,
8.900000E0,2232,9.933551E0,2.559574E0,1.267091E3,4.615008E2
8.904167E0,,,,,
8.908333E0,2234,9.918640E0,2.569260E0,1.266631E3,4.612019E2
8.912500E0,,,,,
8.916667E0,2236,9.895947E0,2.565629E0,1.265930E3,4.613139E2
8.920833E0,,,,,
8.925000E0,2238,9.861491E0,2.588897E0,1.264867E3,4.605958E2
8.929167E0,,,,,
8.933333E0,2240,9.831684E0,2.606524E0,1.263947E3,4.600517E2
8.937500E0,,,,,
8.941667E0,2242,9.793510E0,2.620707E0,1.262769E3,4.596140E2
8.945833E0,,,,,
8.950000E0,2244,9.725991E0,2.640961E0,1.260685E3,4.589889E2
8.954167E0,,,,,
8.958333E0,2246,9.663773E0,2.670045E0,1.258765E3,4.580912E2
8.962500E0,,,,,
8.966667E0,2248,9.602701E0,2.688850E0,1.256880E3,4.575108E2
8.970833E0,,,,,
8.975000E0,2250,9.542029E0,2.710421E0,1.255007E3,4.568450E2
8.979167E0,,,,,
8.983333E0,2252,9.469578E0,2.739039E0,1.252771E3,4.559618E2
8.987500E0,,,,,
8.991667E0,2254,9.400159E0,2.756532E0,1.250628E3,4.554218E2
8.995833E0,,,,,
9.000000E0,2256,9.353537E0,2.788408E0,1.249189E3,4.544380E2
9.004167E0,,,,,
9.008333E0,2258,9.316297E0,2.796279E0,1.248040E3,4.541951E2
9.012500E0,,,,,
9.016667E0,2260,9.287287E0,2.806218E0,1.247145E3,4.538883E2
9.020833E0,,,,,
9.025000E0,2262,9.263957E0,2.803849E0,1.246425E3,4.539615E2
9.029167E0,,,,,
9.033333E0,2264,9.246923E0,2.824032E0,1.245899E3,4.533385E2
9.037500E0,,,,,
9.041667E0,2266,9.236670E0,2.832542E0,1.245582E3,4.530759E2
9.045833E0,,,,,
9.050000E0,2268,9.209340E0,2.830418E0,1.244739E3,4.531414E2
9.054167E0,,,,,
9.058333E0,2270,9.182553E0,2.831765E0,1.243912E3,4.530999E2
9.062500E0,,,,,
9.066667E0,2272,9.130481E0,2.860009E0,1.242305E3,4.522281E2
9.070833E0,,,,,
9.075000E0,2274,9.104294E0,2.864470E0,1.241497E3,4.520904E2
9.079167E0,,,,,
9.083333E0,2276,9.048783E0,2.889087E0,1.239783E3,4.513306E2
9.087500E0,,,,,
9.091667E0,2278,8.989138E0,2.909041E0,1.237943E3,4.507148E2
9.095833E0,,,,,
9.100000E0,2280,8.918154E0,2.947482E0,1.235752E3,4.495283E2
9.104167E0,,,,,
9.108333E0,2282,8.857539E0,2.979072E0,1.233881E3,4.485533E2
9.112500E0,,,,,
9.116667E0,2284,8.780692E0,2.993026E0,1.231509E3,4.481227E2
9.120833E0,,,,,
9.125000E0,2286,8.733679E0,3.024858E0,1.230058E3,4.471402E2
9.129167E0,,,,,
9.133333E0,2288,8.672987E0,3.043680E0,1.228185E3,4.465593E2
9.137500E0,,,,,
9.141667E0,2290,8.640344E0,3.067065E0,1.227177E3,4.458375E2
9.145833E0,,,,,
9.150000E0,2292,8.607187E0,3.068052E0,1.226154E3,4.458070E2
9.154167E0,,,,,
9.158333E0,2294,8.594246E0,3.087704E0,1.225755E3,4.452005E2
9.162500E0,,,,,
9.166667E0,2296,8.565597E0,3.088320E0,1.224870E3,4.451815E2
9.170833E0,,,,,
9.175000E0,2298,8.551991E0,3.100629E0,1.224450E3,4.448016E2
9.179167E0,,,,,
9.183333E0,2300,8.530089E0,3.115222E0,1.223774E3,4.443512E2
9.187500E0,,,,,
9.191667E0,2302,8.510976E0,3.113632E0,1.223184E3,4.444003E2
9.195833E0,,,,,
9.200000E0,2304,8.466138E0,3.137800E0,1.221801E3,4.436543E2
9.204167E0,,,,,
9.208333E0,2306,8.436115E0,3.154391E0,1.220874E3,4.431422E2
9.212500E0,,,,,
9.216667E0,2308,8.365065E0,3.175964E0,1.218681E3,4.424764E2
9.220833E0,,,,,
9.225000E0,2310,8.316155E0,3.197510E0,1.217171E3,4.418114E2
9.229167E0,,,,,
9.233333E0,2312,8.232618E0,3.229347E0,1.214593E3,4.408288E2
9.237500E0,,,,,
9.241667E0,2314,8.174394E0,3.254242E0,1.212796E3,4.400604E2
9.245833E0,,,,,
9.250000E0,2316,8.106233E0,3.288399E0,1.210692E3,4.390062E2
9.254167E0,,,,,
9.258333E0,2318,8.053776E0,3.311293E0,1.209073E3,4.382996E2
9.262500E0,,,,,
9.266667E0,2320,8.002483E0,3.338771E0,1.207490E3,4.374515E2
9.270833E0,,,,,
9.275000E0,2322,7.965721E0,3.349139E0,1.206356E3,4.371315E2
9.279167E0,,,,,
9.283333E0,2324,7.924231E0,3.363253E0,1.205075E3,4.366959E2
9.287500E0,,,,,
9.291667E0,2326,7.898112E0,3.379418E0,1.204269E3,4.361970E2
9.295833E0,,,,,
9.300000E0,2328,7.882351E0,3.374565E0,1.203782E3,4.363468E2
9.304167E0,,,,,
9.308333E0,2330,7.865191E0,3.377190E0,1.203253E3,4.362657E2
9.312500E0,,,,,
9.316667E0,2332,7.846360E0,3.388502E0,1.202672E3,4.359166E2
9.320833E0,,,,,
9.325000E0,2334,7.823323E0,3.397985E0,1.201961E3,4.356239E2
9.329167E0,,,,,
9.333333E0,2336,7.788906E0,3.428590E0,1.200898E3,4.346793E2
9.337500E0,,,,,
9.341667E0,2338,7.748999E0,3.455328E0,1.199667E3,4.338541E2
9.345833E0,,,,,
9.350000E0,2340,7.691151E0,3.469481E0,1.197881E3,4.334172E2
9.354167E0,,,,,
9.358333E0,2342,7.632556E0,3.504681E0,1.196073E3,4.323308E2
9.362500E0,,,,,
9.366667E0,2344,7.572163E0,3.540160E0,1.194209E3,4.312358E2
9.370833E0,,,,,
9.375000E0,2346,7.515386E0,3.579732E0,1.192456E3,4.300144E2
9.379167E0,,,,,
9.383333E0,2348,7.445702E0,3.615109E0,1.190306E3,4.289226E2
9.387500E0,,,,,
9.391667E0,2350,7.393210E0,3.624164E0,1.188685E3,4.286431E2
9.395833E0,,,,,
9.400000E0,2352,7.347691E0,3.658662E0,1.187281E3,4.275783E2
9.404167E0,,,,,
9.408333E0,2354,7.303708E0,3.682914E0,1.185923E3,4.268298E2
9.412500E0,,,,,
9.416667E0,2356,7.279114E0,3.695775E0,1.185164E3,4.264329E2
9.420833E0,,,,,
9.425000E0,2358,7.256129E0,3.711398E0,1.184455E3,4.259507E2
9.429167E0,,,,,
9.433333E0,2360,7.248765E0,3.725653E0,1.184227E3,4.255107E2
9.437500E0,,,,,
9.441667E0,2362,7.232102E0,3.719311E0,1.183713E3,4.257065E2
9.445833E0,,,,,
9.450000E0,2364,7.204295E0,3.746393E0,1.182855E3,4.248706E2
9.454167E0,,,,,
9.458333E0,2366,7.182427E0,3.765146E0,1.182180E3,4.242918E2
9.462500E0,,,,,
9.466667E0,2368,7.153940E0,3.779841E0,1.181301E3,4.238382E2
9.470833E0,,,,,
9.475000E0,2370,7.120466E0,3.792562E0,1.180267E3,4.234456E2
9.479167E0,,,,,
9.483333E0,2372,7.069458E0,3.838236E0,1.178693E3,4.220359E2
9.487500E0,,,,,
9.491667E0,2374,7.004005E0,3.881759E0,1.176673E3,4.206926E2
9.495833E0,,,,,
9.500000E0,2376,6.952786E0,3.928130E0,1.175092E3,4.192614E2
9.504167E0,,,,,
9.508333E0,2378,6.888157E0,3.968424E0,1.173097E3,4.180178E2
9.512500E0,,,,,
9.516667E0,2380,6.829289E0,4.001268E0,1.171281E3,4.170041E2
9.520833E0,,,,,
9.525000E0,2382,6.770517E0,4.030739E0,1.169467E3,4.160945E2
9.529167E0,,,,,
9.533333E0,2384,6.729224E0,4.060884E0,1.168192E3,4.151641E2
9.537500E0,,,,,
9.541667E0,2386,6.696970E0,4.072247E0,1.167197E3,4.148134E2
9.545833E0,,,,,
9.550000E0,2388,6.661571E0,4.094338E0,1.166104E3,4.141315E2
9.554167E0,,,,,
9.558333E0,2390,6.646024E0,4.115891E0,1.165624E3,4.134663E2
9.562500E0,,,,,
9.566667E0,2392,6.625205E0,4.115838E0,1.164982E3,4.134680E2
9.570833E0,,,,,
9.575000E0,2394,6.608846E0,4.125995E0,1.164477E3,4.131545E2
9.579167E0,,,,,
9.583333E0,2396,6.586263E0,4.125053E0,1.163780E3,4.131835E2
9.587500E0,,,,,
9.591667E0,2398,6.565991E0,4.153167E0,1.163154E3,4.123158E2
9.595833E0,,,,,
9.600000E0,2400,6.534838E0,4.164777E0,1.162193E3,4.119575E2
9.604167E0,,,,,
9.608333E0,2402,6.486252E0,4.190057E0,1.160693E3,4.111772E2
9.612500E0,,,,,
9.616667E0,2404,6.438792E0,4.216954E0,1.159228E3,4.103471E2
9.620833E0,,,,,
9.625000E0,2406,6.371199E0,4.247395E0,1.157142E3,4.094076E2
9.629167E0,,,,,
9.633333E0,2408,6.302885E0,4.270510E0,1.155033E3,4.086941E2
9.637500E0,,,,,
9.641667E0,2410,6.250261E0,4.296097E0,1.153409E3,4.079044E2
9.645833E0,,,,,
9.650000E0,2412,6.173378E0,4.316025E0,1.151036E3,4.072894E2
9.654167E0,,,,,
9.658333E0,2414,6.116798E0,4.335283E0,1.149290E3,4.066950E2
9.662500E0,,,,,
9.666667E0,2416,6.059363E0,4.361579E0,1.147517E3,4.058834E2
9.670833E0,,,,,
9.675000E0,2418,6.021222E0,4.374721E0,1.146340E3,4.054777E2
9.679167E0,,,,,
9.683333E0,2420,5.998933E0,4.386234E0,1.145652E3,4.051224E2
9.687500E0,,,,,
9.691667E0,2422,5.962635E0,4.386798E0,1.144532E3,4.051050E2
9.695833E0,,,,,
9.700000E0,2424,5.948385E0,4.394589E0,1.144092E3,4.048645E2
9.704167E0,,,,,
9.708333E0,2426,5.931096E0,4.404997E0,1.143559E3,4.045433E2
9.712500E0,,,,,
9.716667E0,2428,5.899062E0,4.409122E0,1.142570E3,4.044160E2
9.720833E0,,,,,
9.725000E0,2430,5.885886E0,4.436866E0,1.142163E3,4.035597E2
9.729167E0,,,,,
9.733333E0,2432,5.855109E0,4.429660E0,1.141213E3,4.037821E2
9.737500E0,,,,,
9.741667E0,2434,5.802566E0,4.448103E0,1.139592E3,4.032129E2
9.745833E0,,,,,
9.750000E0,2436,5.744947E0,4.463823E0,1.137813E3,4.027277E2
9.754167E0,,,,,
9.758333E0,2438,5.680611E0,4.482176E0,1.135827E3,4.021612E2
9.762500E0,,,,,
9.766667E0,2440,5.613124E0,4.493067E0,1.133745E3,4.018251E2
9.770833E0,,,,,
9.775000E0,2442,5.534144E0,4.519772E0,1.131307E3,4.010009E2
9.779167E0,,,,,
9.783333E0,2444,5.463353E0,4.536721E0,1.129122E3,4.004778E2
9.787500E0,,,,,
9.791667E0,2446,5.413811E0,4.552164E0,1.127593E3,4.000011E2
9.795833E0,,,,,
9.800000E0,2448,5.351275E0,4.561149E0,1.125663E3,3.997238E2
9.804167E0,,,,,
9.808333E0,2450,5.314555E0,4.576710E0,1.124529E3,3.992435E2
9.812500E0,,,,,
9.816667E0,2452,5.291698E0,4.582263E0,1.123824E3,3.990721E2
9.820833E0,,,,,
9.825000E0,2454,5.259321E0,4.579091E0,1.122825E3,3.991700E2
9.829167E0,,,,,
9.833333E0,2456,5.260495E0,4.591839E0,1.122861E3,3.987766E2
9.837500E0,,,,,
9.841667E0,2458,5.234811E0,4.596470E0,1.122068E3,3.986336E2
9.845833E0,,,,,
9.850000E0,2460,5.205905E0,4.602158E0,1.121176E3,3.984581E2
9.854167E0,,,,,
9.858333E0,2462,5.181756E0,4.601641E0,1.120431E3,3.984741E2
9.862500E0,,,,,
9.866667E0,2464,5.147399E0,4.616020E0,1.119370E3,3.980302E2
9.870833E0,,,,,
9.875000E0,2466,5.073851E0,4.611555E0,1.117100E3,3.981681E2
9.879167E0,,,,,
9.883333E0,2468,5.035429E0,4.616599E0,1.115914E3,3.980124E2
9.887500E0,,,,,
9.891667E0,2470,4.969526E0,4.637502E0,1.113880E3,3.973672E2
9.895833E0,,,,,
9.900000E0,2472,4.886363E0,4.640401E0,1.111314E3,3.972777E2
9.904167E0,,,,,
9.908333E0,2474,4.822402E0,4.654021E0,1.109340E3,3.968574E2
9.912500E0,,,,,
9.916667E0,2476,4.760629E0,4.667510E0,1.107433E3,3.964411E2
9.920833E0,,,,,
9.925000E0,2478,4.693191E0,4.679460E0,1.105352E3,3.960722E2
9.929167E0,,,,,
9.933333E0,2480,4.629226E0,4.692040E0,1.103377E3,3.956839E2
9.937500E0,,,,,
9.941667E0,2482,4.596608E0,4.702454E0,1.102371E3,3.953625E2
9.945833E0,,,,,
9.950000E0,2484,4.567732E0,4.701276E0,1.101479E3,3.953989E2
9.954167E0,,,,,
9.958333E0,2486,4.521579E0,4.703963E0,1.100055E3,3.953160E2
9.962500E0,,,,,
9.966667E0,2488,4.520656E0,4.709537E0,1.100026E3,3.951439E2
9.970833E0,,,,,
9.975000E0,2490,4.498084E0,4.728048E0,1.099330E3,3.945726E2
9.979167E0,,,,,
9.983333E0,2492,4.487741E0,4.725873E0,1.099011E3,3.946397E2
9.987500E0,,,,,
9.991667E0,2494,4.453009E0,4.740736E0,1.097939E3,3.941810E2
