,C,,,,,
t,frame,x,y,pixelx,pixely,
0.000000E0,96,8.000685E0,-4.006863E0,1.207435E3,6.641686E2
4.166667E-3,,,,,
8.333333E-3,98,7.983051E0,-4.015692E0,1.206890E3,6.644411E2
1.250000E-2,,,,,
1.666667E-2,100,7.962635E0,-4.037111E0,1.206260E3,6.651022E2
2.083333E-2,,,,,
2.500000E-2,102,7.951216E0,-4.061753E0,1.205908E3,6.658628E2
2.916667E-2,,,,,
3.333333E-2,104,7.943477E0,-4.071042E0,1.205669E3,6.661495E2
3.750000E-2,,,,,
4.166667E-2,106,7.936612E0,-4.089516E0,1.205457E3,6.667196E2
4.583333E-2,,,,,
5.000000E-2,108,7.908350E0,-4.106660E0,1.204585E3,6.672488E2
5.416667E-2,,,,,
5.833333E-2,110,7.891739E0,-4.146066E0,1.204072E3,6.684650E2
6.250000E-2,,,,,
6.666667E-2,112,7.855046E0,-4.182440E0,1.202940E3,6.695877E2
7.083333E-2,,,,,
7.500000E-2,114,7.815849E0,-4.236503E0,1.201730E3,6.712563E2
7.916667E-2,,,,,
8.333333E-2,116,7.774907E0,-4.276800E0,1.200466E3,6.725000E2
8.750000E-2,,,,,
9.166667E-2,118,7.732542E0,-4.332501E0,1.199159E3,6.742192E2
9.583333E-2,,,,,
1.000000E-1,120,7.669290E0,-4.394222E0,1.197206E3,6.761241E2
1.041667E-1,,,,,
1.083333E-1,122,7.625842E0,-4.469454E0,1.195865E3,6.784461E2
1.125000E-1,,,,,
1.166667E-1,124,7.563400E0,-4.522866E0,1.193938E3,6.800946E2
1.208333E-1,,,,,
1.250000E-1,126,7.526984E0,-4.577171E0,1.192814E3,6.817707E2
1.291667E-1,,,,,
1.333333E-1,128,7.488933E0,-4.605902E0,1.191640E3,6.826575E2
1.375000E-1,,,,,
1.416667E-1,130,7.436782E0,-4.660868E0,1.190030E3,6.843540E2
1.458333E-1,,,,,
1.500000E-1,132,7.410510E0,-4.692370E0,1.189219E3,6.853262E2
1.541667E-1,,,,,
1.583333E-1,134,7.399128E0,-4.707326E0,1.188868E3,6.857879E2
1.625000E-1,,,,,
1.666667E-1,136,7.378282E0,-4.735785E0,1.188225E3,6.866662E2
1.708333E-1,,,,,
1.750000E-1,138,7.355999E0,-4.747937E0,1.187537E3,6.870413E2
1.791667E-1,,,,,
1.833333E-1,140,7.337243E0,-4.760906E0,1.186958E3,6.874415E2
1.875000E-1,,,,,
1.916667E-1,142,7.322370E0,-4.774620E0,1.186499E3,6.878648E2
1.958333E-1,,,,,
2.000000E-1,144,7.309410E0,-4.796483E0,1.186099E3,6.885396E2
2.041667E-1,,,,,
2.083333E-1,146,7.289925E0,-4.823335E0,1.185498E3,6.893684E2
2.125000E-1,,,,,
2.166667E-1,148,7.259426E0,-4.855870E0,1.184556E3,6.903725E2
2.208333E-1,,,,,
2.250000E-1,150,7.212927E0,-4.892954E0,1.183121E3,6.915171E2
2.291667E-1,,,,,
2.333333E-1,152,7.155155E0,-4.928179E0,1.181338E3,6.926043E2
2.375000E-1,,,,,
2.416667E-1,154,7.109952E0,-4.977821E0,1.179943E3,6.941365E2
2.458333E-1,,,,,
2.500000E-1,156,7.046990E0,-5.024308E0,1.178000E3,6.955712E2
2.541667E-1,,,,,
2.583333E-1,158,6.996329E0,-5.082802E0,1.176436E3,6.973766E2
2.625000E-1,,,,,
2.666667E-1,160,6.923878E0,-5.142283E0,1.174200E3,6.992124E2
2.708333E-1,,,,,
2.750000E-1,162,6.886201E0,-5.200183E0,1.173037E3,7.009995E2
2.791667E-1,,,,,
2.833333E-1,164,6.832623E0,-5.236310E0,1.171383E3,7.021145E2
2.875000E-1,,,,,
2.916667E-1,166,6.801861E0,-5.280948E0,1.170434E3,7.034922E2
2.958333E-1,,,,,
3.000000E-1,168,6.759748E0,-5.309277E0,1.169134E3,7.043666E2
3.041667E-1,,,,,
3.083333E-1,170,6.747696E0,-5.349677E0,1.168762E3,7.056135E2
3.125000E-1,,,,,
3.166667E-1,172,6.721476E0,-5.375849E0,1.167953E3,7.064213E2
3.208333E-1,,,,,
3.250000E-1,174,6.697488E0,-5.384738E0,1.167213E3,7.066956E2
3.291667E-1,,,,,
3.333333E-1,176,6.685155E0,-5.401857E0,1.166832E3,7.072240E2
3.375000E-1,,,,,
3.416667E-1,178,6.666407E0,-5.424073E0,1.166253E3,7.079097E2
3.458333E-1,,,,,
3.500000E-1,180,6.661638E0,-5.432942E0,1.166106E3,7.081834E2
3.541667E-1,,,,,
3.583333E-1,182,6.634274E0,-5.465118E0,1.165262E3,7.091765E2
3.625000E-1,,,,,
3.666667E-1,184,6.611596E0,-5.476780E0,1.164562E3,7.095364E2
3.708333E-1,,,,,
3.750000E-1,186,6.586655E0,-5.518088E0,1.163792E3,7.108114E2
3.791667E-1,,,,,
3.833333E-1,188,6.524771E0,-5.555559E0,1.161882E3,7.119679E2
3.875000E-1,,,,,
3.916667E-1,190,6.484009E0,-5.594827E0,1.160624E3,7.131798E2
3.958333E-1,,,,,
4.000000E-1,192,6.417051E0,-5.654421E0,1.158557E3,7.150192E2
4.041667E-1,,,,,
4.083333E-1,194,6.348591E0,-5.713114E0,1.156444E3,7.168307E2
4.125000E-1,,,,,
4.166667E-1,196,6.293223E0,-5.746196E0,1.154735E3,7.178517E2
4.208333E-1,,,,,
4.250000E-1,198,6.234765E0,-5.799415E0,1.152931E3,7.194943E2
4.291667E-1,,,,,
4.333333E-1,200,6.178226E0,-5.843825E0,1.151186E3,7.208650E2
4.375000E-1,,,,,
4.416667E-1,202,6.125319E0,-5.891509E0,1.149553E3,7.223367E2
4.458333E-1,,,,,
4.500000E-1,204,6.071432E0,-5.909093E0,1.147890E3,7.228794E2
4.541667E-1,,,,,
4.583333E-1,206,6.059779E0,-5.945863E0,1.147530E3,7.240143E2
4.625000E-1,,,,,
4.666667E-1,208,6.037382E0,-5.971571E0,1.146839E3,7.248077E2
4.708333E-1,,,,,
4.750000E-1,210,6.011806E0,-5.974898E0,1.146050E3,7.249104E2
4.791667E-1,,,,,
4.833333E-1,212,5.999950E0,-5.993351E0,1.145684E3,7.254800E2
4.875000E-1,,,,,
4.916667E-1,214,5.984314E0,-5.999664E0,1.145201E3,7.256748E2
4.958333E-1,,,,,
5.000000E-1,216,5.965083E0,-6.032738E0,1.144608E3,7.266956E2
5.041667E-1,,,,,
5.083333E-1,218,5.931335E0,-6.031179E0,1.143566E3,7.266475E2
5.125000E-1,,,,,
5.166667E-1,220,5.901223E0,-6.052794E0,1.142637E3,7.273146E2
5.208333E-1,,,,,
5.250000E-1,222,5.873426E0,-6.074095E0,1.141779E3,7.279721E2
5.291667E-1,,,,,
5.333333E-1,224,5.816884E0,-6.100928E0,1.140033E3,7.288002E2
5.375000E-1,,,,,
5.416667E-1,226,5.766609E0,-6.130654E0,1.138482E3,7.297177E2
5.458333E-1,,,,,
5.500000E-1,228,5.691411E0,-6.180514E0,1.136161E3,7.312566E2
5.541667E-1,,,,,
5.583333E-1,230,5.641016E0,-6.212640E0,1.134605E3,7.322481E2
5.625000E-1,,,,,
5.666667E-1,232,5.568213E0,-6.250203E0,1.132358E3,7.334075E2
5.708333E-1,,,,,
5.750000E-1,234,5.500670E0,-6.290083E0,1.130274E3,7.346384E2
5.791667E-1,,,,,
5.833333E-1,236,5.437728E0,-6.333558E0,1.128331E3,7.359802E2
5.875000E-1,,,,,
5.916667E-1,238,5.383288E0,-6.357022E0,1.126651E3,7.367044E2
5.958333E-1,,,,,
6.000000E-1,240,5.323626E0,-6.385499E0,1.124809E3,7.375833E2
6.041667E-1,,,,,
6.083333E-1,242,5.287051E0,-6.416240E0,1.123681E3,7.385321E2
6.125000E-1,,,,,
6.166667E-1,244,5.253699E0,-6.433647E0,1.122651E3,7.390693E2
6.208333E-1,,,,,
6.250000E-1,246,5.233952E0,-6.440238E0,1.122042E3,7.392728E2
6.291667E-1,,,,,
6.333333E-1,248,5.218381E0,-6.462386E0,1.121561E3,7.399564E2
6.375000E-1,,,,,
6.416667E-1,250,5.193475E0,-6.461204E0,1.120792E3,7.399199E2
6.458333E-1,,,,,
6.500000E-1,252,5.171482E0,-6.478537E0,1.120114E3,7.404548E2
6.541667E-1,,,,,
6.583333E-1,254,5.160133E0,-6.490592E0,1.119763E3,7.408269E2
6.625000E-1,,,,,
6.666667E-1,256,5.131755E0,-6.503116E0,1.118888E3,7.412135E2
6.708333E-1,,,,,
6.750000E-1,258,5.089167E0,-6.528521E0,1.117573E3,7.419976E2
6.791667E-1,,,,,
6.833333E-1,260,5.055796E0,-6.561447E0,1.116543E3,7.430138E2
6.875000E-1,,,,,
6.916667E-1,262,5.000746E0,-6.584728E0,1.114844E3,7.437323E2
6.958333E-1,,,,,
7.000000E-1,264,4.924926E0,-6.623577E0,1.112504E3,7.449314E2
7.041667E-1,,,,,
7.083333E-1,266,4.871913E0,-6.655759E0,1.110868E3,7.459247E2
7.125000E-1,,,,,
7.166667E-1,268,4.789107E0,-6.694433E0,1.108312E3,7.471183E2
7.208333E-1,,,,,
7.250000E-1,270,4.729811E0,-6.729982E0,1.106482E3,7.482155E2
7.291667E-1,,,,,
7.333333E-1,272,4.662535E0,-6.778109E0,1.104405E3,7.497009E2
7.375000E-1,,,,,
7.416667E-1,274,4.603817E0,-6.803290E0,1.102593E3,7.504781E2
7.458333E-1,,,,,
7.500000E-1,276,4.555273E0,-6.829290E0,1.101095E3,7.512806E2
7.541667E-1,,,,,
7.583333E-1,278,4.504987E0,-6.874877E0,1.099543E3,7.526876E2
7.625000E-1,,,,,
7.666667E-1,280,4.463738E0,-6.884302E0,1.098270E3,7.529784E2
7.708333E-1,,,,,
7.750000E-1,282,4.453450E0,-6.900169E0,1.097952E3,7.534682E2
7.791667E-1,,,,,
7.833333E-1,284,4.413947E0,-6.924742E0,1.096733E3,7.542266E2
7.875000E-1,,,,,
7.916667E-1,286,4.395371E0,-6.932038E0,1.096160E3,7.544518E2
7.958333E-1,,,,,
8.000000E-1,288,4.379259E0,-6.946537E0,1.095662E3,7.548993E2
8.041667E-1,,,,,
8.083333E-1,290,4.380527E0,-6.952644E0,1.095701E3,7.550878E2
8.125000E-1,,,,,
8.166667E-1,292,4.343118E0,-6.964319E0,1.094547E3,7.554481E2
8.208333E-1,,,,,
8.250000E-1,294,4.313703E0,-6.994040E0,1.093639E3,7.563654E2
8.291667E-1,,,,,
8.333333E-1,296,4.266744E0,-7.010414E0,1.092190E3,7.568708E2
8.375000E-1,,,,,
8.416667E-1,298,4.241088E0,-7.051131E0,1.091398E3,7.581275E2
8.458333E-1,,,,,
8.500000E-1,300,4.181273E0,-7.094840E0,1.089552E3,7.594765E2
8.541667E-1,,,,,
8.583333E-1,302,4.108678E0,-7.130504E0,1.087311E3,7.605773E2
8.625000E-1,,,,,
8.666667E-1,304,4.049498E0,-7.157373E0,1.085484E3,7.614066E2
8.708333E-1,,,,,
8.750000E-1,306,3.981223E0,-7.204221E0,1.083377E3,7.628525E2
8.791667E-1,,,,,
8.833333E-1,308,3.918161E0,-7.264234E0,1.081431E3,7.647048E2
8.875000E-1,,,,,
8.916667E-1,310,3.864707E0,-7.299050E0,1.079781E3,7.657793E2
8.958333E-1,,,,,
9.000000E-1,312,3.812145E0,-7.336925E0,1.078159E3,7.669483E2
9.041667E-1,,,,,
9.083333E-1,314,3.762910E0,-7.358514E0,1.076639E3,7.676146E2
9.125000E-1,,,,,
9.166667E-1,316,3.717628E0,-7.395234E0,1.075242E3,7.687480E2
9.208333E-1,,,,,
9.250000E-1,318,3.687499E0,-7.416937E0,1.074312E3,7.694178E2
9.291667E-1,,,,,
9.333333E-1,320,3.651499E0,-7.419453E0,1.073201E3,7.694955E2
9.375000E-1,,,,,
9.416667E-1,322,3.654505E0,-7.446908E0,1.073293E3,7.703428E2
9.458333E-1,,,,,
9.500000E-1,324,3.625960E0,-7.457304E0,1.072412E3,7.706637E2
9.541667E-1,,,,,
9.583333E-1,326,3.603346E0,-7.466279E0,1.071714E3,7.709407E2
9.625000E-1,,,,,
9.666667E-1,328,3.606531E0,-7.471265E0,1.071813E3,7.710946E2
9.708333E-1,,,,,
9.750000E-1,330,3.566833E0,-7.504237E0,1.070587E3,7.721122E2
9.791667E-1,,,,,
9.833333E-1,332,3.533738E0,-7.535515E0,1.069566E3,7.730776E2
9.875000E-1,,,,,
9.916667E-1,334,3.505801E0,-7.569713E0,1.068704E3,7.741331E2
9.958333E-1,,,,,
1.000000E0,336,3.460219E0,-7.603955E0,1.067297E3,7.751900E2
1.004167E0,,,,,
1.008333E0,338,3.398467E0,-7.643012E0,1.065391E3,7.763954E2
1.012500E0,,,,,
1.016667E0,340,3.338946E0,-7.701749E0,1.063554E3,7.782083E2
1.020833E0,,,,,
1.025000E0,342,3.283490E0,-7.736815E0,1.061842E3,7.792906E2
1.029167E0,,,,,
1.033333E0,344,3.230726E0,-7.802704E0,1.060214E3,7.813242E2
1.037500E0,,,,,
1.041667E0,346,3.165583E0,-7.847262E0,1.058203E3,7.826994E2
1.045833E0,,,,,
1.050000E0,348,3.113993E0,-7.891611E0,1.056611E3,7.840682E2
1.054167E0,,,,,
1.058333E0,350,3.064010E0,-7.943670E0,1.055068E3,7.856750E2
1.062500E0,,,,,
1.066667E0,352,3.038452E0,-7.973247E0,1.054279E3,7.865879E2
1.070833E0,,,,,
1.075000E0,354,2.995410E0,-7.995461E0,1.052951E3,7.872735E2
1.079167E0,,,,,
1.083333E0,356,2.987528E0,-8.030243E0,1.052708E3,7.883470E2
1.087500E0,,,,,
1.091667E0,358,2.965118E0,-8.045327E0,1.052016E3,7.888126E2
1.095833E0,,,,,
1.100000E0,360,2.954531E0,-8.070159E0,1.051689E3,7.895790E2
1.104167E0,,,,,
1.108333E0,362,2.948676E0,-8.080730E0,1.051509E3,7.899053E2
1.112500E0,,,,,
1.116667E0,364,2.915264E0,-8.095902E0,1.050477E3,7.903735E2
1.120833E0,,,,,
1.125000E0,366,2.896736E0,-8.120493E0,1.049905E3,7.911325E2
1.129167E0,,,,,
1.133333E0,368,2.878537E0,-8.145187E0,1.049344E3,7.918947E2
1.137500E0,,,,,
1.141667E0,370,2.831477E0,-8.166332E0,1.047891E3,7.925473E2
1.145833E0,,,,,
1.150000E0,372,2.807246E0,-8.217562E0,1.047143E3,7.941285E2
1.154167E0,,,,,
1.158333E0,374,2.753850E0,-8.261494E0,1.045495E3,7.954844E2
1.162500E0,,,,,
1.166667E0,376,2.695876E0,-8.308468E0,1.043706E3,7.969342E2
1.170833E0,,,,,
1.175000E0,378,2.646656E0,-8.360738E0,1.042187E3,7.985475E2
1.179167E0,,,,,
1.183333E0,380,2.595222E0,-8.424370E0,1.040599E3,8.005114E2
1.187500E0,,,,,
1.191667E0,382,2.543905E0,-8.476803E0,1.039016E3,8.021297E2
1.195833E0,,,,,
1.200000E0,384,2.482226E0,-8.535564E0,1.037112E3,8.039433E2
1.204167E0,,,,,
1.208333E0,386,2.438172E0,-8.582064E0,1.035752E3,8.053785E2
1.212500E0,,,,,
1.216667E0,388,2.402714E0,-8.624710E0,1.034658E3,8.066947E2
1.220833E0,,,,,
1.225000E0,390,2.374414E0,-8.649863E0,1.033784E3,8.074711E2
1.229167E0,,,,,
1.233333E0,392,2.347363E0,-8.681533E0,1.032949E3,8.084486E2
1.237500E0,,,,,
1.241667E0,394,2.328746E0,-8.705604E0,1.032375E3,8.091915E2
1.245833E0,,,,,
1.250000E0,396,2.322798E0,-8.725283E0,1.032191E3,8.097989E2
1.254167E0,,,,,
1.258333E0,398,2.307675E0,-8.743623E0,1.031725E3,8.103649E2
1.262500E0,,,,,
1.266667E0,400,2.291467E0,-8.749173E0,1.031224E3,8.105362E2
1.270833E0,,,,,
1.275000E0,402,2.270750E0,-8.774250E0,1.030585E3,8.113102E2
1.279167E0,,,,,
1.283333E0,404,2.263980E0,-8.796056E0,1.030376E3,8.119832E2
1.287500E0,,,,,
1.291667E0,406,2.231162E0,-8.827488E0,1.029363E3,8.129533E2
1.295833E0,,,,,
1.300000E0,408,2.190338E0,-8.865180E0,1.028103E3,8.141167E2
1.304167E0,,,,,
1.308333E0,410,2.154499E0,-8.914950E0,1.026997E3,8.156528E2
1.312500E0,,,,,
1.316667E0,412,2.106013E0,-8.983343E0,1.025500E3,8.177637E2
1.320833E0,,,,,
1.325000E0,414,2.072062E0,-9.032220E0,1.024453E3,8.192722E2
1.329167E0,,,,,
1.333333E0,416,2.005729E0,-9.092755E0,1.022405E3,8.211406E2
1.337500E0,,,,,
1.341667E0,418,1.957529E0,-9.152855E0,1.020918E3,8.229955E2
1.345833E0,,,,,
1.350000E0,420,1.916523E0,-9.216006E0,1.019652E3,8.249446E2
1.354167E0,,,,,
1.358333E0,422,1.880244E0,-9.282959E0,1.018532E3,8.270111E2
1.362500E0,,,,,
1.366667E0,424,1.839814E0,-9.316175E0,1.017284E3,8.280363E2
1.370833E0,,,,,
1.375000E0,426,1.804242E0,-9.341531E0,1.016186E3,8.288189E2
1.379167E0,,,,,
1.383333E0,428,1.779589E0,-9.382568E0,1.015426E3,8.300854E2
1.387500E0,,,,,
1.391667E0,430,1.766502E0,-9.422003E0,1.015022E3,8.313026E2
1.395833E0,,,,,
1.400000E0,432,1.741227E0,-9.431657E0,1.014242E3,8.316005E2
1.404167E0,,,,,
1.408333E0,434,1.732132E0,-9.436612E0,1.013961E3,8.317535E2
1.412500E0,,,,,
1.416667E0,436,1.721344E0,-9.475027E0,1.013628E3,8.329391E2
1.420833E0,,,,,
1.425000E0,438,1.703536E0,-9.485200E0,1.013078E3,8.332531E2
1.429167E0,,,,,
1.433333E0,440,1.689354E0,-9.510868E0,1.012641E3,8.340453E2
1.437500E0,,,,,
1.441667E0,442,1.662562E0,-9.545421E0,1.011814E3,8.351118E2
1.445833E0,,,,,
1.450000E0,444,1.636743E0,-9.582510E0,1.011017E3,8.362565E2
1.454167E0,,,,,
1.458333E0,446,1.616813E0,-9.623125E0,1.010402E3,8.375100E2
1.462500E0,,,,,
1.466667E0,448,1.566328E0,-9.691864E0,1.008843E3,8.396316E2
1.470833E0,,,,,
1.475000E0,450,1.545519E0,-9.743849E0,1.008201E3,8.412361E2
1.479167E0,,,,,
1.483333E0,452,1.492494E0,-9.812351E0,1.006565E3,8.433504E2
1.487500E0,,,,,
1.491667E0,454,1.455436E0,-9.892119E0,1.005421E3,8.458123E2
1.495833E0,,,,,
1.500000E0,456,1.407471E0,-9.943995E0,1.003940E3,8.474134E2
1.504167E0,,,,,
1.508333E0,458,1.379106E0,-1.001043E1,1.003065E3,8.494640E2
1.512500E0,,,,,
1.516667E0,460,1.348708E0,-1.007058E1,1.002127E3,8.513204E2
1.520833E0,,,,,
1.525000E0,462,1.320753E0,-1.011020E1,1.001264E3,8.525431E2
1.529167E0,,,,,
1.533333E0,464,1.291502E0,-1.016393E1,1.000361E3,8.542015E2
1.537500E0,,,,,
1.541667E0,466,1.265406E0,-1.017252E1,9.995557E2,8.544668E2
1.545833E0,,,,,
1.550000E0,468,1.259737E0,-1.020873E1,9.993808E2,8.555843E2
1.554167E0,,,,,
1.558333E0,470,1.255894E0,-1.022341E1,9.992621E2,8.560373E2
1.562500E0,,,,,
1.566667E0,472,1.244283E0,-1.024510E1,9.989038E2,8.567068E2
1.570833E0,,,,,
1.575000E0,474,1.240204E0,-1.026220E1,9.987779E2,8.572347E2
1.579167E0,,,,,
1.583333E0,476,1.216189E0,-1.029107E1,9.980367E2,8.581256E2
1.587500E0,,,,,
1.591667E0,478,1.207896E0,-1.032449E1,9.977807E2,8.591570E2
1.595833E0,,,,,
1.600000E0,480,1.174575E0,-1.034583E1,9.967523E2,8.598158E2
1.604167E0,,,,,
1.608333E0,482,1.156665E0,-1.038690E1,9.961995E2,8.610833E2
1.612500E0,,,,,
1.616667E0,484,1.104949E0,-1.043978E1,9.946034E2,8.627153E2
1.620833E0,,,,,
1.625000E0,486,1.079736E0,-1.049544E1,9.938252E2,8.644333E2
1.629167E0,,,,,
1.633333E0,488,1.026428E0,-1.056174E1,9.921799E2,8.664798E2
1.637500E0,,,,,
1.641667E0,490,9.823906E-1,-1.063470E1,9.908207E2,8.687316E2
1.645833E0,,,,,
1.650000E0,492,9.446618E-1,-1.070418E1,9.896562E2,8.708759E2
1.654167E0,,,,,
1.658333E0,494,8.992725E-1,-1.075956E1,9.882553E2,8.725853E2
1.662500E0,,,,,
1.666667E0,496,8.668818E-1,-1.080967E1,9.872556E2,8.741318E2
1.670833E0,,,,,
1.675000E0,498,8.317577E-1,-1.086065E1,9.861715E2,8.757052E2
1.679167E0,,,,,
1.683333E0,500,8.027292E-1,-1.091408E1,9.852756E2,8.773544E2
1.687500E0,,,,,
1.691667E0,502,7.743764E-1,-1.094394E1,9.844005E2,8.782760E2
1.695833E0,,,,,
1.700000E0,504,7.490609E-1,-1.096882E1,9.836192E2,8.790438E2
1.704167E0,,,,,
1.708333E0,506,7.426320E-1,-1.098685E1,9.834207E2,8.796002E2
1.712500E0,,,,,
1.716667E0,508,7.392054E-1,-1.099216E1,9.833150E2,8.797643E2
1.720833E0,,,,,
1.725000E0,510,7.165862E-1,-1.102438E1,9.826169E2,8.807586E2
1.729167E0,,,,,
1.733333E0,512,7.060719E-1,-1.102925E1,9.822923E2,8.809090E2
1.737500E0,,,,,
1.741667E0,514,6.899755E-1,-1.105787E1,9.817955E2,8.817922E2
1.745833E0,,,,,
1.750000E0,516,6.708269E-1,-1.110664E1,9.812045E2,8.832977E2
1.754167E0,,,,,
1.758333E0,518,6.421258E-1,-1.113846E1,9.803187E2,8.842795E2
1.762500E0,,,,,
1.766667E0,520,6.059217E-1,-1.117723E1,9.792013E2,8.854763E2
1.770833E0,,,,,
1.775000E0,522,5.737632E-1,-1.123714E1,9.782087E2,8.873252E2
1.779167E0,,,,,
1.783333E0,524,5.220878E-1,-1.129079E1,9.766138E2,8.889812E2
1.787500E0,,,,,
1.791667E0,526,4.730146E-1,-1.135457E1,9.750992E2,8.909498E2
1.795833E0,,,,,
1.800000E0,528,4.280189E-1,-1.141718E1,9.737105E2,8.928820E2
1.804167E0,,,,,
1.808333E0,530,3.764428E-1,-1.146425E1,9.721186E2,8.943350E2
1.812500E0,,,,,
1.816667E0,532,3.268735E-1,-1.153165E1,9.705887E2,8.964150E2
1.820833E0,,,,,
1.825000E0,534,2.845453E-1,-1.157458E1,9.692823E2,8.977400E2
1.829167E0,,,,,
1.833333E0,536,2.561563E-1,-1.162806E1,9.684061E2,8.993908E2
1.837500E0,,,,,
1.841667E0,538,2.176372E-1,-1.165655E1,9.672172E2,9.002701E2
1.845833E0,,,,,
1.850000E0,540,2.003532E-1,-1.167930E1,9.666837E2,9.009723E2
1.854167E0,,,,,
1.858333E0,542,1.922160E-1,-1.170386E1,9.664326E2,9.017302E2
1.862500E0,,,,,
1.866667E0,544,1.738012E-1,-1.171160E1,9.658642E2,9.019691E2
1.870833E0,,,,,
1.875000E0,546,1.623615E-1,-1.174183E1,9.655112E2,9.029022E2
1.879167E0,,,,,
1.883333E0,548,1.353178E-1,-1.174265E1,9.646765E2,9.029274E2
1.887500E0,,,,,
1.891667E0,550,1.250159E-1,-1.176782E1,9.643585E2,9.037043E2
1.895833E0,,,,,
1.900000E0,552,9.731077E-2,-1.180418E1,9.635034E2,9.048264E2
1.904167E0,,,,,
1.908333E0,554,6.182781E-2,-1.182190E1,9.624083E2,9.053734E2
1.912500E0,,,,,
1.916667E0,556,3.528417E-2,-1.186394E1,9.615890E2,9.066709E2
1.920833E0,,,,,
1.925000E0,558,-5.015274E-3,-1.191201E1,9.603452E2,9.081547E2
1.929167E0,,,,,
1.933333E0,560,-4.479355E-2,-1.196332E1,9.591175E2,9.097383E2
1.937500E0,,,,,
1.941667E0,562,-9.775891E-2,-1.203158E1,9.574827E2,9.118451E2
1.945833E0,,,,,
1.950000E0,564,-1.413967E-1,-1.209996E1,9.561359E2,9.139556E2
1.954167E0,,,,,
1.958333E0,566,-1.908364E-1,-1.216887E1,9.546100E2,9.160825E2
1.962500E0,,,,,
1.966667E0,568,-2.281656E-1,-1.221797E1,9.534579E2,9.175977E2
1.970833E0,,,,,
1.975000E0,570,-2.736267E-1,-1.228915E1,9.520547E2,9.197949E2
1.979167E0,,,,,
1.983333E0,572,-3.090503E-1,-1.232904E1,9.509614E2,9.210259E2
1.987500E0,,,,,
1.991667E0,574,-3.360633E-1,-1.236481E1,9.501277E2,9.221300E2
1.995833E0,,,,,
2.000000E0,576,-3.652990E-1,-1.240219E1,9.492253E2,9.232837E2
2.004167E0,,,,,
2.008333E0,578,-3.737020E-1,-1.242914E1,9.489660E2,9.241153E2
2.012500E0,,,,,
2.016667E0,580,-3.805088E-1,-1.244128E1,9.487559E2,9.244901E2
2.020833E0,,,,,
2.025000E0,582,-3.988709E-1,-1.246847E1,9.481892E2,9.253294E2
2.029167E0,,,,,
2.033333E0,584,-4.101786E-1,-1.246304E1,9.478402E2,9.251616E2
2.037500E0,,,,,
2.041667E0,586,-4.206911E-1,-1.249116E1,9.475157E2,9.260297E2
2.045833E0,,,,,
2.050000E0,588,-4.334180E-1,-1.252495E1,9.471229E2,9.270724E2
2.054167E0,,,,,
2.058333E0,590,-4.638809E-1,-1.255494E1,9.461827E2,9.279980E2
2.062500E0,,,,,
2.066667E0,592,-4.907804E-1,-1.259608E1,9.453525E2,9.292679E2
2.070833E0,,,,,
2.075000E0,594,-5.187902E-1,-1.264958E1,9.444880E2,9.309191E2
2.079167E0,,,,,
2.083333E0,596,-5.609580E-1,-1.268675E1,9.431865E2,9.320663E2
2.087500E0,,,,,
2.091667E0,598,-6.067002E-1,-1.277044E1,9.417747E2,9.346494E2
2.095833E0,,,,,
2.100000E0,600,-6.364491E-1,-1.282990E1,9.408565E2,9.364845E2
2.104167E0,,,,,
2.108333E0,602,-6.769568E-1,-1.290240E1,9.396063E2,9.387221E2
2.112500E0,,,,,
2.116667E0,604,-7.228923E-1,-1.297068E1,9.381885E2,9.408296E2
2.120833E0,,,,,
2.125000E0,606,-7.614983E-1,-1.302340E1,9.369970E2,9.424568E2
2.129167E0,,,,,
2.133333E0,608,-7.905729E-1,-1.307940E1,9.360996E2,9.441851E2
2.137500E0,,,,,
2.141667E0,610,-8.196112E-1,-1.312756E1,9.352034E2,9.456716E2
2.145833E0,,,,,
2.150000E0,612,-8.529005E-1,-1.316292E1,9.341759E2,9.467630E2
2.154167E0,,,,,
2.158333E0,614,-8.725461E-1,-1.318834E1,9.335696E2,9.475474E2
2.162500E0,,,,,
2.166667E0,616,-8.878943E-1,-1.320385E1,9.330959E2,9.480261E2
2.170833E0,,,,,
2.175000E0,618,-8.932637E-1,-1.322057E1,9.329301E2,9.485423E2
2.179167E0,,,,,
2.183333E0,620,-9.095320E-1,-1.324664E1,9.324280E2,9.493469E2
2.187500E0,,,,,
2.191667E0,622,-9.170258E-1,-1.324978E1,9.321967E2,9.494439E2
2.195833E0,,,,,
2.200000E0,624,-9.394508E-1,-1.327526E1,9.315046E2,9.502301E2
2.204167E0,,,,,
2.208333E0,626,-9.621247E-1,-1.330952E1,9.308048E2,9.512875E2
2.212500E0,,,,,
2.216667E0,628,-9.781289E-1,-1.334442E1,9.303108E2,9.523647E2
2.220833E0,,,,,
2.225000E0,630,-1.008017E0,-1.338331E1,9.293884E2,9.535652E2
2.229167E0,,,,,
2.233333E0,632,-1.049557E0,-1.344601E1,9.281063E2,9.555004E2
2.237500E0,,,,,
2.241667E0,634,-1.093627E0,-1.350544E1,9.267461E2,9.573344E2
2.245833E0,,,,,
2.250000E0,636,-1.140882E0,-1.356005E1,9.252876E2,9.590202E2
2.254167E0,,,,,
2.258333E0,638,-1.178760E0,-1.361922E1,9.241185E2,9.608462E2
2.262500E0,,,,,
2.266667E0,640,-1.224998E0,-1.369444E1,9.226914E2,9.631679E2
2.270833E0,,,,,
2.275000E0,642,-1.265103E0,-1.375411E1,9.214536E2,9.650095E2
2.279167E0,,,,,
2.283333E0,644,-1.294936E0,-1.381411E1,9.205328E2,9.668615E2
2.287500E0,,,,,
2.291667E0,646,-1.334921E0,-1.386703E1,9.192987E2,9.684947E2
2.295833E0,,,,,
2.300000E0,648,-1.349380E0,-1.389592E1,9.188525E2,9.693865E2
2.304167E0,,,,,
2.308333E0,650,-1.386480E0,-1.394178E1,9.177074E2,9.708019E2
2.312500E0,,,,,
2.316667E0,652,-1.409413E0,-1.397481E1,9.169996E2,9.718214E2
2.320833E0,,,,,
2.325000E0,654,-1.424446E0,-1.397875E1,9.165356E2,9.719428E2
2.329167E0,,,,,
2.333333E0,656,-1.442130E0,-1.399639E1,9.159898E2,9.724875E2
2.337500E0,,,,,
2.341667E0,658,-1.438950E0,-1.400109E1,9.160880E2,9.726323E2
2.345833E0,,,,,
2.350000E0,660,-1.460678E0,-1.402289E1,9.154173E2,9.733052E2
2.354167E0,,,,,
2.358333E0,662,-1.474934E0,-1.405158E1,9.149774E2,9.741908E2
2.362500E0,,,,,
2.366667E0,664,-1.515897E0,-1.407458E1,9.137131E2,9.749005E2
2.370833E0,,,,,
2.375000E0,666,-1.550830E0,-1.411047E1,9.126349E2,9.760083E2
2.379167E0,,,,,
2.383333E0,668,-1.593328E0,-1.416123E1,9.113232E2,9.775750E2
2.387500E0,,,,,
2.391667E0,670,-1.638706E0,-1.420221E1,9.099226E2,9.788398E2
2.395833E0,,,,,
2.400000E0,672,-1.682739E0,-1.425868E1,9.085636E2,9.805826E2
2.404167E0,,,,,
2.408333E0,674,-1.746290E0,-1.430994E1,9.066022E2,9.821647E2
2.412500E0,,,,,
2.416667E0,676,-1.815746E0,-1.434657E1,9.044585E2,9.832954E2
2.420833E0,,,,,
2.425000E0,678,-1.879250E0,-1.439740E1,9.024984E2,9.848641E2
2.429167E0,,,,,
2.433333E0,680,-1.928341E0,-1.443648E1,9.009833E2,9.860704E2
2.437500E0,,,,,
2.441667E0,682,-1.977192E0,-1.449824E1,8.994756E2,9.879764E2
2.445833E0,,,,,
2.450000E0,684,-2.026452E0,-1.450444E1,8.979552E2,9.881680E2
2.454167E0,,,,,
2.458333E0,686,-2.061675E0,-1.453823E1,8.968681E2,9.892108E2
2.462500E0,,,,,
2.466667E0,688,-2.086757E0,-1.455452E1,8.960939E2,9.897137E2
2.470833E0,,,,,
2.475000E0,690,-2.104319E0,-1.457990E1,8.955519E2,9.904969E2
2.479167E0,,,,,
2.483333E0,692,-2.118409E0,-1.458538E1,8.951170E2,9.906659E2
2.487500E0,,,,,
2.491667E0,694,-2.134644E0,-1.459833E1,8.946159E2,9.910658E2
2.495833E0,,,,,
2.500000E0,696,-2.148312E0,-1.462565E1,8.941941E2,9.919089E2
2.504167E0,,,,,
2.508333E0,698,-2.163956E0,-1.464311E1,8.937112E2,9.924479E2
2.512500E0,,,,,
2.516667E0,700,-2.187685E0,-1.466331E1,8.929789E2,9.930712E2
2.520833E0,,,,,
2.525000E0,702,-2.241504E0,-1.468651E1,8.913178E2,9.937875E2
2.529167E0,,,,,
2.533333E0,704,-2.271818E0,-1.472325E1,8.903822E2,9.949214E2
2.537500E0,,,,,
2.541667E0,706,-2.321527E0,-1.476543E1,8.888479E2,9.962232E2
2.545833E0,,,,,
2.550000E0,708,-2.370019E0,-1.481488E1,8.873513E2,9.977494E2
2.554167E0,,,,,
2.558333E0,710,-2.331311E0,-1.476284E1,8.885460E2,9.961431E2
2.562500E0,,,,,
2.566667E0,712,-2.252306E0,-1.471751E1,8.909844E2,9.947441E2
2.570833E0,,,,,
2.575000E0,714,-2.197033E0,-1.465745E1,8.926903E2,9.928905E2
2.579167E0,,,,,
2.583333E0,716,-2.134778E0,-1.462723E1,8.946118E2,9.919577E2
2.587500E0,,,,,
2.591667E0,718,-2.088299E0,-1.457907E1,8.960463E2,9.904712E2
2.595833E0,,,,,
2.600000E0,720,-2.032750E0,-1.455336E1,8.977608E2,9.896778E2
2.604167E0,,,,,
2.608333E0,722,-1.986993E0,-1.453901E1,8.991731E2,9.892350E2
2.612500E0,,,,,
2.616667E0,724,-1.957607E0,-1.449901E1,9.000800E2,9.880002E2
2.620833E0,,,,,
2.625000E0,726,-1.929324E0,-1.448311E1,9.009530E2,9.875096E2
2.629167E0,,,,,
2.633333E0,728,-1.921443E0,-1.447083E1,9.011962E2,9.871306E2
2.637500E0,,,,,
2.641667E0,730,-1.891218E0,-1.446877E1,9.021291E2,9.870668E2
2.645833E0,,,,,
2.650000E0,732,-1.884196E0,-1.445457E1,9.023458E2,9.866287E2
2.654167E0,,,,,
2.658333E0,734,-1.857364E0,-1.443885E1,9.031739E2,9.861434E2
2.662500E0,,,,,
2.666667E0,736,-1.834935E0,-1.441263E1,9.038662E2,9.853341E2
2.670833E0,,,,,
2.675000E0,738,-1.798629E0,-1.439681E1,9.049867E2,9.848461E2
2.679167E0,,,,,
2.683333E0,740,-1.760631E0,-1.437153E1,9.061595E2,9.840659E2
2.687500E0,,,,,
2.691667E0,742,-1.712813E0,-1.434441E1,9.076354E2,9.832288E2
2.695833E0,,,,,
2.700000E0,744,-1.651132E0,-1.429685E1,9.095391E2,9.817607E2
2.704167E0,,,,,
2.708333E0,746,-1.598261E0,-1.426595E1,9.111710E2,9.808072E2
2.712500E0,,,,,
2.716667E0,748,-1.529270E0,-1.420848E1,9.133003E2,9.790332E2
2.720833E0,,,,,
2.725000E0,750,-1.473979E0,-1.416911E1,9.150068E2,9.778181E2
2.729167E0,,,,,
2.733333E0,752,-1.399765E0,-1.411745E1,9.172974E2,9.762236E2
2.737500E0,,,,,
2.741667E0,754,-1.347072E0,-1.407313E1,9.189237E2,9.748559E2
2.745833E0,,,,,
2.750000E0,756,-1.298613E0,-1.402533E1,9.204194E2,9.733805E2
2.754167E0,,,,,
2.758333E0,758,-1.261190E0,-1.399735E1,9.215744E2,9.725170E2
2.762500E0,,,,,
2.766667E0,760,-1.225443E0,-1.396951E1,9.226777E2,9.716577E2
2.770833E0,,,,,
2.775000E0,762,-1.202157E0,-1.393360E1,9.233964E2,9.705494E2
2.779167E0,,,,,
2.783333E0,764,-1.189354E0,-1.392020E1,9.237915E2,9.701358E2
2.787500E0,,,,,
2.791667E0,766,-1.171672E0,-1.391623E1,9.243373E2,9.700134E2
2.795833E0,,,,,
2.800000E0,768,-1.161199E0,-1.389920E1,9.246605E2,9.694876E2
2.804167E0,,,,,
2.808333E0,770,-1.141432E0,-1.388812E1,9.252706E2,9.691458E2
2.812500E0,,,,,
2.816667E0,772,-1.123216E0,-1.385728E1,9.258328E2,9.681940E2
2.820833E0,,,,,
2.825000E0,774,-1.093238E0,-1.384192E1,9.267581E2,9.677199E2
2.829167E0,,,,,
2.833333E0,776,-1.071753E0,-1.380191E1,9.274212E2,9.664850E2
2.837500E0,,,,,
2.841667E0,778,-1.037541E0,-1.377324E1,9.284771E2,9.655999E2
2.845833E0,,,,,
2.850000E0,780,-9.903398E-1,-1.371429E1,9.299340E2,9.637807E2
2.854167E0,,,,,
2.858333E0,782,-9.499407E-1,-1.365560E1,9.311808E2,9.619693E2
2.862500E0,,,,,
2.866667E0,784,-8.827911E-1,-1.359535E1,9.332534E2,9.601095E2
2.870833E0,,,,,
2.875000E0,786,-8.473607E-1,-1.354761E1,9.343469E2,9.586361E2
2.879167E0,,,,,
2.883333E0,788,-7.748931E-1,-1.347747E1,9.365835E2,9.564714E2
2.887500E0,,,,,
2.891667E0,790,-7.409935E-1,-1.342494E1,9.376298E2,9.548502E2
2.895833E0,,,,,
2.900000E0,792,-6.887791E-1,-1.337795E1,9.392414E2,9.533998E2
2.904167E0,,,,,
2.908333E0,794,-6.657841E-1,-1.333403E1,9.399511E2,9.520440E2
2.912500E0,,,,,
2.916667E0,796,-6.317362E-1,-1.329075E1,9.410020E2,9.507084E2
2.920833E0,,,,,
2.925000E0,798,-6.050202E-1,-1.327277E1,9.418265E2,9.501533E2
2.929167E0,,,,,
2.933333E0,800,-5.809269E-1,-1.324899E1,9.425702E2,9.494195E2
2.937500E0,,,,,
2.941667E0,802,-5.748634E-1,-1.323247E1,9.427573E2,9.489097E2
2.945833E0,,,,,
2.950000E0,804,-5.618262E-1,-1.322249E1,9.431597E2,9.486016E2
2.954167E0,,,,,
2.958333E0,806,-5.323158E-1,-1.319177E1,9.440705E2,9.476535E2
2.962500E0,,,,,
2.966667E0,808,-5.181988E-1,-1.317674E1,9.445062E2,9.471894E2
2.970833E0,,,,,
2.975000E0,810,-4.972751E-1,-1.315589E1,9.451520E2,9.465461E2
2.979167E0,,,,,
2.983333E0,812,-4.693638E-1,-1.310836E1,9.460135E2,9.450790E2
2.987500E0,,,,,
2.991667E0,814,-4.432456E-1,-1.308093E1,9.468196E2,9.442323E2
2.995833E0,,,,,
3.000000E0,816,-4.009325E-1,-1.304793E1,9.481255E2,9.432138E2
3.004167E0,,,,,
3.008333E0,818,-3.319284E-1,-1.299890E1,9.502553E2,9.417006E2
3.012500E0,,,,,
3.016667E0,820,-2.893349E-1,-1.294680E1,9.515699E2,9.400926E2
3.020833E0,,,,,
3.025000E0,822,-2.259950E-1,-1.288915E1,9.535248E2,9.383134E2
3.029167E0,,,,,
3.033333E0,824,-1.779809E-1,-1.283369E1,9.550068E2,9.366014E2
3.037500E0,,,,,
3.041667E0,826,-1.265040E-1,-1.278191E1,9.565956E2,9.350035E2
3.045833E0,,,,,
3.050000E0,828,-6.819400E-2,-1.273873E1,9.583952E2,9.336706E2
3.054167E0,,,,,
3.058333E0,830,-2.424934E-2,-1.269285E1,9.597516E2,9.322546E2
3.062500E0,,,,,
3.066667E0,832,1.315132E-2,-1.266371E1,9.609059E2,9.313553E2
3.070833E0,,,,,
3.075000E0,834,4.154197E-2,-1.262798E1,9.617822E2,9.302523E2
3.079167E0,,,,,
3.083333E0,836,7.007826E-2,-1.260746E1,9.626629E2,9.296191E2
3.087500E0,,,,,
3.091667E0,838,8.888997E-2,-1.258990E1,9.632435E2,9.290772E2
3.095833E0,,,,,
3.100000E0,840,1.031540E-1,-1.258819E1,9.636838E2,9.290244E2
3.104167E0,,,,,
3.108333E0,842,1.301390E-1,-1.257926E1,9.645166E2,9.287488E2
3.112500E0,,,,,
3.116667E0,844,1.349060E-1,-1.256286E1,9.646638E2,9.282426E2
3.120833E0,,,,,
3.125000E0,846,1.505267E-1,-1.253794E1,9.651459E2,9.274736E2
3.129167E0,,,,,
3.133333E0,848,1.945211E-1,-1.251842E1,9.665037E2,9.268710E2
3.137500E0,,,,,
3.141667E0,850,2.299962E-1,-1.247526E1,9.675986E2,9.255390E2
3.145833E0,,,,,
3.150000E0,852,2.543306E-1,-1.243590E1,9.683497E2,9.243240E2
3.154167E0,,,,,
3.158333E0,854,3.163139E-1,-1.238994E1,9.702628E2,9.229057E2
3.162500E0,,,,,
3.166667E0,856,3.679673E-1,-1.235424E1,9.718570E2,9.218036E2
3.170833E0,,,,,
3.175000E0,858,4.288195E-1,-1.229494E1,9.737352E2,9.199734E2
3.179167E0,,,,,
3.183333E0,860,4.842958E-1,-1.225161E1,9.754474E2,9.186362E2
3.187500E0,,,,,
3.191667E0,862,5.454805E-1,-1.218930E1,9.773358E2,9.167130E2
3.195833E0,,,,,
3.200000E0,864,5.896360E-1,-1.214277E1,9.786986E2,9.152767E2
3.204167E0,,,,,
3.208333E0,866,6.348866E-1,-1.209715E1,9.800953E2,9.138688E2
3.212500E0,,,,,
3.216667E0,868,6.894443E-1,-1.205878E1,9.817791E2,9.126846E2
3.220833E0,,,,,
3.225000E0,870,7.105676E-1,-1.201510E1,9.824311E2,9.113364E2
3.229167E0,,,,,
3.233333E0,872,7.321631E-1,-1.198796E1,9.830976E2,9.104989E2
3.237500E0,,,,,
3.241667E0,874,7.465870E-1,-1.197460E1,9.835428E2,9.100864E2
3.245833E0,,,,,
3.250000E0,876,7.733324E-1,-1.194612E1,9.843683E2,9.092075E2
3.254167E0,,,,,
3.258333E0,878,7.907932E-1,-1.193378E1,9.849072E2,9.088266E2
3.262500E0,,,,,
3.266667E0,880,7.967521E-1,-1.191537E1,9.850911E2,9.082584E2
3.270833E0,,,,,
3.275000E0,882,8.124394E-1,-1.189942E1,9.855753E2,9.077659E2
3.279167E0,,,,,
3.283333E0,884,8.265859E-1,-1.188553E1,9.860119E2,9.073373E2
3.287500E0,,,,,
3.291667E0,886,8.509324E-1,-1.184803E1,9.867633E2,9.061800E2
3.295833E0,,,,,
3.300000E0,888,8.787906E-1,-1.180661E1,9.876232E2,9.049014E2
3.304167E0,,,,,
3.308333E0,890,9.228470E-1,-1.175552E1,9.889829E2,9.033247E2
3.312500E0,,,,,
3.316667E0,892,9.563138E-1,-1.169911E1,9.900159E2,9.015838E2
3.320833E0,,,,,
3.325000E0,894,1.011357E0,-1.164435E1,9.917147E2,8.998935E2
3.329167E0,,,,,
3.333333E0,896,1.061084E0,-1.157568E1,9.932495E2,8.977740E2
3.337500E0,,,,,
3.341667E0,898,1.110763E0,-1.152003E1,9.947828E2,8.960565E2
3.345833E0,,,,,
3.350000E0,900,1.158748E0,-1.144445E1,9.962638E2,8.937239E2
3.354167E0,,,,,
3.358333E0,902,1.191467E0,-1.139706E1,9.972737E2,8.922611E2
3.362500E0,,,,,
3.366667E0,904,1.241108E0,-1.134601E1,9.988058E2,8.906854E2
3.370833E0,,,,,
3.375000E0,906,1.281934E0,-1.131634E1,1.000066E3,8.897696E2
3.379167E0,,,,,
3.383333E0,908,1.288595E0,-1.127853E1,1.000271E3,8.886028E2
3.387500E0,,,,,
3.391667E0,910,1.317769E0,-1.126767E1,1.001172E3,8.882676E2
3.395833E0,,,,,
3.400000E0,912,1.330075E0,-1.124733E1,1.001552E3,8.876399E2
3.404167E0,,,,,
3.408333E0,914,1.350699E0,-1.123651E1,1.002188E3,8.873058E2
3.412500E0,,,,,
3.416667E0,916,1.363156E0,-1.121274E1,1.002573E3,8.865723E2
3.420833E0,,,,,
3.425000E0,918,1.375111E0,-1.120068E1,1.002942E3,8.862000E2
3.429167E0,,,,,
3.433333E0,920,1.401726E0,-1.118281E1,1.003763E3,8.856485E2
3.437500E0,,,,,
3.441667E0,922,1.416312E0,-1.115102E1,1.004213E3,8.846674E2
3.445833E0,,,,,
3.450000E0,924,1.470969E0,-1.111390E1,1.005900E3,8.835217E2
3.454167E0,,,,,
3.458333E0,926,1.500977E0,-1.107932E1,1.006826E3,8.824545E2
3.462500E0,,,,,
3.466667E0,928,1.549425E0,-1.103972E1,1.008322E3,8.812320E2
3.470833E0,,,,,
3.475000E0,930,1.595845E0,-1.096802E1,1.009754E3,8.790191E2
3.479167E0,,,,,
3.483333E0,932,1.645416E0,-1.091875E1,1.011284E3,8.774983E2
3.487500E0,,,,,
3.491667E0,934,1.703395E0,-1.085162E1,1.013074E3,8.754266E2
3.495833E0,,,,,
3.500000E0,936,1.759953E0,-1.078890E1,1.014820E3,8.734908E2
3.504167E0,,,,,
3.508333E0,938,1.810664E0,-1.074863E1,1.016385E3,8.722479E2
3.512500E0,,,,,
3.516667E0,940,1.850537E0,-1.070567E1,1.017615E3,8.709219E2
3.520833E0,,,,,
3.525000E0,942,1.881380E0,-1.066298E1,1.018567E3,8.696042E2
3.529167E0,,,,,
3.533333E0,944,1.917326E0,-1.062072E1,1.019677E3,8.683001E2
3.537500E0,,,,,
3.541667E0,946,1.937875E0,-1.058816E1,1.020311E3,8.672949E2
3.545833E0,,,,,
3.550000E0,948,1.952026E0,-1.057999E1,1.020748E3,8.670429E2
3.554167E0,,,,,
3.558333E0,950,1.973477E0,-1.054776E1,1.021410E3,8.660482E2
3.562500E0,,,,,
3.566667E0,952,1.997544E0,-1.054700E1,1.022153E3,8.660248E2
3.570833E0,,,,,
3.575000E0,954,2.006262E0,-1.052823E1,1.022422E3,8.654452E2
3.579167E0,,,,,
3.583333E0,956,2.022797E0,-1.051628E1,1.022932E3,8.650766E2
3.587500E0,,,,,
3.591667E0,958,2.051636E0,-1.047632E1,1.023822E3,8.638432E2
3.595833E0,,,,,
3.600000E0,960,2.073581E0,-1.046468E1,1.024499E3,8.634841E2
3.604167E0,,,,,
3.608333E0,962,2.113218E0,-1.042226E1,1.025723E3,8.621748E2
3.612500E0,,,,,
3.616667E0,964,2.154779E0,-1.037185E1,1.027006E3,8.606190E2
3.620833E0,,,,,
3.625000E0,966,2.203704E0,-1.034114E1,1.028516E3,8.596710E2
3.629167E0,,,,,
3.633333E0,968,2.253390E0,-1.027784E1,1.030049E3,8.577173E2
3.637500E0,,,,,
3.641667E0,970,2.310596E0,-1.020892E1,1.031815E3,8.555900E2
3.645833E0,,,,,
3.650000E0,972,2.364332E0,-1.015530E1,1.033473E3,8.539352E2
3.654167E0,,,,,
3.658333E0,974,2.432143E0,-1.009985E1,1.035566E3,8.522236E2
3.662500E0,,,,,
3.666667E0,976,2.481191E0,-1.004615E1,1.037080E3,8.505664E2
3.670833E0,,,,,
3.675000E0,978,2.514767E0,-1.001986E1,1.038116E3,8.497549E2
3.679167E0,,,,,
3.683333E0,980,2.552278E0,-9.988323E0,1.039274E3,8.487816E2
3.687500E0,,,,,
3.691667E0,982,2.581158E0,-9.953024E0,1.040165E3,8.476921E2
3.695833E0,,,,,
3.700000E0,984,2.598418E0,-9.935065E0,1.040698E3,8.471378E2
3.704167E0,,,,,
3.708333E0,986,2.617526E0,-9.918802E0,1.041288E3,8.466359E2
3.712500E0,,,,,
3.716667E0,988,2.631555E0,-9.906178E0,1.041721E3,8.462462E2
3.720833E0,,,,,
3.725000E0,990,2.649142E0,-9.889115E0,1.042264E3,8.457196E2
3.729167E0,,,,,
3.733333E0,992,2.672383E0,-9.873184E0,1.042981E3,8.452279E2
3.737500E0,,,,,
3.741667E0,994,2.690298E0,-9.852129E0,1.043534E3,8.445780E2
3.745833E0,,,,,
3.750000E0,996,2.719365E0,-9.839893E0,1.044431E3,8.442004E2
3.754167E0,,,,,
3.758333E0,998,2.772623E0,-9.803887E0,1.046075E3,8.430891E2
3.762500E0,,,,,
3.766667E0,1000,2.820906E0,-9.777995E0,1.047565E3,8.422900E2
3.770833E0,,,,,
3.775000E0,1002,2.862776E0,-9.741016E0,1.048857E3,8.411486E2
3.779167E0,,,,,
3.783333E0,1004,2.930372E0,-9.694283E0,1.050944E3,8.397063E2
3.787500E0,,,,,
3.791667E0,1006,2.991417E0,-9.635294E0,1.052828E3,8.378856E2
3.795833E0,,,,,
3.800000E0,1008,3.070007E0,-9.610615E0,1.055253E3,8.371239E2
3.804167E0,,,,,
3.808333E0,1010,3.120904E0,-9.551533E0,1.056824E3,8.353004E2
3.812500E0,,,,,
3.816667E0,1012,3.183006E0,-9.515398E0,1.058741E3,8.341851E2
3.820833E0,,,,,
3.825000E0,1014,3.228870E0,-9.478621E0,1.060156E3,8.330500E2
3.829167E0,,,,,
3.833333E0,1016,3.278428E0,-9.442812E0,1.061686E3,8.319448E2
3.837500E0,,,,,
3.841667E0,1018,3.311336E0,-9.429082E0,1.062702E3,8.315210E2
3.845833E0,,,,,
3.850000E0,1020,3.339769E0,-9.407763E0,1.063579E3,8.308630E2
3.854167E0,,,,,
3.858333E0,1022,3.366501E0,-9.388496E0,1.064404E3,8.302684E2
3.862500E0,,,,,
3.866667E0,1024,3.385522E0,-9.372058E0,1.064991E3,8.297610E2
3.870833E0,,,,,
3.875000E0,1026,3.400583E0,-9.358701E0,1.065456E3,8.293488E2
3.879167E0,,,,,
3.883333E0,1028,3.417051E0,-9.360499E0,1.065965E3,8.294043E2
3.887500E0,,,,,
3.891667E0,1030,3.445814E0,-9.325491E0,1.066852E3,8.283238E2
3.895833E0,,,,,
3.900000E0,1032,3.463217E0,-9.321167E0,1.067389E3,8.281903E2
3.904167E0,,,,,
3.908333E0,1034,3.505804E0,-9.293365E0,1.068704E3,8.273322E2
3.912500E0,,,,,
3.916667E0,1036,3.533778E0,-9.255398E0,1.069567E3,8.261604E2
3.920833E0,,,,,
3.925000E0,1038,3.590547E0,-9.226453E0,1.071319E3,8.252671E2
3.929167E0,,,,,
3.933333E0,1040,3.650770E0,-9.194021E0,1.073178E3,8.242661E2
3.937500E0,,,,,
3.941667E0,1042,3.724607E0,-9.141722E0,1.075457E3,8.226519E2
3.945833E0,,,,,
3.950000E0,1044,3.791488E0,-9.107567E0,1.077521E3,8.215978E2
3.954167E0,,,,,
3.958333E0,1046,3.863668E0,-9.062825E0,1.079749E3,8.202168E2
3.962500E0,,,,,
3.966667E0,1048,3.921994E0,-9.027056E0,1.081549E3,8.191129E2
3.970833E0,,,,,
3.975000E0,1050,3.990230E0,-8.985079E0,1.083655E3,8.178172E2
3.979167E0,,,,,
3.983333E0,1052,4.041960E0,-8.965509E0,1.085252E3,8.172132E2
3.987500E0,,,,,
3.991667E0,1054,4.081600E0,-8.949645E0,1.086475E3,8.167236E2
3.995833E0,,,,,
4.000000E0,1056,4.111720E0,-8.916717E0,1.087405E3,8.157073E2
4.004167E0,,,,,
4.008333E0,1058,4.124205E0,-8.902528E0,1.087790E3,8.152694E2
4.012500E0,,,,,
4.016667E0,1060,4.163692E0,-8.897230E0,1.089009E3,8.151059E2
4.020833E0,,,,,
4.025000E0,1062,4.174612E0,-8.884373E0,1.089346E3,8.147090E2
4.029167E0,,,,,
4.033333E0,1064,4.200310E0,-8.870858E0,1.090139E3,8.142919E2
4.037500E0,,,,,
4.041667E0,1066,4.215695E0,-8.868494E0,1.090614E3,8.142189E2
4.045833E0,,,,,
4.050000E0,1068,4.237163E0,-8.844241E0,1.091277E3,8.134704E2
4.054167E0,,,,,
4.058333E0,1070,4.273681E0,-8.834128E0,1.092404E3,8.131583E2
4.062500E0,,,,,
4.066667E0,1072,4.322273E0,-8.815048E0,1.093903E3,8.125694E2
4.070833E0,,,,,
4.075000E0,1074,4.367461E0,-8.776344E0,1.095298E3,8.113748E2
4.079167E0,,,,,
4.083333E0,1076,4.428038E0,-8.755028E0,1.097168E3,8.107169E2
4.087500E0,,,,,
4.091667E0,1078,4.489534E0,-8.722497E0,1.099066E3,8.097129E2
4.095833E0,,,,,
4.100000E0,1080,4.564193E0,-8.684013E0,1.101370E3,8.085251E2
4.104167E0,,,,,
4.108333E0,1082,4.644358E0,-8.632875E0,1.103844E3,8.069468E2
4.112500E0,,,,,
4.116667E0,1084,4.724015E0,-8.593889E0,1.106303E3,8.057435E2
4.120833E0,,,,,
4.125000E0,1086,4.766937E0,-8.563998E0,1.107628E3,8.048209E2
4.129167E0,,,,,
4.133333E0,1088,4.832285E0,-8.529936E0,1.109645E3,8.037696E2
4.137500E0,,,,,
4.141667E0,1090,4.864662E0,-8.519371E0,1.110644E3,8.034436E2
4.145833E0,,,,,
4.150000E0,1092,4.908042E0,-8.490743E0,1.111983E3,8.025600E2
4.154167E0,,,,,
4.158333E0,1094,4.939698E0,-8.476926E0,1.112960E3,8.021335E2
4.162500E0,,,,,
4.166667E0,1096,4.961107E0,-8.452504E0,1.113621E3,8.013798E2
4.170833E0,,,,,
4.175000E0,1098,4.979140E0,-8.449399E0,1.114177E3,8.012839E2
4.179167E0,,,,,
4.183333E0,1100,5.008089E0,-8.433858E0,1.115071E3,8.008043E2
4.187500E0,,,,,
4.191667E0,1102,5.016644E0,-8.436073E0,1.115335E3,8.008726E2
4.195833E0,,,,,
4.200000E0,1104,5.039290E0,-8.409057E0,1.116034E3,8.000388E2
4.204167E0,,,,,
4.208333E0,1106,5.071911E0,-8.397158E0,1.117040E3,7.996716E2
4.212500E0,,,,,
4.216667E0,1108,5.100867E0,-8.382019E0,1.117934E3,7.992043E2
4.220833E0,,,,,
4.225000E0,1110,5.149399E0,-8.339207E0,1.119432E3,7.978829E2
4.229167E0,,,,,
4.233333E0,1112,5.201471E0,-8.312988E0,1.121039E3,7.970737E2
4.237500E0,,,,,
4.241667E0,1114,5.266936E0,-8.271022E0,1.123060E3,7.957785E2
4.245833E0,,,,,
4.250000E0,1116,5.338658E0,-8.240716E0,1.125273E3,7.948431E2
4.254167E0,,,,,
4.258333E0,1118,5.401445E0,-8.194812E0,1.127211E3,7.934263E2
4.262500E0,,,,,
4.266667E0,1120,5.477088E0,-8.154769E0,1.129546E3,7.921904E2
4.270833E0,,,,,
4.275000E0,1122,5.541589E0,-8.131206E0,1.131537E3,7.914631E2
4.279167E0,,,,,
4.283333E0,1124,5.600921E0,-8.088566E0,1.133368E3,7.901471E2
4.287500E0,,,,,
4.291667E0,1126,5.651423E0,-8.055658E0,1.134927E3,7.891314E2
4.295833E0,,,,,
4.300000E0,1128,5.686309E0,-8.029826E0,1.136003E3,7.883341E2
4.304167E0,,,,,
4.308333E0,1130,5.721531E0,-8.015796E0,1.137090E3,7.879011E2
4.312500E0,,,,,
4.316667E0,1132,5.758374E0,-7.995920E0,1.138228E3,7.872877E2
4.320833E0,,,,,
4.325000E0,1134,5.769936E0,-7.984042E0,1.138584E3,7.869210E2
4.329167E0,,,,,
4.333333E0,1136,5.780864E0,-7.976354E0,1.138922E3,7.866838E2
4.337500E0,,,,,
4.341667E0,1138,5.811312E0,-7.968536E0,1.139861E3,7.864425E2
4.345833E0,,,,,
4.350000E0,1140,5.830039E0,-7.960153E0,1.140439E3,7.861837E2
4.354167E0,,,,,
4.358333E0,1142,5.853190E0,-7.934288E0,1.141154E3,7.853854E2
4.362500E0,,,,,
4.366667E0,1144,5.881302E0,-7.916303E0,1.142022E3,7.848303E2
4.370833E0,,,,,
4.375000E0,1146,5.910227E0,-7.900265E0,1.142914E3,7.843353E2
4.379167E0,,,,,
4.383333E0,1148,5.990473E0,-7.864202E0,1.145391E3,7.832223E2
4.387500E0,,,,,
4.391667E0,1150,6.036818E0,-7.837635E0,1.146822E3,7.824023E2
4.395833E0,,,,,
4.400000E0,1152,6.118388E0,-7.806772E0,1.149339E3,7.814497E2
4.404167E0,,,,,
4.408333E0,1154,6.173450E0,-7.754546E0,1.151039E3,7.798378E2
4.412500E0,,,,,
4.416667E0,1156,6.251340E0,-7.725761E0,1.153443E3,7.789494E2
4.420833E0,,,,,
4.425000E0,1158,6.305993E0,-7.698086E0,1.155129E3,7.780952E2
4.429167E0,,,,,
4.433333E0,1160,6.372972E0,-7.649016E0,1.157197E3,7.765807E2
4.437500E0,,,,,
4.441667E0,1162,6.422660E0,-7.629294E0,1.158730E3,7.759720E2
4.445833E0,,,,,
4.450000E0,1164,6.473544E0,-7.605219E0,1.160301E3,7.752290E2
4.454167E0,,,,,
4.458333E0,1166,6.506643E0,-7.592747E0,1.161322E3,7.748440E2
4.462500E0,,,,,
4.466667E0,1168,6.544465E0,-7.555956E0,1.162490E3,7.737085E2
4.470833E0,,,,,
4.475000E0,1170,6.564105E0,-7.547687E0,1.163096E3,7.734533E2
4.479167E0,,,,,
4.483333E0,1172,6.593381E0,-7.535196E0,1.163999E3,7.730678E2
4.487500E0,,,,,
4.491667E0,1174,6.607127E0,-7.526626E0,1.164424E3,7.728033E2
4.495833E0,,,,,
4.500000E0,1176,6.627083E0,-7.508514E0,1.165040E3,7.722443E2
4.504167E0,,,,,
4.508333E0,1178,6.629790E0,-7.495635E0,1.165123E3,7.718468E2
4.512500E0,,,,,
4.516667E0,1180,6.677535E0,-7.482213E0,1.166597E3,7.714325E2
4.520833E0,,,,,
4.525000E0,1182,6.720834E0,-7.452573E0,1.167933E3,7.705177E2
4.529167E0,,,,,
4.533333E0,1184,6.760816E0,-7.439696E0,1.169167E3,7.701203E2
4.537500E0,,,,,
4.541667E0,1186,6.818478E0,-7.405236E0,1.170947E3,7.690567E2
4.545833E0,,,,,
4.550000E0,1188,6.899583E0,-7.375424E0,1.173450E3,7.681366E2
4.554167E0,,,,,
4.558333E0,1190,6.952657E0,-7.341058E0,1.175088E3,7.670759E2
4.562500E0,,,,,
4.566667E0,1192,7.020574E0,-7.315035E0,1.177184E3,7.662727E2
4.570833E0,,,,,
4.575000E0,1194,7.106451E0,-7.277859E0,1.179835E3,7.651253E2
4.579167E0,,,,,
4.583333E0,1196,7.174002E0,-7.256513E0,1.181920E3,7.644665E2
4.587500E0,,,,,
4.591667E0,1198,7.234171E0,-7.240426E0,1.183777E3,7.639699E2
4.595833E0,,,,,
4.600000E0,1200,7.283530E0,-7.209757E0,1.185300E3,7.630234E2
4.604167E0,,,,,
4.608333E0,1202,7.332554E0,-7.192159E0,1.186813E3,7.624802E2
4.612500E0,,,,,
4.616667E0,1204,7.361016E0,-7.177340E0,1.187692E3,7.620228E2
4.620833E0,,,,,
4.625000E0,1206,7.390429E0,-7.167034E0,1.188600E3,7.617048E2
4.629167E0,,,,,
4.633333E0,1208,7.413707E0,-7.161024E0,1.189318E3,7.615193E2
4.637500E0,,,,,
4.641667E0,1210,7.428075E0,-7.149907E0,1.189762E3,7.611761E2
4.645833E0,,,,,
4.650000E0,1212,7.442117E0,-7.143253E0,1.190195E3,7.609708E2
4.654167E0,,,,,
4.658333E0,1214,7.472771E0,-7.129685E0,1.191141E3,7.605520E2
4.662500E0,,,,,
4.666667E0,1216,7.499779E0,-7.124716E0,1.191975E3,7.603986E2
4.670833E0,,,,,
4.675000E0,1218,7.539912E0,-7.102579E0,1.193213E3,7.597154E2
4.679167E0,,,,,
4.683333E0,1220,7.590321E0,-7.088437E0,1.194769E3,7.592789E2
4.687500E0,,,,,
4.691667E0,1222,7.635949E0,-7.061323E0,1.196177E3,7.584421E2
4.695833E0,,,,,
4.700000E0,1224,7.724264E0,-7.034599E0,1.198903E3,7.576173E2
4.704167E0,,,,,
4.708333E0,1226,7.774077E0,-6.999572E0,1.200441E3,7.565362E2
4.712500E0,,,,,
4.716667E0,1228,7.851811E0,-6.970222E0,1.202840E3,7.556303E2
4.720833E0,,,,,
4.725000E0,1230,7.924784E0,-6.949767E0,1.205092E3,7.549990E2
4.729167E0,,,,,
4.733333E0,1232,8.004610E0,-6.908761E0,1.207556E3,7.537334E2
4.737500E0,,,,,
4.741667E0,1234,8.063642E0,-6.883052E0,1.209378E3,7.529399E2
4.745833E0,,,,,
4.750000E0,1236,8.118107E0,-6.864740E0,1.211059E3,7.523747E2
4.754167E0,,,,,
4.758333E0,1238,8.155418E0,-6.831338E0,1.212210E3,7.513438E2
4.762500E0,,,,,
4.766667E0,1240,8.196977E0,-6.814559E0,1.213493E3,7.508259E2
4.770833E0,,,,,
4.775000E0,1242,8.221749E0,-6.791820E0,1.214258E3,7.501241E2
4.779167E0,,,,,
4.783333E0,1244,8.255111E0,-6.789132E0,1.215287E3,7.500411E2
4.787500E0,,,,,
4.791667E0,1246,8.265126E0,-6.764620E0,1.215596E3,7.492846E2
4.795833E0,,,,,
4.800000E0,1248,8.287403E0,-6.763179E0,1.216284E3,7.492401E2
4.804167E0,,,,,
4.808333E0,1250,8.300733E0,-6.751715E0,1.216695E3,7.488863E2
4.812500E0,,,,,
4.816667E0,1252,8.329285E0,-6.734307E0,1.217577E3,7.483490E2
4.820833E0,,,,,
4.825000E0,1254,8.361867E0,-6.720587E0,1.218582E3,7.479255E2
4.829167E0,,,,,
4.833333E0,1256,8.391940E0,-6.697242E0,1.219510E3,7.472050E2
4.837500E0,,,,,
4.841667E0,1258,8.446456E0,-6.681834E0,1.221193E3,7.467295E2
4.845833E0,,,,,
4.850000E0,1260,8.503926E0,-6.638693E0,1.222967E3,7.453979E2
4.854167E0,,,,,
4.858333E0,1262,8.573730E0,-6.613579E0,1.225121E3,7.446228E2
4.862500E0,,,,,
4.866667E0,1264,8.640643E0,-6.564255E0,1.227187E3,7.431004E2
4.870833E0,,,,,
4.875000E0,1266,8.708829E0,-6.534444E0,1.229291E3,7.421804E2
4.879167E0,,,,,
4.883333E0,1268,8.762978E0,-6.493233E0,1.230962E3,7.409084E2
4.887500E0,,,,,
4.891667E0,1270,8.838199E0,-6.448636E0,1.233284E3,7.395320E2
4.895833E0,,,,,
4.900000E0,1272,8.896057E0,-6.421172E0,1.235070E3,7.386843E2
4.904167E0,,,,,
4.908333E0,1274,8.952407E0,-6.403284E0,1.236809E3,7.381322E2
4.912500E0,,,,,
4.916667E0,1276,8.991442E0,-6.377781E0,1.238014E3,7.373451E2
4.920833E0,,,,,
4.925000E0,1278,9.020378E0,-6.356690E0,1.238907E3,7.366941E2
4.929167E0,,,,,
4.933333E0,1280,9.039194E0,-6.344917E0,1.239487E3,7.363308E2
4.937500E0,,,,,
4.941667E0,1282,9.067142E0,-6.331387E0,1.240350E3,7.359132E2
4.945833E0,,,,,
4.950000E0,1284,9.080155E0,-6.330973E0,1.240752E3,7.359004E2
4.954167E0,,,,,
4.958333E0,1286,9.108861E0,-6.308239E0,1.241638E3,7.351987E2
4.962500E0,,,,,
4.966667E0,1288,9.125674E0,-6.291231E0,1.242157E3,7.346738E2
4.970833E0,,,,,
4.975000E0,1290,9.147503E0,-6.286029E0,1.242830E3,7.345132E2
4.979167E0,,,,,
4.983333E0,1292,9.192011E0,-6.254527E0,1.244204E3,7.335409E2
4.987500E0,,,,,
4.991667E0,1294,9.218440E0,-6.231027E0,1.245020E3,7.328157E2
4.995833E0,,,,,
5.000000E0,1296,9.278545E0,-6.195751E0,1.246875E3,7.317269E2
5.004167E0,,,,,
5.008333E0,1298,9.324555E0,-6.156843E0,1.248295E3,7.305260E2
5.012500E0,,,,,
5.016667E0,1300,9.401673E0,-6.117851E0,1.250675E3,7.293225E2
5.020833E0,,,,,
5.025000E0,1302,9.457461E0,-6.073676E0,1.252397E3,7.279591E2
5.029167E0,,,,,
5.033333E0,1304,9.524597E0,-6.011605E0,1.254469E3,7.260434E2
5.037500E0,,,,,
5.041667E0,1306,9.582119E0,-5.979133E0,1.256244E3,7.250411E2
5.045833E0,,,,,
5.050000E0,1308,9.650187E0,-5.932513E0,1.258345E3,7.236022E2
5.054167E0,,,,,
5.058333E0,1310,9.692004E0,-5.905914E0,1.259636E3,7.227813E2
5.062500E0,,,,,
5.066667E0,1312,9.727642E0,-5.869958E0,1.260736E3,7.216716E2
5.070833E0,,,,,
5.075000E0,1314,9.758642E0,-5.848447E0,1.261693E3,7.210076E2
5.079167E0,,,,,
5.083333E0,1316,9.800001E0,-5.828186E0,1.262969E3,7.203823E2
5.087500E0,,,,,
5.091667E0,1318,9.814707E0,-5.805790E0,1.263423E3,7.196911E2
5.095833E0,,,,,
5.100000E0,1320,9.842836E0,-5.814694E0,1.264291E3,7.199659E2
5.104167E0,,,,,
5.108333E0,1322,9.852229E0,-5.791796E0,1.264581E3,7.192591E2
5.112500E0,,,,,
5.116667E0,1324,9.869058E0,-5.774696E0,1.265101E3,7.187314E2
5.120833E0,,,,,
5.125000E0,1326,9.884542E0,-5.749251E0,1.265578E3,7.179460E2
5.129167E0,,,,,
5.133333E0,1328,9.929885E0,-5.745006E0,1.266978E3,7.178150E2
5.137500E0,,,,,
5.141667E0,1330,9.972849E0,-5.708629E0,1.268304E3,7.166923E2
5.145833E0,,,,,
5.150000E0,1332,1.001773E1,-5.691572E0,1.269689E3,7.161658E2
5.154167E0,,,,,
5.158333E0,1334,1.007448E1,-5.655972E0,1.271441E3,7.150670E2
5.162500E0,,,,,
5.166667E0,1336,1.013910E1,-5.612623E0,1.273435E3,7.137291E2
5.170833E0,,,,,
5.175000E0,1338,1.019720E1,-5.589852E0,1.275228E3,7.130263E2
5.179167E0,,,,,
5.183333E0,1340,1.025759E1,-5.535847E0,1.277092E3,7.113595E2
5.187500E0,,,,,
5.191667E0,1342,1.032223E1,-5.483726E0,1.279087E3,7.097508E2
5.195833E0,,,,,
5.200000E0,1344,1.037794E1,-5.438806E0,1.280807E3,7.083644E2
5.204167E0,,,,,
5.208333E0,1346,1.043473E1,-5.393560E0,1.282560E3,7.069679E2
5.212500E0,,,,,
5.216667E0,1348,1.047468E1,-5.368468E0,1.283793E3,7.061935E2
5.220833E0,,,,,
5.225000E0,1350,1.050668E1,-5.321467E0,1.284780E3,7.047428E2
5.229167E0,,,,,
5.233333E0,1352,1.053014E1,-5.312705E0,1.285504E3,7.044724E2
5.237500E0,,,,,
5.241667E0,1354,1.056164E1,-5.284949E0,1.286477E3,7.036157E2
5.245833E0,,,,,
5.250000E0,1356,1.058567E1,-5.280580E0,1.287218E3,7.034809E2
5.254167E0,,,,,
5.258333E0,1358,1.058642E1,-5.259633E0,1.287241E3,7.028344E2
5.262500E0,,,,,
5.266667E0,1360,1.061198E1,-5.245826E0,1.288030E3,7.024082E2
5.270833E0,,,,,
5.275000E0,1362,1.061614E1,-5.217643E0,1.288159E3,7.015384E2
5.279167E0,,,,,
5.283333E0,1364,1.063831E1,-5.198341E0,1.288843E3,7.009426E2
5.287500E0,,,,,
5.291667E0,1366,1.067269E1,-5.169505E0,1.289904E3,7.000526E2
5.295833E0,,,,,
5.300000E0,1368,1.071061E1,-5.137538E0,1.291074E3,6.990660E2
5.304167E0,,,,,
5.308333E0,1370,1.075290E1,-5.095008E0,1.292380E3,6.977533E2
5.312500E0,,,,,
5.316667E0,1372,1.081918E1,-5.047326E0,1.294425E3,6.962817E2
5.320833E0,,,,,
5.325000E0,1374,1.086817E1,-5.005676E0,1.295937E3,6.949962E2
5.329167E0,,,,,
5.333333E0,1376,1.092517E1,-4.944316E0,1.297697E3,6.931024E2
5.337500E0,,,,,
5.341667E0,1378,1.099347E1,-4.892647E0,1.299805E3,6.915076E2
5.345833E0,,,,,
5.350000E0,1380,1.105234E1,-4.847137E0,1.301622E3,6.901030E2
5.354167E0,,,,,
5.358333E0,1382,1.110275E1,-4.797926E0,1.303177E3,6.885841E2
5.362500E0,,,,,
5.366667E0,1384,1.114511E1,-4.765350E0,1.304485E3,6.875787E2
5.370833E0,,,,,
5.375000E0,1386,1.119532E1,-4.731657E0,1.306035E3,6.865388E2
5.379167E0,,,,,
5.383333E0,1388,1.121673E1,-4.702392E0,1.306695E3,6.856356E2
5.387500E0,,,,,
5.391667E0,1390,1.122691E1,-4.682399E0,1.307009E3,6.850185E2
5.395833E0,,,,,
5.400000E0,1392,1.124856E1,-4.657382E0,1.307678E3,6.842463E2
5.404167E0,,,,,
5.408333E0,1394,1.125852E1,-4.652356E0,1.307985E3,6.840912E2
5.412500E0,,,,,
5.416667E0,1396,1.129188E1,-4.634634E0,1.309015E3,6.835442E2
5.420833E0,,,,,
5.425000E0,1398,1.130074E1,-4.618711E0,1.309288E3,6.830528E2
5.429167E0,,,,,
5.433333E0,1400,1.132643E1,-4.600987E0,1.310081E3,6.825058E2
5.437500E0,,,,,
5.441667E0,1402,1.133369E1,-4.567080E0,1.310305E3,6.814593E2
5.445833E0,,,,,
5.450000E0,1404,1.138468E1,-4.545506E0,1.311879E3,6.807934E2
5.454167E0,,,,,
5.458333E0,1406,1.143162E1,-4.499248E0,1.313328E3,6.793657E2
5.462500E0,,,,,
5.466667E0,1408,1.148224E1,-4.452864E0,1.314890E3,6.779341E2
5.470833E0,,,,,
5.475000E0,1410,1.153260E1,-4.407509E0,1.316444E3,6.765342E2
5.479167E0,,,,,
5.483333E0,1412,1.159016E1,-4.362946E0,1.318221E3,6.751588E2
5.487500E0,,,,,
5.491667E0,1414,1.165677E1,-4.304435E0,1.320277E3,6.733529E2
5.495833E0,,,,,
5.500000E0,1416,1.171039E1,-4.263750E0,1.321932E3,6.720972E2
5.504167E0,,,,,
5.508333E0,1418,1.177545E1,-4.211881E0,1.323940E3,6.704963E2
5.512500E0,,,,,
5.516667E0,1420,1.182376E1,-4.176029E0,1.325431E3,6.693898E2
5.520833E0,,,,,
5.525000E0,1422,1.186889E1,-4.141275E0,1.326824E3,6.683171E2
5.529167E0,,,,,
5.533333E0,1424,1.189084E1,-4.109978E0,1.327501E3,6.673512E2
5.537500E0,,,,,
5.541667E0,1426,1.192545E1,-4.087459E0,1.328569E3,6.666561E2
5.545833E0,,,,,
5.550000E0,1428,1.193960E1,-4.064549E0,1.329006E3,6.659490E2
5.554167E0,,,,,
5.558333E0,1430,1.195383E1,-4.047792E0,1.329445E3,6.654318E2
5.562500E0,,,,,
5.566667E0,1432,1.197233E1,-4.037310E0,1.330016E3,6.651083E2
5.570833E0,,,,,
5.575000E0,1434,1.198834E1,-4.026674E0,1.330511E3,6.647801E2
5.579167E0,,,,,
5.583333E0,1436,1.200390E1,-4.017043E0,1.330991E3,6.644828E2
5.587500E0,,,,,
5.591667E0,1438,1.203071E1,-3.996085E0,1.331818E3,6.638360E2
5.595833E0,,,,,
5.600000E0,1440,1.207498E1,-3.955648E0,1.333184E3,6.625879E2
5.604167E0,,,,,
5.608333E0,1442,1.210737E1,-3.930231E0,1.334184E3,6.618034E2
5.612500E0,,,,,
5.616667E0,1444,1.214924E1,-3.881031E0,1.335477E3,6.602849E2
5.620833E0,,,,,
5.625000E0,1446,1.221687E1,-3.836123E0,1.337564E3,6.588988E2
5.629167E0,,,,,
5.633333E0,1448,1.227000E1,-3.796408E0,1.339204E3,6.576731E2
5.637500E0,,,,,
5.641667E0,1450,1.233191E1,-3.742055E0,1.341114E3,6.559955E2
5.645833E0,,,,,
5.650000E0,1452,1.240427E1,-3.693487E0,1.343348E3,6.544965E2
5.654167E0,,,,,
5.658333E0,1454,1.246344E1,-3.645514E0,1.345174E3,6.530159E2
5.662500E0,,,,,
5.666667E0,1456,1.250163E1,-3.604699E0,1.346353E3,6.517562E2
5.670833E0,,,,,
5.675000E0,1458,1.254361E1,-3.563642E0,1.347649E3,6.504890E2
5.679167E0,,,,,
5.683333E0,1460,1.258526E1,-3.529916E0,1.348934E3,6.494480E2
5.687500E0,,,,,
5.691667E0,1462,1.261800E1,-3.493014E0,1.349944E3,6.483091E2
5.695833E0,,,,,
5.700000E0,1464,1.264857E1,-3.478861E0,1.350888E3,6.478723E2
5.704167E0,,,,,
5.708333E0,1466,1.266780E1,-3.481729E0,1.351482E3,6.479608E2
5.712500E0,,,,,
5.716667E0,1468,1.267590E1,-3.458589E0,1.351732E3,6.472466E2
5.720833E0,,,,,
5.725000E0,1470,1.267861E1,-3.446834E0,1.351815E3,6.468838E2
5.729167E0,,,,,
5.733333E0,1472,1.270401E1,-3.427442E0,1.352599E3,6.462852E2
5.737500E0,,,,,
5.741667E0,1474,1.273052E1,-3.412144E0,1.353417E3,6.458131E2
5.745833E0,,,,,
5.750000E0,1476,1.275699E1,-3.383776E0,1.354234E3,6.449375E2
5.754167E0,,,,,
5.758333E0,1478,1.279583E1,-3.359202E0,1.355433E3,6.441791E2
5.762500E0,,,,,
5.766667E0,1480,1.285124E1,-3.313103E0,1.357143E3,6.427563E2
5.770833E0,,,,,
5.775000E0,1482,1.289608E1,-3.281975E0,1.358527E3,6.417955E2
5.779167E0,,,,,
5.783333E0,1484,1.296821E1,-3.238154E0,1.360753E3,6.404430E2
5.787500E0,,,,,
5.791667E0,1486,1.302429E1,-3.200352E0,1.362484E3,6.392763E2
5.795833E0,,,,,
5.800000E0,1488,1.308366E1,-3.151426E0,1.364317E3,6.377662E2
5.804167E0,,,,,
5.808333E0,1490,1.315110E1,-3.101807E0,1.366398E3,6.362348E2
5.812500E0,,,,,
5.816667E0,1492,1.320840E1,-3.066428E0,1.368167E3,6.351428E2
5.820833E0,,,,,
5.825000E0,1494,1.325801E1,-3.028293E0,1.369698E3,6.339658E2
5.829167E0,,,,,
5.833333E0,1496,1.331391E1,-2.997779E0,1.371423E3,6.330240E2
5.837500E0,,,,,
5.841667E0,1498,1.335496E1,-2.959997E0,1.372690E3,6.318579E2
5.845833E0,,,,,
5.850000E0,1500,1.337946E1,-2.946849E0,1.373446E3,6.314521E2
5.854167E0,,,,,
5.858333E0,1502,1.340326E1,-2.921093E0,1.374181E3,6.306572E2
5.862500E0,,,,,
5.866667E0,1504,1.341364E1,-2.914151E0,1.374501E3,6.304429E2
5.870833E0,,,,,
5.875000E0,1506,1.343299E1,-2.894750E0,1.375099E3,6.298441E2
5.879167E0,,,,,
5.883333E0,1508,1.344736E1,-2.895877E0,1.375542E3,6.298789E2
5.887500E0,,,,,
5.891667E0,1510,1.347097E1,-2.873658E0,1.376271E3,6.291932E2
5.895833E0,,,,,
5.900000E0,1512,1.350045E1,-2.850208E0,1.377181E3,6.284694E2
5.904167E0,,,,,
5.908333E0,1514,1.352502E1,-2.829226E0,1.377939E3,6.278218E2
5.912500E0,,,,,
5.916667E0,1516,1.357694E1,-2.814570E0,1.379541E3,6.273694E2
5.920833E0,,,,,
5.925000E0,1518,1.363049E1,-2.761993E0,1.381194E3,6.257467E2
5.929167E0,,,,,
5.933333E0,1520,1.368702E1,-2.736007E0,1.382939E3,6.249447E2
5.937500E0,,,,,
5.941667E0,1522,1.376630E1,-2.704246E0,1.385386E3,6.239644E2
5.945833E0,,,,,
5.950000E0,1524,1.383968E1,-2.645246E0,1.387651E3,6.221434E2
5.954167E0,,,,,
5.958333E0,1526,1.388487E1,-2.600758E0,1.389045E3,6.207703E2
5.962500E0,,,,,
5.966667E0,1528,1.395841E1,-2.559733E0,1.391315E3,6.195041E2
5.970833E0,,,,,
5.975000E0,1530,1.400860E1,-2.520149E0,1.392864E3,6.182824E2
5.979167E0,,,,,
5.983333E0,1532,1.406941E1,-2.508902E0,1.394741E3,6.179352E2
5.987500E0,,,,,
5.991667E0,1534,1.411728E1,-2.473537E0,1.396219E3,6.168437E2
5.995833E0,,,,,
6.000000E0,1536,1.414138E1,-2.449871E0,1.396962E3,6.161133E2
6.004167E0,,,,,
6.008333E0,1538,1.416211E1,-2.437306E0,1.397602E3,6.157255E2
6.012500E0,,,,,
6.016667E0,1540,1.418635E1,-2.434394E0,1.398350E3,6.156356E2
6.020833E0,,,,,
6.025000E0,1542,1.419634E1,-2.413307E0,1.398659E3,6.149848E2
6.029167E0,,,,,
6.033333E0,1544,1.421144E1,-2.397267E0,1.399125E3,6.144897E2
6.037500E0,,,,,
6.041667E0,1546,1.423741E1,-2.383776E0,1.399926E3,6.140733E2
6.045833E0,,,,,
6.050000E0,1548,1.426836E1,-2.374495E0,1.400881E3,6.137869E2
6.054167E0,,,,,
6.058333E0,1550,1.428624E1,-2.349811E0,1.401433E3,6.130250E2
6.062500E0,,,,,
6.066667E0,1552,1.432617E1,-2.313018E0,1.402666E3,6.118894E2
6.070833E0,,,,,
6.075000E0,1554,1.436520E1,-2.265881E0,1.403870E3,6.104346E2
6.079167E0,,,,,
6.083333E0,1556,1.441226E1,-2.219731E0,1.405323E3,6.090102E2
6.087500E0,,,,,
6.091667E0,1558,1.446184E1,-2.162877E0,1.406853E3,6.072555E2
6.095833E0,,,,,
6.100000E0,1560,1.452522E1,-2.109493E0,1.408809E3,6.056078E2
6.104167E0,,,,,
6.108333E0,1562,1.458052E1,-2.053807E0,1.410516E3,6.038891E2
6.112500E0,,,,,
6.116667E0,1564,1.462149E1,-1.986461E0,1.411780E3,6.018105E2
6.120833E0,,,,,
6.125000E0,1566,1.466997E1,-1.935441E0,1.413277E3,6.002358E2
6.129167E0,,,,,
6.133333E0,1568,1.469876E1,-1.883330E0,1.414166E3,5.986275E2
6.137500E0,,,,,
6.141667E0,1570,1.473251E1,-1.844332E0,1.415207E3,5.974238E2
6.145833E0,,,,,
6.150000E0,1572,1.475753E1,-1.804838E0,1.415979E3,5.962049E2
6.154167E0,,,,,
6.158333E0,1574,1.479184E1,-1.783198E0,1.417038E3,5.955370E2
6.162500E0,,,,,
6.166667E0,1576,1.481500E1,-1.756129E0,1.417753E3,5.947015E2
6.170833E0,,,,,
6.175000E0,1578,1.480948E1,-1.738398E0,1.417583E3,5.941542E2
6.179167E0,,,,,
6.183333E0,1580,1.482669E1,-1.714467E0,1.418114E3,5.934157E2
6.187500E0,,,,,
6.191667E0,1582,1.484483E1,-1.712505E0,1.418674E3,5.933551E2
6.195833E0,,,,,
6.200000E0,1584,1.487512E1,-1.688904E0,1.419609E3,5.926267E2
6.204167E0,,,,,
6.208333E0,1586,1.488262E1,-1.663128E0,1.419840E3,5.918311E2
6.212500E0,,,,,
6.216667E0,1588,1.487942E1,-1.666020E0,1.419741E3,5.919204E2
6.220833E0,,,,,
6.225000E0,1590,1.484992E1,-1.698499E0,1.418831E3,5.929228E2
6.229167E0,,,,,
6.233333E0,1592,1.480158E1,-1.756095E0,1.417339E3,5.947004E2
6.237500E0,,,,,
6.241667E0,1594,1.476149E1,-1.797396E0,1.416102E3,5.959752E2
6.245833E0,,,,,
6.250000E0,1596,1.471431E1,-1.859622E0,1.414645E3,5.978957E2
6.254167E0,,,,,
6.258333E0,1598,1.465382E1,-1.930258E0,1.412778E3,6.000759E2
6.262500E0,,,,,
6.266667E0,1600,1.460038E1,-1.975252E0,1.411129E3,6.014646E2
6.270833E0,,,,,
6.275000E0,1602,1.453448E1,-2.026196E0,1.409095E3,6.030369E2
6.279167E0,,,,,
6.283333E0,1604,1.449944E1,-2.075072E0,1.408013E3,6.045454E2
6.287500E0,,,,,
6.291667E0,1606,1.446007E1,-2.131006E0,1.406799E3,6.062718E2
6.295833E0,,,,,
6.300000E0,1608,1.443383E1,-2.170549E0,1.405989E3,6.074923E2
6.304167E0,,,,,
6.308333E0,1610,1.440221E1,-2.200353E0,1.405013E3,6.084121E2
6.312500E0,,,,,
6.316667E0,1612,1.438230E1,-2.214541E0,1.404398E3,6.088500E2
6.320833E0,,,,,
6.325000E0,1614,1.436516E1,-2.248415E0,1.403869E3,6.098955E2
6.329167E0,,,,,
6.333333E0,1616,1.436394E1,-2.258419E0,1.403831E3,6.102043E2
6.337500E0,,,,,
6.341667E0,1618,1.433507E1,-2.271960E0,1.402940E3,6.106222E2
6.345833E0,,,,,
6.350000E0,1620,1.432800E1,-2.291733E0,1.402722E3,6.112325E2
6.354167E0,,,,,
6.358333E0,1622,1.430678E1,-2.305538E0,1.402067E3,6.116586E2
6.362500E0,,,,,
6.366667E0,1624,1.428926E1,-2.351866E0,1.401527E3,6.130884E2
6.370833E0,,,,,
6.375000E0,1626,1.426402E1,-2.387587E0,1.400747E3,6.141910E2
6.379167E0,,,,,
6.383333E0,1628,1.421764E1,-2.436410E0,1.399316E3,6.156978E2
6.387500E0,,,,,
6.391667E0,1630,1.417824E1,-2.484418E0,1.398100E3,6.171796E2
6.395833E0,,,,,
6.400000E0,1632,1.413980E1,-2.544611E0,1.396914E3,6.190374E2
6.404167E0,,,,,
6.408333E0,1634,1.409358E1,-2.607378E0,1.395487E3,6.209746E2
6.412500E0,,,,,
6.416667E0,1636,1.404138E1,-2.675374E0,1.393876E3,6.230733E2
6.420833E0,,,,,
6.425000E0,1638,1.400309E1,-2.737385E0,1.392694E3,6.249872E2
6.429167E0,,,,,
6.433333E0,1640,1.395391E1,-2.791399E0,1.391176E3,6.266543E2
6.437500E0,,,,,
6.441667E0,1642,1.392108E1,-2.837810E0,1.390163E3,6.280867E2
6.445833E0,,,,,
6.450000E0,1644,1.389726E1,-2.876362E0,1.389428E3,6.292766E2
6.454167E0,,,,,
6.458333E0,1646,1.388485E1,-2.923197E0,1.389045E3,6.307221E2
6.462500E0,,,,,
6.466667E0,1648,1.385131E1,-2.944304E0,1.388010E3,6.313736E2
6.470833E0,,,,,
6.475000E0,1650,1.383883E1,-2.977218E0,1.387624E3,6.323894E2
6.479167E0,,,,,
6.483333E0,1652,1.382839E1,-2.995029E0,1.387302E3,6.329392E2
6.487500E0,,,,,
6.491667E0,1654,1.381560E1,-3.016933E0,1.386908E3,6.336152E2
6.495833E0,,,,,
6.500000E0,1656,1.379185E1,-3.024340E0,1.386174E3,6.338438E2
6.504167E0,,,,,
6.508333E0,1658,1.378763E1,-3.058362E0,1.386044E3,6.348939E2
6.512500E0,,,,,
6.516667E0,1660,1.375804E1,-3.078791E0,1.385131E3,6.355244E2
6.520833E0,,,,,
6.525000E0,1662,1.373820E1,-3.122888E0,1.384519E3,6.368854E2
6.529167E0,,,,,
6.533333E0,1664,1.370101E1,-3.155954E0,1.383371E3,6.379060E2
6.537500E0,,,,,
6.541667E0,1666,1.365657E1,-3.202201E0,1.381999E3,6.393334E2
6.545833E0,,,,,
6.550000E0,1668,1.362618E1,-3.266773E0,1.381061E3,6.413263E2
6.554167E0,,,,,
6.558333E0,1670,1.357498E1,-3.326226E0,1.379481E3,6.431613E2
6.562500E0,,,,,
6.566667E0,1672,1.353236E1,-3.394153E0,1.378165E3,6.452578E2
6.570833E0,,,,,
6.575000E0,1674,1.348517E1,-3.457024E0,1.376709E3,6.471983E2
6.579167E0,,,,,
6.583333E0,1676,1.345869E1,-3.526254E0,1.375892E3,6.493350E2
6.587500E0,,,,,
6.591667E0,1678,1.341462E1,-3.581982E0,1.374531E3,6.510550E2
6.595833E0,,,,,
6.600000E0,1680,1.339049E1,-3.631501E0,1.373787E3,6.525834E2
6.604167E0,,,,,
6.608333E0,1682,1.334920E1,-3.660301E0,1.372512E3,6.534723E2
6.612500E0,,,,,
6.616667E0,1684,1.332445E1,-3.696251E0,1.371749E3,6.545818E2
6.620833E0,,,,,
6.625000E0,1686,1.331000E1,-3.713874E0,1.371302E3,6.551258E2
6.629167E0,,,,,
6.633333E0,1688,1.328749E1,-3.733469E0,1.370608E3,6.557305E2
6.637500E0,,,,,
6.641667E0,1690,1.327871E1,-3.739744E0,1.370337E3,6.559242E2
6.645833E0,,,,,
6.650000E0,1692,1.325229E1,-3.759514E0,1.369521E3,6.565344E2
6.654167E0,,,,,
6.658333E0,1694,1.324571E1,-3.783211E0,1.369318E3,6.572658E2
6.662500E0,,,,,
6.666667E0,1696,1.323339E1,-3.801787E0,1.368938E3,6.578391E2
6.670833E0,,,,,
6.675000E0,1698,1.319600E1,-3.835630E0,1.367784E3,6.588837E2
6.679167E0,,,,,
6.683333E0,1700,1.316873E1,-3.881317E0,1.366942E3,6.602937E2
6.687500E0,,,,,
6.691667E0,1702,1.312639E1,-3.908984E0,1.365636E3,6.611477E2
6.695833E0,,,,,
6.700000E0,1704,1.306342E1,-3.955759E0,1.363692E3,6.625913E2
6.704167E0,,,,,
6.708333E0,1706,1.301362E1,-4.013281E0,1.362155E3,6.643667E2
6.712500E0,,,,,
6.716667E0,1708,1.294411E1,-4.047736E0,1.360010E3,6.654301E2
6.720833E0,,,,,
6.725000E0,1710,1.287973E1,-4.105066E0,1.358022E3,6.671996E2
6.729167E0,,,,,
6.733333E0,1712,1.283408E1,-4.152855E0,1.356614E3,6.686745E2
6.737500E0,,,,,
6.741667E0,1714,1.277731E1,-4.183332E0,1.354862E3,6.696152E2
6.745833E0,,,,,
6.750000E0,1716,1.273173E1,-4.252824E0,1.353455E3,6.717600E2
6.754167E0,,,,,
6.758333E0,1718,1.268141E1,-4.278417E0,1.351902E3,6.725499E2
6.762500E0,,,,,
6.766667E0,1720,1.265749E1,-4.306239E0,1.351163E3,6.734086E2
6.770833E0,,,,,
6.775000E0,1722,1.262542E1,-4.327209E0,1.350174E3,6.740558E2
6.779167E0,,,,,
6.783333E0,1724,1.261325E1,-4.340953E0,1.349798E3,6.744800E2
6.787500E0,,,,,
6.791667E0,1726,1.260249E1,-4.357296E0,1.349466E3,6.749844E2
6.795833E0,,,,,
6.800000E0,1728,1.256701E1,-4.365248E0,1.348371E3,6.752299E2
6.804167E0,,,,,
6.808333E0,1730,1.255764E1,-4.384825E0,1.348082E3,6.758341E2
6.812500E0,,,,,
6.816667E0,1732,1.254191E1,-4.394936E0,1.347596E3,6.761462E2
6.820833E0,,,,,
6.825000E0,1734,1.251431E1,-4.412980E0,1.346744E3,6.767031E2
6.829167E0,,,,,
6.833333E0,1736,1.247012E1,-4.437335E0,1.345380E3,6.774548E2
6.837500E0,,,,,
6.841667E0,1738,1.243882E1,-4.485482E0,1.344414E3,6.789408E2
6.845833E0,,,,,
6.850000E0,1740,1.238219E1,-4.518191E0,1.342666E3,6.799504E2
6.854167E0,,,,,
6.858333E0,1742,1.231631E1,-4.565573E0,1.340633E3,6.814127E2
6.862500E0,,,,,
6.866667E0,1744,1.225388E1,-4.603488E0,1.338706E3,6.825830E2
6.870833E0,,,,,
6.875000E0,1746,1.218768E1,-4.648704E0,1.336663E3,6.839785E2
6.879167E0,,,,,
6.883333E0,1748,1.212168E1,-4.676722E0,1.334626E3,6.848433E2
6.887500E0,,,,,
6.891667E0,1750,1.205463E1,-4.714327E0,1.332556E3,6.860039E2
6.895833E0,,,,,
6.900000E0,1752,1.199256E1,-4.748485E0,1.330641E3,6.870582E2
6.904167E0,,,,,
6.908333E0,1754,1.194885E1,-4.778150E0,1.329292E3,6.879738E2
6.912500E0,,,,,
6.916667E0,1756,1.191057E1,-4.805439E0,1.328110E3,6.888160E2
6.920833E0,,,,,
6.925000E0,1758,1.186848E1,-4.812657E0,1.326811E3,6.890388E2
6.929167E0,,,,,
6.933333E0,1760,1.185242E1,-4.836938E0,1.326316E3,6.897882E2
6.937500E0,,,,,
6.941667E0,1762,1.183377E1,-4.846319E0,1.325740E3,6.900777E2
6.945833E0,,,,,
6.950000E0,1764,1.180525E1,-4.864727E0,1.324860E3,6.906459E2
6.954167E0,,,,,
6.958333E0,1766,1.179302E1,-4.861442E0,1.324482E3,6.905445E2
6.962500E0,,,,,
6.966667E0,1768,1.177605E1,-4.875616E0,1.323958E3,6.909820E2
6.970833E0,,,,,
6.975000E0,1770,1.174346E1,-4.896785E0,1.322952E3,6.916353E2
6.979167E0,,,,,
6.983333E0,1772,1.171137E1,-4.926578E0,1.321962E3,6.925549E2
6.987500E0,,,,,
6.991667E0,1774,1.167048E1,-4.948183E0,1.320700E3,6.932217E2
6.995833E0,,,,,
7.000000E0,1776,1.162221E1,-4.979015E0,1.319210E3,6.941733E2
7.004167E0,,,,,
7.008333E0,1778,1.154806E1,-5.000728E0,1.316922E3,6.948434E2
7.012500E0,,,,,
7.016667E0,1780,1.148843E1,-5.041148E0,1.315081E3,6.960910E2
7.020833E0,,,,,
7.025000E0,1782,1.141380E1,-5.078024E0,1.312778E3,6.972291E2
7.029167E0,,,,,
7.033333E0,1784,1.133055E1,-5.106509E0,1.310208E3,6.981083E2
7.037500E0,,,,,
7.041667E0,1786,1.127743E1,-5.144976E0,1.308569E3,6.992956E2
7.045833E0,,,,,
7.050000E0,1788,1.121513E1,-5.183458E0,1.306646E3,7.004833E2
7.054167E0,,,,,
7.058333E0,1790,1.117000E1,-5.212431E0,1.305253E3,7.013775E2
7.062500E0,,,,,
7.066667E0,1792,1.111037E1,-5.232485E0,1.303413E3,7.019965E2
7.070833E0,,,,,
7.075000E0,1794,1.107364E1,-5.256359E0,1.302279E3,7.027333E2
7.079167E0,,,,,
7.083333E0,1796,1.104656E1,-5.269292E0,1.301443E3,7.031325E2
7.087500E0,,,,,
7.091667E0,1798,1.103329E1,-5.288287E0,1.301034E3,7.037187E2
7.095833E0,,,,,
7.100000E0,1800,1.101843E1,-5.292162E0,1.300575E3,7.038383E2
7.104167E0,,,,,
7.108333E0,1802,1.098731E1,-5.305847E0,1.299614E3,7.042607E2
7.112500E0,,,,,
7.116667E0,1804,1.097062E1,-5.302921E0,1.299099E3,7.041704E2
7.120833E0,,,,,
7.125000E0,1806,1.094054E1,-5.327227E0,1.298171E3,7.049206E2
7.129167E0,,,,,
7.133333E0,1808,1.092419E1,-5.347105E0,1.297666E3,7.055341E2
7.137500E0,,,,,
7.141667E0,1810,1.086789E1,-5.360193E0,1.295929E3,7.059381E2
7.145833E0,,,,,
7.150000E0,1812,1.082578E1,-5.395785E0,1.294629E3,7.070366E2
7.154167E0,,,,,
7.158333E0,1814,1.077073E1,-5.421045E0,1.292930E3,7.078162E2
7.162500E0,,,,,
7.166667E0,1816,1.069235E1,-5.472983E0,1.290511E3,7.094192E2
7.170833E0,,,,,
7.175000E0,1818,1.063320E1,-5.493270E0,1.288685E3,7.100454E2
7.179167E0,,,,,
7.183333E0,1820,1.056494E1,-5.541681E0,1.286578E3,7.115395E2
7.187500E0,,,,,
7.191667E0,1822,1.049420E1,-5.583660E0,1.284395E3,7.128352E2
7.195833E0,,,,,
7.200000E0,1824,1.043279E1,-5.618205E0,1.282500E3,7.139014E2
7.204167E0,,,,,
7.208333E0,1826,1.037540E1,-5.658370E0,1.280728E3,7.151410E2
7.212500E0,,,,,
7.216667E0,1828,1.033199E1,-5.681159E0,1.279388E3,7.158444E2
7.220833E0,,,,,
7.225000E0,1830,1.029021E1,-5.697163E0,1.278099E3,7.163384E2
7.229167E0,,,,,
7.233333E0,1832,1.026590E1,-5.721172E0,1.277349E3,7.170794E2
7.237500E0,,,,,
7.241667E0,1834,1.025360E1,-5.733381E0,1.276969E3,7.174562E2
7.245833E0,,,,,
7.250000E0,1836,1.022044E1,-5.747335E0,1.275946E3,7.178869E2
7.254167E0,,,,,
7.258333E0,1838,1.020418E1,-5.759354E0,1.275444E3,7.182578E2
7.262500E0,,,,,
7.266667E0,1840,1.018376E1,-5.774140E0,1.274813E3,7.187142E2
7.270833E0,,,,,
7.275000E0,1842,1.016375E1,-5.786245E0,1.274196E3,7.190878E2
7.279167E0,,,,,
7.283333E0,1844,1.011656E1,-5.795294E0,1.272739E3,7.193671E2
7.287500E0,,,,,
7.291667E0,1846,1.010747E1,-5.825582E0,1.272459E3,7.203019E2
7.295833E0,,,,,
7.300000E0,1848,1.005492E1,-5.862250E0,1.270837E3,7.214336E2
7.304167E0,,,,,
7.308333E0,1850,1.001452E1,-5.905859E0,1.269590E3,7.227796E2
7.312500E0,,,,,
7.316667E0,1852,9.959284E0,-5.939575E0,1.267885E3,7.238202E2
7.320833E0,,,,,
7.325000E0,1854,9.898124E0,-5.983980E0,1.265998E3,7.251907E2
7.329167E0,,,,,
7.333333E0,1856,9.840262E0,-6.038949E0,1.264212E3,7.268873E2
7.337500E0,,,,,
7.341667E0,1858,9.769107E0,-6.088094E0,1.262016E3,7.284041E2
7.345833E0,,,,,
7.350000E0,1860,9.710906E0,-6.145505E0,1.260219E3,7.301761E2
7.354167E0,,,,,
7.358333E0,1862,9.673451E0,-6.199790E0,1.259063E3,7.318516E2
7.362500E0,,,,,
7.366667E0,1864,9.631645E0,-6.241498E0,1.257773E3,7.331388E2
7.370833E0,,,,,
7.375000E0,1866,9.595835E0,-6.273319E0,1.256668E3,7.341209E2
7.379167E0,,,,,
7.383333E0,1868,9.566008E0,-6.295037E0,1.255747E3,7.347913E2
7.387500E0,,,,,
7.391667E0,1870,9.546086E0,-6.320669E0,1.255132E3,7.355824E2
7.395833E0,,,,,
7.400000E0,1872,9.516427E0,-6.336678E0,1.254217E3,7.360765E2
7.404167E0,,,,,
7.408333E0,1874,9.515067E0,-6.359442E0,1.254175E3,7.367791E2
7.412500E0,,,,,
7.416667E0,1876,9.476585E0,-6.361250E0,1.252987E3,7.368349E2
7.420833E0,,,,,
7.425000E0,1878,9.468014E0,-6.388406E0,1.252723E3,7.376730E2
7.429167E0,,,,,
7.433333E0,1880,9.459972E0,-6.402087E0,1.252474E3,7.380953E2
7.437500E0,,,,,
7.441667E0,1882,9.418910E0,-6.420854E0,1.251207E3,7.386745E2
7.445833E0,,,,,
7.450000E0,1884,9.377087E0,-6.451870E0,1.249916E3,7.396318E2
7.454167E0,,,,,
7.458333E0,1886,9.345326E0,-6.488767E0,1.248936E3,7.407706E2
7.462500E0,,,,,
7.466667E0,1888,9.287917E0,-6.545945E0,1.247164E3,7.425354E2
7.470833E0,,,,,
7.475000E0,1890,9.235024E0,-6.591500E0,1.245532E3,7.439414E2
7.479167E0,,,,,
7.483333E0,1892,9.193851E0,-6.642633E0,1.244261E3,7.455195E2
7.487500E0,,,,,
7.491667E0,1894,9.126868E0,-6.697659E0,1.242193E3,7.472179E2
7.495833E0,,,,,
7.500000E0,1896,9.059711E0,-6.751177E0,1.240121E3,7.488697E2
7.504167E0,,,,,
7.508333E0,1898,9.021955E0,-6.800477E0,1.238955E3,7.503913E2
7.512500E0,,,,,
7.516667E0,1900,8.976314E0,-6.850731E0,1.237547E3,7.519423E2
7.520833E0,,,,,
7.525000E0,1902,8.943113E0,-6.880906E0,1.236522E3,7.528736E2
7.529167E0,,,,,
7.533333E0,1904,8.893932E0,-6.915658E0,1.235004E3,7.539462E2
7.537500E0,,,,,
7.541667E0,1906,8.886010E0,-6.942547E0,1.234760E3,7.547762E2
7.545833E0,,,,,
7.550000E0,1908,8.865001E0,-6.957823E0,1.234111E3,7.552476E2
7.554167E0,,,,,
7.558333E0,1910,8.839810E0,-6.972844E0,1.233334E3,7.557112E2
7.562500E0,,,,,
7.566667E0,1912,8.821531E0,-6.988746E0,1.232769E3,7.562020E2
7.570833E0,,,,,
7.575000E0,1914,8.808704E0,-7.005108E0,1.232374E3,7.567070E2
7.579167E0,,,,,
7.583333E0,1916,8.797198E0,-7.027541E0,1.232018E3,7.573994E2
7.587500E0,,,,,
7.591667E0,1918,8.765391E0,-7.053274E0,1.231037E3,7.581937E2
7.595833E0,,,,,
7.600000E0,1920,8.743477E0,-7.069292E0,1.230360E3,7.586880E2
7.604167E0,,,,,
7.608333E0,1922,8.699151E0,-7.105754E0,1.228992E3,7.598134E2
7.612500E0,,,,,
7.616667E0,1924,8.661482E0,-7.162434E0,1.227830E3,7.615628E2
7.620833E0,,,,,
7.625000E0,1926,8.596311E0,-7.200596E0,1.225818E3,7.627406E2
7.629167E0,,,,,
7.633333E0,1928,8.541929E0,-7.246778E0,1.224140E3,7.641660E2
7.637500E0,,,,,
7.641667E0,1930,8.464081E0,-7.294918E0,1.221737E3,7.656518E2
7.645833E0,,,,,
7.650000E0,1932,8.415528E0,-7.337897E0,1.220239E3,7.669783E2
7.654167E0,,,,,
7.658333E0,1934,8.340698E0,-7.401055E0,1.217929E3,7.689276E2
7.662500E0,,,,,
7.666667E0,1936,8.300845E0,-7.430336E0,1.216699E3,7.698314E2
7.670833E0,,,,,
7.675000E0,1938,8.258506E0,-7.471689E0,1.215392E3,7.711077E2
7.679167E0,,,,,
7.683333E0,1940,8.205601E0,-7.506021E0,1.213759E3,7.721673E2
7.687500E0,,,,,
7.691667E0,1942,8.180769E0,-7.534509E0,1.212993E3,7.730466E2
7.695833E0,,,,,
7.700000E0,1944,8.167541E0,-7.561154E0,1.212585E3,7.738689E2
7.704167E0,,,,,
7.708333E0,1946,8.144750E0,-7.563167E0,1.211881E3,7.739311E2
7.712500E0,,,,,
7.716667E0,1948,8.127349E0,-7.572945E0,1.211344E3,7.742329E2
7.720833E0,,,,,
7.725000E0,1950,8.117756E0,-7.612409E0,1.211048E3,7.754509E2
7.729167E0,,,,,
7.733333E0,1952,8.097064E0,-7.618000E0,1.210409E3,7.756235E2
7.737500E0,,,,,
7.741667E0,1954,8.062582E0,-7.647514E0,1.209345E3,7.765344E2
7.745833E0,,,,,
7.750000E0,1956,8.043298E0,-7.660134E0,1.208750E3,7.769239E2
7.754167E0,,,,,
7.758333E0,1958,8.008644E0,-7.678561E0,1.207680E3,7.774926E2
7.762500E0,,,,,
7.766667E0,1960,7.967512E0,-7.725934E0,1.206411E3,7.789548E2
7.770833E0,,,,,
7.775000E0,1962,7.912680E0,-7.756867E0,1.204719E3,7.799095E2
7.779167E0,,,,,
7.783333E0,1964,7.853912E0,-7.816489E0,1.202905E3,7.817497E2
7.787500E0,,,,,
7.791667E0,1966,7.808206E0,-7.874744E0,1.201494E3,7.835476E2
7.795833E0,,,,,
7.800000E0,1968,7.736545E0,-7.937535E0,1.199282E3,7.854857E2
7.804167E0,,,,,
7.808333E0,1970,7.691035E0,-7.977360E0,1.197878E3,7.867148E2
7.812500E0,,,,,
7.816667E0,1972,7.632617E0,-8.019649E0,1.196075E3,7.880200E2
7.820833E0,,,,,
7.825000E0,1974,7.589647E0,-8.071071E0,1.194748E3,7.896071E2
7.829167E0,,,,,
7.833333E0,1976,7.538683E0,-8.101516E0,1.193175E3,7.905468E2
7.837500E0,,,,,
7.841667E0,1978,7.517650E0,-8.142864E0,1.192526E3,7.918230E2
7.845833E0,,,,,
7.850000E0,1980,7.486765E0,-8.155648E0,1.191573E3,7.922175E2
7.854167E0,,,,,
7.858333E0,1982,7.463645E0,-8.179675E0,1.190859E3,7.929591E2
7.862500E0,,,,,
7.866667E0,1984,7.442988E0,-8.193182E0,1.190222E3,7.933760E2
7.870833E0,,,,,
7.875000E0,1986,7.443055E0,-8.200014E0,1.190224E3,7.935869E2
7.879167E0,,,,,
7.883333E0,1988,7.410779E0,-8.211845E0,1.189228E3,7.939520E2
7.887500E0,,,,,
7.891667E0,1990,7.402383E0,-8.236537E0,1.188969E3,7.947141E2
7.895833E0,,,,,
7.900000E0,1992,7.364093E0,-8.272211E0,1.187787E3,7.958152E2
7.904167E0,,,,,
7.908333E0,1994,7.345641E0,-8.288069E0,1.187217E3,7.963046E2
7.912500E0,,,,,
7.916667E0,1996,7.304526E0,-8.328383E0,1.185948E3,7.975489E2
7.920833E0,,,,,
7.925000E0,1998,7.258199E0,-8.368250E0,1.184518E3,7.987793E2
7.929167E0,,,,,
7.933333E0,2000,7.211702E0,-8.422790E0,1.183083E3,8.004627E2
7.937500E0,,,,,
7.941667E0,2002,7.157645E0,-8.471523E0,1.181415E3,8.019668E2
7.945833E0,,,,,
7.950000E0,2004,7.100048E0,-8.516070E0,1.179637E3,8.033417E2
7.954167E0,,,,,
7.958333E0,2006,7.037655E0,-8.587557E0,1.177712E3,8.055481E2
7.962500E0,,,,,
7.966667E0,2008,6.994929E0,-8.652161E0,1.176393E3,8.075420E2
7.970833E0,,,,,
7.975000E0,2010,6.949135E0,-8.688015E0,1.174979E3,8.086486E2
7.979167E0,,,,,
7.983333E0,2012,6.909370E0,-8.732616E0,1.173752E3,8.100252E2
7.987500E0,,,,,
7.991667E0,2014,6.873965E0,-8.768614E0,1.172659E3,8.111362E2
7.995833E0,,,,,
8.000000E0,2016,6.840350E0,-8.796527E0,1.171622E3,8.119977E2
8.004167E0,,,,,
8.008333E0,2018,6.816956E0,-8.816612E0,1.170900E3,8.126177E2
8.012500E0,,,,,
8.016667E0,2020,6.818586E0,-8.844622E0,1.170950E3,8.134822E2
8.020833E0,,,,,
8.025000E0,2022,6.793573E0,-8.848488E0,1.170178E3,8.136015E2
8.029167E0,,,,,
8.033333E0,2024,6.767376E0,-8.875103E0,1.169370E3,8.144229E2
8.037500E0,,,,,
8.041667E0,2026,6.752456E0,-8.886641E0,1.168909E3,8.147790E2
8.045833E0,,,,,
8.050000E0,2028,6.728562E0,-8.899071E0,1.168172E3,8.151627E2
8.054167E0,,,,,
8.058333E0,2030,6.709539E0,-8.941832E0,1.167585E3,8.164825E2
8.062500E0,,,,,
8.066667E0,2032,6.684596E0,-8.956959E0,1.166815E3,8.169493E2
8.070833E0,,,,,
8.075000E0,2034,6.616043E0,-9.008319E0,1.164699E3,8.185345E2
8.079167E0,,,,,
8.083333E0,2036,6.576400E0,-9.050677E0,1.163475E3,8.198419E2
8.087500E0,,,,,
8.091667E0,2038,6.532581E0,-9.090408E0,1.162123E3,8.210682E2
8.095833E0,,,,,
8.100000E0,2040,6.466967E0,-9.139388E0,1.160098E3,8.225799E2
8.104167E0,,,,,
8.108333E0,2042,6.408489E0,-9.197456E0,1.158293E3,8.243721E2
8.112500E0,,,,,
8.116667E0,2044,6.340411E0,-9.249521E0,1.156192E3,8.259790E2
8.120833E0,,,,,
8.125000E0,2046,6.283573E0,-9.291427E0,1.154437E3,8.272725E2
8.129167E0,,,,,
8.133333E0,2048,6.239057E0,-9.333486E0,1.153063E3,8.285705E2
8.137500E0,,,,,
8.141667E0,2050,6.185663E0,-9.361624E0,1.151416E3,8.294390E2
8.145833E0,,,,,
8.150000E0,2052,6.150596E0,-9.388016E0,1.150333E3,8.302536E2
8.154167E0,,,,,
8.158333E0,2054,6.131377E0,-9.424745E0,1.149740E3,8.313872E2
8.162500E0,,,,,
8.166667E0,2056,6.120189E0,-9.426251E0,1.149395E3,8.314337E2
8.170833E0,,,,,
8.175000E0,2058,6.101783E0,-9.451098E0,1.148827E3,8.322005E2
8.179167E0,,,,,
8.183333E0,2060,6.081312E0,-9.462021E0,1.148195E3,8.325377E2
8.187500E0,,,,,
8.191667E0,2062,6.062076E0,-9.482892E0,1.147601E3,8.331818E2
8.195833E0,,,,,
8.200000E0,2064,6.048699E0,-9.498233E0,1.147188E3,8.336553E2
8.204167E0,,,,,
8.208333E0,2066,6.031005E0,-9.509702E0,1.146642E3,8.340093E2
8.212500E0,,,,,
8.216667E0,2068,5.987172E0,-9.561007E0,1.145289E3,8.355928E2
8.220833E0,,,,,
8.225000E0,2070,5.948526E0,-9.587247E0,1.144096E3,8.364027E2
8.229167E0,,,,,
8.233333E0,2072,5.908130E0,-9.620751E0,1.142850E3,8.374367E2
8.237500E0,,,,,
8.241667E0,2074,5.853865E0,-9.683278E0,1.141175E3,8.393666E2
8.245833E0,,,,,
8.250000E0,2076,5.802606E0,-9.739271E0,1.139593E3,8.410948E2
8.254167E0,,,,,
8.258333E0,2078,5.745923E0,-9.795633E0,1.137843E3,8.428343E2
8.262500E0,,,,,
8.266667E0,2080,5.683022E0,-9.842031E0,1.135902E3,8.442664E2
8.270833E0,,,,,
8.275000E0,2082,5.619546E0,-9.896509E0,1.133943E3,8.459478E2
8.279167E0,,,,,
8.283333E0,2084,5.570914E0,-9.924711E0,1.132442E3,8.468182E2
8.287500E0,,,,,
8.291667E0,2086,5.531356E0,-9.983122E0,1.131221E3,8.486211E2
8.295833E0,,,,,
8.300000E0,2088,5.488719E0,-9.994627E0,1.129905E3,8.489762E2
8.304167E0,,,,,
8.308333E0,2090,5.453655E0,-1.002965E1,1.128823E3,8.500571E2
8.312500E0,,,,,
8.316667E0,2092,5.433569E0,-1.003195E1,1.128203E3,8.501282E2
8.320833E0,,,,,
8.325000E0,2094,5.419445E0,-1.004459E1,1.127767E3,8.505181E2
8.329167E0,,,,,
8.333333E0,2096,5.398673E0,-1.006733E1,1.127126E3,8.512202E2
8.337500E0,,,,,
8.341667E0,2098,5.368496E0,-1.007563E1,1.126194E3,8.514764E2
8.345833E0,,,,,
8.350000E0,2100,5.363277E0,-1.009838E1,1.126033E3,8.521783E2
8.354167E0,,,,,
8.358333E0,2102,5.340475E0,-1.011383E1,1.125329E3,8.526552E2
8.362500E0,,,,,
8.366667E0,2104,5.302035E0,-1.013279E1,1.124143E3,8.532403E2
8.370833E0,,,,,
8.375000E0,2106,5.269343E0,-1.017300E1,1.123134E3,8.544814E2
8.379167E0,,,,,
8.383333E0,2108,5.225020E0,-1.020565E1,1.121766E3,8.554892E2
8.387500E0,,,,,
8.391667E0,2110,5.164897E0,-1.024539E1,1.119910E3,8.567157E2
8.395833E0,,,,,
8.400000E0,2112,5.120732E0,-1.028168E1,1.118547E3,8.578358E2
8.404167E0,,,,,
8.408333E0,2114,5.060387E0,-1.035629E1,1.116685E3,8.601386E2
8.412500E0,,,,,
8.416667E0,2116,4.992215E0,-1.040401E1,1.114581E3,8.616115E2
8.420833E0,,,,,
8.425000E0,2118,4.930233E0,-1.044195E1,1.112668E3,8.627824E2
8.429167E0,,,,,
8.433333E0,2120,4.881426E0,-1.049665E1,1.111161E3,8.644708E2
8.437500E0,,,,,
8.441667E0,2122,4.830270E0,-1.053924E1,1.109582E3,8.657851E2
8.445833E0,,,,,
8.450000E0,2124,4.792518E0,-1.057587E1,1.108417E3,8.669157E2
8.454167E0,,,,,
8.458333E0,2126,4.760787E0,-1.060650E1,1.107438E3,8.678610E2
8.462500E0,,,,,
8.466667E0,2128,4.749141E0,-1.062589E1,1.107078E3,8.684597E2
8.470833E0,,,,,
8.475000E0,2130,4.715475E0,-1.065060E1,1.106039E3,8.692223E2
8.479167E0,,,,,
8.483333E0,2132,4.696522E0,-1.064746E1,1.105454E3,8.691254E2
8.487500E0,,,,,
8.491667E0,2134,4.695018E0,-1.066594E1,1.105408E3,8.696956E2
8.495833E0,,,,,
8.500000E0,2136,4.651837E0,-1.066706E1,1.104075E3,8.697301E2
8.504167E0,,,,,
8.508333E0,2138,4.644605E0,-1.069938E1,1.103852E3,8.707278E2
8.512500E0,,,,,
8.516667E0,2140,4.614955E0,-1.071181E1,1.102937E3,8.711114E2
8.520833E0,,,,,
8.525000E0,2142,4.567689E0,-1.073961E1,1.101478E3,8.719695E2
8.529167E0,,,,,
8.533333E0,2144,4.537241E0,-1.076098E1,1.100538E3,8.726290E2
8.537500E0,,,,,
8.541667E0,2146,4.481328E0,-1.080068E1,1.098813E3,8.738543E2
8.545833E0,,,,,
8.550000E0,2148,4.411169E0,-1.084641E1,1.096647E3,8.752656E2
8.554167E0,,,,,
8.558333E0,2150,4.345421E0,-1.086764E1,1.094618E3,8.759211E2
8.562500E0,,,,,
8.566667E0,2152,4.279085E0,-1.093087E1,1.092571E3,8.778726E2
8.570833E0,,,,,
8.575000E0,2154,4.212069E0,-1.098064E1,1.090502E3,8.794086E2
8.579167E0,,,,,
8.583333E0,2156,4.154178E0,-1.100302E1,1.088715E3,8.800994E2
8.587500E0,,,,,
8.591667E0,2158,4.100813E0,-1.105369E1,1.087068E3,8.816631E2
8.595833E0,,,,,
8.600000E0,2160,4.050911E0,-1.107256E1,1.085528E3,8.822457E2
8.604167E0,,,,,
8.608333E0,2162,4.017897E0,-1.110986E1,1.084509E3,8.833969E2
8.612500E0,,,,,
8.616667E0,2164,3.983202E0,-1.113598E1,1.083438E3,8.842032E2
8.620833E0,,,,,
8.625000E0,2166,3.960624E0,-1.115334E1,1.082741E3,8.847389E2
8.629167E0,,,,,
8.633333E0,2168,3.942544E0,-1.116103E1,1.082183E3,8.849762E2
8.637500E0,,,,,
8.641667E0,2170,3.923639E0,-1.116478E1,1.081600E3,8.850918E2
8.645833E0,,,,,
8.650000E0,2172,3.905155E0,-1.118288E1,1.081029E3,8.856506E2
8.654167E0,,,,,
8.658333E0,2174,3.886733E0,-1.119600E1,1.080461E3,8.860556E2
8.662500E0,,,,,
8.666667E0,2176,3.863407E0,-1.121042E1,1.079741E3,8.865006E2
8.670833E0,,,,,
8.675000E0,2178,3.821140E0,-1.123845E1,1.078436E3,8.873658E2
8.679167E0,,,,,
8.683333E0,2180,3.788929E0,-1.126022E1,1.077442E3,8.880377E2
8.687500E0,,,,,
8.691667E0,2182,3.725093E0,-1.129714E1,1.075472E3,8.891771E2
8.695833E0,,,,,
8.700000E0,2184,3.671212E0,-1.132766E1,1.073809E3,8.901190E2
8.704167E0,,,,,
8.708333E0,2186,3.601168E0,-1.136368E1,1.071647E3,8.912308E2
8.712500E0,,,,,
8.716667E0,2188,3.537668E0,-1.141856E1,1.069687E3,8.929246E2
8.720833E0,,,,,
8.725000E0,2190,3.460203E0,-1.145344E1,1.067296E3,8.940012E2
8.729167E0,,,,,
8.733333E0,2192,3.404275E0,-1.149006E1,1.065570E3,8.951315E2
8.737500E0,,,,,
8.741667E0,2194,3.339924E0,-1.151576E1,1.063584E3,8.959245E2
8.745833E0,,,,,
8.750000E0,2196,3.297123E0,-1.154899E1,1.062263E3,8.969503E2
8.754167E0,,,,,
8.758333E0,2198,3.238438E0,-1.157023E1,1.060452E3,8.976058E2
8.762500E0,,,,,
8.766667E0,2200,3.202000E0,-1.160131E1,1.059327E3,8.985653E2
8.770833E0,,,,,
8.775000E0,2202,3.162701E0,-1.160922E1,1.058114E3,8.988093E2
8.779167E0,,,,,
8.783333E0,2204,3.149037E0,-1.163110E1,1.057693E3,8.994845E2
8.787500E0,,,,,
8.791667E0,2206,3.129246E0,-1.162416E1,1.057082E3,8.992702E2
8.795833E0,,,,,
8.800000E0,2208,3.121524E0,-1.164196E1,1.056843E3,8.998197E2
8.804167E0,,,,,
8.808333E0,2210,3.095297E0,-1.164606E1,1.056034E3,8.999462E2
8.812500E0,,,,,
8.816667E0,2212,3.083194E0,-1.167565E1,1.055660E3,9.008594E2
8.820833E0,,,,,
8.825000E0,2214,3.047032E0,-1.169503E1,1.054544E3,9.014576E2
8.829167E0,,,,,
8.833333E0,2216,3.016877E0,-1.170521E1,1.053613E3,9.017720E2
8.837500E0,,,,,
8.841667E0,2218,2.951555E0,-1.174135E1,1.051597E3,9.028872E2
8.845833E0,,,,,
8.850000E0,2220,2.894175E0,-1.176400E1,1.049826E3,9.035864E2
8.854167E0,,,,,
8.858333E0,2222,2.839992E0,-1.180405E1,1.048154E3,9.048227E2
8.862500E0,,,,,
8.866667E0,2224,2.761182E0,-1.183796E1,1.045722E3,9.058693E2
8.870833E0,,,,,
8.875000E0,2226,2.694948E0,-1.188028E1,1.043677E3,9.071753E2
8.879167E0,,,,,
8.883333E0,2228,2.631537E0,-1.191197E1,1.041720E3,9.081533E2
8.887500E0,,,,,
8.891667E0,2230,2.565873E0,-1.195007E1,1.039694E3,9.093294E2
8.895833E0,,,,,
8.900000E0,2232,2.502553E0,-1.198996E1,1.037739E3,9.105606E2
8.904167E0,,,,,
8.908333E0,2234,2.458832E0,-1.200405E1,1.036390E3,9.109955E2
8.912500E0,,,,,
8.916667E0,2236,2.411465E0,-1.203269E1,1.034928E3,9.118793E2
8.920833E0,,,,,
8.925000E0,2238,2.386176E0,-1.204789E1,1.034147E3,9.123484E2
8.929167E0,,,,,
8.933333E0,2240,2.344546E0,-1.205551E1,1.032863E3,9.125835E2
8.937500E0,,,,,
8.941667E0,2242,2.334608E0,-1.206870E1,1.032556E3,9.129906E2
8.945833E0,,,,,
8.950000E0,2244,2.316709E0,-1.208451E1,1.032003E3,9.134786E2
8.954167E0,,,,,
8.958333E0,2246,2.296011E0,-1.209060E1,1.031365E3,9.136666E2
8.962500E0,,,,,
8.966667E0,2248,2.284534E0,-1.209988E1,1.031010E3,9.139531E2
8.970833E0,,,,,
8.975000E0,2250,2.250345E0,-1.212987E1,1.029955E3,9.148786E2
8.979167E0,,,,,
8.983333E0,2252,2.222076E0,-1.214836E1,1.029083E3,9.154493E2
8.987500E0,,,,,
8.991667E0,2254,2.181543E0,-1.218672E1,1.027832E3,9.166335E2
8.995833E0,,,,,
9.000000E0,2256,2.123277E0,-1.221409E1,1.026033E3,9.174781E2
9.004167E0,,,,,
9.008333E0,2258,2.073865E0,-1.224858E1,1.024508E3,9.185425E2
9.012500E0,,,,,
9.016667E0,2260,2.016259E0,-1.229133E1,1.022730E3,9.198620E2
9.020833E0,,,,,
9.025000E0,2262,1.946410E0,-1.234703E1,1.020574E3,9.215812E2
9.029167E0,,,,,
9.033333E0,2264,1.879414E0,-1.240036E1,1.018507E3,9.232270E2
9.037500E0,,,,,
9.041667E0,2266,1.811429E0,-1.244277E1,1.016408E3,9.245361E2
9.045833E0,,,,,
9.050000E0,2268,1.779804E0,-1.248378E1,1.015432E3,9.258019E2
9.054167E0,,,,,
9.058333E0,2270,1.711177E0,-1.252309E1,1.013314E3,9.270153E2
9.062500E0,,,,,
9.066667E0,2272,1.680779E0,-1.255338E1,1.012376E3,9.279501E2
9.070833E0,,,,,
9.075000E0,2274,1.649954E0,-1.257894E1,1.011425E3,9.287389E2
9.079167E0,,,,,
9.083333E0,2276,1.622281E0,-1.260095E1,1.010570E3,9.294182E2
9.087500E0,,,,,
9.091667E0,2278,1.598715E0,-1.261289E1,1.009843E3,9.297868E2
9.095833E0,,,,,
9.100000E0,2280,1.581103E0,-1.261725E1,1.009299E3,9.299212E2
9.104167E0,,,,,
9.108333E0,2282,1.570343E0,-1.263303E1,1.008967E3,9.304084E2
9.112500E0,,,,,
9.116667E0,2284,1.539446E0,-1.265650E1,1.008014E3,9.311329E2
9.120833E0,,,,,
9.125000E0,2286,1.528857E0,-1.267793E1,1.007687E3,9.317942E2
9.129167E0,,,,,
9.133333E0,2288,1.498529E0,-1.269058E1,1.006751E3,9.321844E2
9.137500E0,,,,,
9.141667E0,2290,1.449201E0,-1.272339E1,1.005228E3,9.331971E2
9.145833E0,,,,,
9.150000E0,2292,1.422752E0,-1.275837E1,1.004412E3,9.342768E2
9.154167E0,,,,,
9.158333E0,2294,1.371747E0,-1.279966E1,1.002838E3,9.355511E2
9.162500E0,,,,,
9.166667E0,2296,1.310590E0,-1.284788E1,1.000950E3,9.370395E2
9.170833E0,,,,,
9.175000E0,2298,1.244234E0,-1.289506E1,9.989023E2,9.384957E2
9.179167E0,,,,,
9.183333E0,2300,1.186444E0,-1.294884E1,9.971186E2,9.401557E2
9.187500E0,,,,,
9.191667E0,2302,1.125565E0,-1.299004E1,9.952397E2,9.414272E2
9.195833E0,,,,,
9.200000E0,2304,1.069881E0,-1.303817E1,9.935210E2,9.429126E2
9.204167E0,,,,,
9.208333E0,2306,1.025213E0,-1.308783E1,9.921424E2,9.444453E2
9.212500E0,,,,,
9.216667E0,2308,9.682369E-1,-1.313384E1,9.903839E2,9.458654E2
9.220833E0,,,,,
9.225000E0,2310,9.578177E-1,-1.315376E1,9.900623E2,9.464801E2
9.229167E0,,,,,
9.233333E0,2312,9.107640E-1,-1.317987E1,9.886100E2,9.472862E2
9.237500E0,,,,,
9.241667E0,2314,8.945559E-1,-1.321251E1,9.881097E2,9.482934E2
9.245833E0,,,,,
9.250000E0,2316,8.677975E-1,-1.321292E1,9.872839E2,9.483061E2
9.254167E0,,,,,
9.258333E0,2318,8.658720E-1,-1.323088E1,9.872244E2,9.488604E2
9.262500E0,,,,,
9.266667E0,2320,8.474416E-1,-1.323407E1,9.866556E2,9.489589E2
9.270833E0,,,,,
9.275000E0,2322,8.343282E-1,-1.326703E1,9.862509E2,9.499764E2
9.279167E0,,,,,
9.283333E0,2324,8.057793E-1,-1.327818E1,9.853697E2,9.503203E2
9.287500E0,,,,,
9.291667E0,2326,7.868630E-1,-1.331280E1,9.847859E2,9.513890E2
9.295833E0,,,,,
9.300000E0,2328,7.487234E-1,-1.334819E1,9.836087E2,9.524812E2
9.304167E0,,,,,
9.308333E0,2330,7.045611E-1,-1.338730E1,9.822457E2,9.536883E2
9.312500E0,,,,,
9.316667E0,2332,6.405573E-1,-1.343760E1,9.802703E2,9.552409E2
9.320833E0,,,,,
9.325000E0,2334,5.930917E-1,-1.348131E1,9.788053E2,9.565898E2
9.329167E0,,,,,
9.333333E0,2336,5.360208E-1,-1.354771E1,9.770439E2,9.586392E2
9.337500E0,,,,,
9.341667E0,2338,4.635891E-1,-1.358103E1,9.748083E2,9.596676E2
9.345833E0,,,,,
9.350000E0,2340,4.183222E-1,-1.363944E1,9.734112E2,9.614704E2
9.354167E0,,,,,
9.358333E0,2342,3.641043E-1,-1.367548E1,9.717378E2,9.625827E2
9.362500E0,,,,,
9.366667E0,2344,3.155095E-1,-1.372991E1,9.702379E2,9.642625E2
9.370833E0,,,,,
9.375000E0,2346,2.775713E-1,-1.374533E1,9.690670E2,9.647387E2
9.379167E0,,,,,
9.383333E0,2348,2.501712E-1,-1.377556E1,9.682213E2,9.656717E2
9.387500E0,,,,,
9.391667E0,2350,2.178718E-1,-1.380755E1,9.672244E2,9.666589E2
9.395833E0,,,,,
9.400000E0,2352,2.134527E-1,-1.382353E1,9.670880E2,9.671522E2
9.404167E0,,,,,
9.408333E0,2354,1.920752E-1,-1.383618E1,9.664282E2,9.675427E2
9.412500E0,,,,,
9.416667E0,2356,1.699169E-1,-1.386636E1,9.657444E2,9.684741E2
9.420833E0,,,,,
9.425000E0,2358,1.565456E-1,-1.388369E1,9.653317E2,9.690088E2
9.429167E0,,,,,
9.433333E0,2360,1.404299E-1,-1.388028E1,9.648343E2,9.689037E2
9.437500E0,,,,,
9.441667E0,2362,1.105592E-1,-1.391583E1,9.639123E2,9.700009E2
9.445833E0,,,,,
9.450000E0,2364,7.558604E-2,-1.395566E1,9.628329E2,9.712303E2
9.454167E0,,,,,
9.458333E0,2366,4.081455E-2,-1.398665E1,9.617597E2,9.721869E2
9.462500E0,,,,,
9.466667E0,2368,6.896391E-3,-1.405587E1,9.607129E2,9.743231E2
9.470833E0,,,,,
9.475000E0,2370,-4.779562E-2,-1.410665E1,9.590248E2,9.758905E2
9.479167E0,,,,,
9.483333E0,2372,-1.016264E-1,-1.415409E1,9.573634E2,9.773548E2
9.487500E0,,,,,
9.491667E0,2374,-1.547009E-1,-1.421752E1,9.557253E2,9.793122E2
9.495833E0,,,,,
9.500000E0,2376,-2.183916E-1,-1.427911E1,9.537595E2,9.812133E2
9.504167E0,,,,,
9.508333E0,2378,-2.544184E-1,-1.432517E1,9.526476E2,9.826348E2
9.512500E0,,,,,
9.516667E0,2380,-3.111450E-1,-1.437554E1,9.508968E2,9.841896E2
9.520833E0,,,,,
9.525000E0,2382,-3.395458E-1,-1.441473E1,9.500202E2,9.853991E2
9.529167E0,,,,,
9.533333E0,2384,-3.647318E-1,-1.445909E1,9.492428E2,9.867683E2
9.537500E0,,,,,
9.541667E0,2386,-3.843419E-1,-1.447115E1,9.486376E2,9.871404E2
9.545833E0,,,,,
9.550000E0,2388,-4.167931E-1,-1.450501E1,9.476360E2,9.881856E2
9.554167E0,,,,,
9.558333E0,2390,-4.362579E-1,-1.450851E1,9.470352E2,9.882936E2
9.562500E0,,,,,
9.566667E0,2392,-4.429649E-1,-1.452260E1,9.468282E2,9.887284E2
9.570833E0,,,,,
9.575000E0,2394,-4.514105E-1,-1.454482E1,9.465676E2,9.894142E2
9.579167E0,,,,,
9.583333E0,2396,-4.640932E-1,-1.456010E1,9.461761E2,9.898857E2
9.587500E0,,,,,
9.591667E0,2398,-5.011093E-1,-1.457803E1,9.450337E2,9.904393E2
9.595833E0,,,,,
9.600000E0,2400,-5.232239E-1,-1.461574E1,9.443511E2,9.916032E2
9.604167E0,,,,,
9.608333E0,2402,-5.657840E-1,-1.466287E1,9.430375E2,9.930578E2
9.612500E0,,,,,
9.616667E0,2404,-5.908563E-1,-1.471429E1,9.422637E2,9.946448E2
9.620833E0,,,,,
9.625000E0,2406,-6.491819E-1,-1.476446E1,9.404635E2,9.961933E2
9.629167E0,,,,,
9.633333E0,2408,-6.746727E-1,-1.483679E1,9.396768E2,9.984257E2
9.637500E0,,,,,
9.641667E0,2410,-7.346313E-1,-1.489094E1,9.378262E2,1.000097E3
9.645833E0,,,,,
9.650000E0,2412,-7.807442E-1,-1.495077E1,9.364030E2,1.001944E3
9.654167E0,,,,,
9.658333E0,2414,-7.946894E-1,-1.494705E1,9.359725E2,1.001829E3
9.662500E0,,,,,
9.666667E0,2416,-7.428277E-1,-1.488738E1,9.375732E2,9.999871E2
9.670833E0,,,,,
9.675000E0,2418,-7.110727E-1,-1.484856E1,9.385533E2,9.987888E2
9.679167E0,,,,,
9.683333E0,2420,-6.715317E-1,-1.481660E1,9.397737E2,9.978026E2
9.687500E0,,,,,
9.691667E0,2422,-6.383692E-1,-1.478069E1,9.407972E2,9.966941E2
9.695833E0,,,,,
9.700000E0,2424,-6.308437E-1,-1.476824E1,9.410295E2,9.963099E2
9.704167E0,,,,,
9.708333E0,2426,-6.221817E-1,-1.473115E1,9.412969E2,9.951653E2
9.712500E0,,,,,
9.716667E0,2428,-5.975308E-1,-1.472520E1,9.420577E2,9.949814E2
9.720833E0,,,,,
9.725000E0,2430,-5.919546E-1,-1.469894E1,9.422298E2,9.941710E2
9.729167E0,,,,,
9.733333E0,2432,-5.680841E-1,-1.469041E1,9.429665E2,9.939077E2
9.737500E0,,,,,
9.741667E0,2434,-5.560303E-1,-1.466375E1,9.433386E2,9.930847E2
9.745833E0,,,,,
9.750000E0,2436,-5.365138E-1,-1.463693E1,9.439409E2,9.922572E2
9.754167E0,,,,,
9.758333E0,2438,-5.028207E-1,-1.458719E1,9.449808E2,9.907218E2
9.762500E0,,,,,
9.766667E0,2440,-4.624987E-1,-1.455438E1,9.462253E2,9.897091E2
9.770833E0,,,,,
9.775000E0,2442,-4.188701E-1,-1.450636E1,9.475719E2,9.882270E2
9.779167E0,,,,,
9.783333E0,2444,-3.566266E-1,-1.445696E1,9.494930E2,9.867024E2
9.787500E0,,,,,
9.791667E0,2446,-3.099672E-1,-1.438969E1,9.509331E2,9.846261E2
9.795833E0,,,,,
9.800000E0,2448,-2.520947E-1,-1.434014E1,9.527193E2,9.830970E2
9.804167E0,,,,,
9.808333E0,2450,-2.029469E-1,-1.428660E1,9.542362E2,9.814444E2
9.812500E0,,,,,
9.816667E0,2452,-1.480932E-1,-1.423990E1,9.559292E2,9.800031E2
9.820833E0,,,,,
9.825000E0,2454,-9.316428E-2,-1.419571E1,9.576246E2,9.786392E2
9.829167E0,,,,,
9.833333E0,2456,-5.474638E-2,-1.415316E1,9.588103E2,9.773258E2
9.837500E0,,,,,
9.841667E0,2458,-2.999719E-2,-1.411823E1,9.595742E2,9.762477E2
9.845833E0,,,,,
9.850000E0,2460,1.001963E-2,-1.410357E1,9.608092E2,9.757953E2
9.854167E0,,,,,
9.858333E0,2462,2.281985E-2,-1.408790E1,9.612043E2,9.753116E2
9.862500E0,,,,,
9.866667E0,2464,3.537044E-2,-1.407864E1,9.615917E2,9.750258E2
9.870833E0,,,,,
9.875000E0,2466,6.218806E-2,-1.405201E1,9.624194E2,9.742041E2
9.879167E0,,,,,
9.883333E0,2468,7.248605E-2,-1.403883E1,9.627372E2,9.737972E2
9.887500E0,,,,,
9.891667E0,2470,1.021980E-1,-1.402816E1,9.636543E2,9.734678E2
9.895833E0,,,,,
9.900000E0,2472,1.299435E-1,-1.400915E1,9.645106E2,9.728812E2
9.904167E0,,,,,
9.908333E0,2474,1.587731E-1,-1.398845E1,9.654004E2,9.722423E2
9.912500E0,,,,,
9.916667E0,2476,2.026100E-1,-1.396820E1,9.667534E2,9.716172E2
9.920833E0,,,,,
9.925000E0,2478,2.584963E-1,-1.391984E1,9.684783E2,9.701246E2
9.929167E0,,,,,
9.933333E0,2480,3.131515E-1,-1.388693E1,9.701652E2,9.691088E2
9.937500E0,,,,,
9.941667E0,2482,3.858293E-1,-1.383624E1,9.724083E2,9.675443E2
9.945833E0,,,,,
9.950000E0,2484,4.458912E-1,-1.380211E1,9.742621E2,9.664911E2
9.954167E0,,,,,
9.958333E0,2486,5.148980E-1,-1.376243E1,9.763919E2,9.652663E2
9.962500E0,,,,,
9.966667E0,2488,5.797614E-1,-1.371829E1,9.783939E2,9.639041E2
9.970833E0,,,,,
9.975000E0,2490,6.304413E-1,-1.368893E1,9.799581E2,9.629980E2
9.979167E0,,,,,
9.983333E0,2492,6.948697E-1,-1.366477E1,9.819466E2,9.622523E2
9.987500E0,,,,,
9.991667E0,2494,7.348727E-1,-1.363500E1,9.831813E2,9.613335E2
