,D,,,,,
t,frame,x,y,pixelx,pixely,
0.000000E0,96,-3.016171E0,-8.008569E0,8.674083E2,7.876781E2
4.166667E-3,,,,,
8.333333E-3,98,-2.961401E0,-7.952824E0,8.690987E2,7.859575E2
1.250000E-2,,,,,
1.666667E-2,100,-2.919637E0,-7.918197E0,8.703878E2,7.848888E2
2.083333E-2,,,,,
2.500000E-2,102,-2.879976E0,-7.875889E0,8.716119E2,7.835830E2
2.916667E-2,,,,,
3.333333E-2,104,-2.847638E0,-7.851078E0,8.726099E2,7.828172E2
3.750000E-2,,,,,
4.166667E-2,106,-2.823724E0,-7.802374E0,8.733480E2,7.813140E2
4.583333E-2,,,,,
5.000000E-2,108,-2.797028E0,-7.787711E0,8.741720E2,7.808615E2
5.416667E-2,,,,,
5.833333E-2,110,-2.785586E0,-7.774961E0,8.745251E2,7.804679E2
6.250000E-2,,,,,
6.666667E-2,112,-2.770322E0,-7.756193E0,8.749962E2,7.798887E2
7.083333E-2,,,,,
7.500000E-2,114,-2.764513E0,-7.748641E0,8.751755E2,7.796556E2
7.916667E-2,,,,,
8.333333E-2,116,-2.739789E0,-7.733724E0,8.759386E2,7.791952E2
8.750000E-2,,,,,
9.166667E-2,118,-2.732810E0,-7.724156E0,8.761540E2,7.788999E2
9.583333E-2,,,,,
1.000000E-1,120,-2.721150E0,-7.699274E0,8.765139E2,7.781319E2
1.041667E-1,,,,,
1.083333E-1,122,-2.677683E0,-7.657623E0,8.778555E2,7.768464E2
1.125000E-1,,,,,
1.166667E-1,124,-2.654025E0,-7.635050E0,8.785856E2,7.761497E2
1.208333E-1,,,,,
1.250000E-1,126,-2.611588E0,-7.585002E0,8.798954E2,7.746050E2
1.291667E-1,,,,,
1.333333E-1,128,-2.575028E0,-7.539597E0,8.810238E2,7.732036E2
1.375000E-1,,,,,
1.416667E-1,130,-2.525436E0,-7.507447E0,8.825545E2,7.722113E2
1.458333E-1,,,,,
1.500000E-1,132,-2.507812E0,-7.460104E0,8.830984E2,7.707501E2
1.541667E-1,,,,,
1.583333E-1,134,-2.467583E0,-7.412181E0,8.843400E2,7.692710E2
1.625000E-1,,,,,
1.666667E-1,136,-2.439421E0,-7.389390E0,8.852092E2,7.685676E2
1.708333E-1,,,,,
1.750000E-1,138,-2.418412E0,-7.374633E0,8.858577E2,7.681121E2
1.791667E-1,,,,,
1.833333E-1,140,-2.410613E0,-7.360513E0,8.860984E2,7.676763E2
1.875000E-1,,,,,
1.916667E-1,142,-2.407438E0,-7.329071E0,8.861964E2,7.667059E2
1.958333E-1,,,,,
2.000000E-1,144,-2.389700E0,-7.322620E0,8.867438E2,7.665068E2
2.041667E-1,,,,,
2.083333E-1,146,-2.382056E0,-7.303739E0,8.869797E2,7.659240E2
2.125000E-1,,,,,
2.166667E-1,148,-2.366556E0,-7.295381E0,8.874582E2,7.656661E2
2.208333E-1,,,,,
2.250000E-1,150,-2.334118E0,-7.269282E0,8.884593E2,7.648606E2
2.291667E-1,,,,,
2.333333E-1,152,-2.309000E0,-7.237543E0,8.892346E2,7.638810E2
2.375000E-1,,,,,
2.416667E-1,154,-2.288235E0,-7.202413E0,8.898755E2,7.627967E2
2.458333E-1,,,,,
2.500000E-1,156,-2.262213E0,-7.145641E0,8.906786E2,7.610445E2
2.541667E-1,,,,,
2.583333E-1,158,-2.231000E0,-7.105941E0,8.916420E2,7.598192E2
2.625000E-1,,,,,
2.666667E-1,160,-2.192145E0,-7.064467E0,8.928412E2,7.585391E2
2.708333E-1,,,,,
2.750000E-1,162,-2.145983E0,-7.025562E0,8.942660E2,7.573383E2
2.791667E-1,,,,,
2.833333E-1,164,-2.125035E0,-6.986015E0,8.949125E2,7.561177E2
2.875000E-1,,,,,
2.916667E-1,166,-2.096189E0,-6.955571E0,8.958028E2,7.551781E2
2.958333E-1,,,,,
3.000000E-1,168,-2.071461E0,-6.923414E0,8.965660E2,7.541856E2
3.041667E-1,,,,,
3.083333E-1,170,-2.060563E0,-6.900439E0,8.969024E2,7.534765E2
3.125000E-1,,,,,
3.166667E-1,172,-2.046354E0,-6.894811E0,8.973409E2,7.533028E2
3.208333E-1,,,,,
3.250000E-1,174,-2.044185E0,-6.881089E0,8.974079E2,7.528793E2
3.291667E-1,,,,,
3.333333E-1,176,-2.046038E0,-6.856046E0,8.973507E2,7.521063E2
3.375000E-1,,,,,
3.416667E-1,178,-2.029533E0,-6.849433E0,8.978601E2,7.519023E2
3.458333E-1,,,,,
3.500000E-1,180,-2.004090E0,-6.825930E0,8.986454E2,7.511769E2
3.541667E-1,,,,,
3.583333E-1,182,-1.985877E0,-6.780457E0,8.992075E2,7.497734E2
3.625000E-1,,,,,
3.666667E-1,184,-1.950217E0,-6.761778E0,9.003081E2,7.491969E2
3.708333E-1,,,,,
3.750000E-1,186,-1.921202E0,-6.718176E0,9.012037E2,7.478511E2
3.791667E-1,,,,,
3.833333E-1,188,-1.885358E0,-6.659994E0,9.023099E2,7.460554E2
3.875000E-1,,,,,
3.916667E-1,190,-1.846661E0,-6.607858E0,9.035043E2,7.444462E2
3.958333E-1,,,,,
4.000000E-1,192,-1.820740E0,-6.564845E0,9.043043E2,7.431187E2
4.041667E-1,,,,,
4.083333E-1,194,-1.802476E0,-6.535516E0,9.048680E2,7.422135E2
4.125000E-1,,,,,
4.166667E-1,196,-1.767581E0,-6.485226E0,9.059450E2,7.406613E2
4.208333E-1,,,,,
4.250000E-1,198,-1.747325E0,-6.469011E0,9.065702E2,7.401608E2
4.291667E-1,,,,,
4.333333E-1,200,-1.742154E0,-6.448226E0,9.067298E2,7.395193E2
4.375000E-1,,,,,
4.416667E-1,202,-1.726638E0,-6.428296E0,9.072087E2,7.389042E2
4.458333E-1,,,,,
4.500000E-1,204,-1.714155E0,-6.425543E0,9.075940E2,7.388192E2
4.541667E-1,,,,,
4.583333E-1,206,-1.702997E0,-6.416589E0,9.079384E2,7.385429E2
4.625000E-1,,,,,
4.666667E-1,208,-1.696398E0,-6.403350E0,9.081420E2,7.381343E2
4.708333E-1,,,,,
4.750000E-1,210,-1.676648E0,-6.377261E0,9.087516E2,7.373290E2
4.791667E-1,,,,,
4.833333E-1,212,-1.653250E0,-6.341908E0,9.094738E2,7.362379E2
4.875000E-1,,,,,
4.916667E-1,214,-1.612751E0,-6.294337E0,9.107237E2,7.347697E2
4.958333E-1,,,,,
5.000000E-1,216,-1.582484E0,-6.259580E0,9.116579E2,7.336969E2
5.041667E-1,,,,,
5.083333E-1,218,-1.537952E0,-6.213135E0,9.130323E2,7.322634E2
5.125000E-1,,,,,
5.166667E-1,220,-1.502979E0,-6.169928E0,9.141118E2,7.309299E2
5.208333E-1,,,,,
5.250000E-1,222,-1.454372E0,-6.124055E0,9.156120E2,7.295140E2
5.291667E-1,,,,,
5.333333E-1,224,-1.454705E0,-6.074525E0,9.156017E2,7.279853E2
5.375000E-1,,,,,
5.416667E-1,226,-1.409814E0,-6.058388E0,9.169872E2,7.274873E2
5.458333E-1,,,,,
5.500000E-1,228,-1.406871E0,-6.024985E0,9.170781E2,7.264563E2
5.541667E-1,,,,,
5.583333E-1,230,-1.380846E0,-6.013959E0,9.178813E2,7.261160E2
5.625000E-1,,,,,
5.666667E-1,232,-1.368224E0,-5.993569E0,9.182709E2,7.254867E2
5.708333E-1,,,,,
5.750000E-1,234,-1.374340E0,-5.974101E0,9.180821E2,7.248858E2
5.791667E-1,,,,,
5.833333E-1,236,-1.360267E0,-5.961137E0,9.185165E2,7.244857E2
5.875000E-1,,,,,
5.916667E-1,238,-1.348613E0,-5.940955E0,9.188761E2,7.238628E2
5.958333E-1,,,,,
6.000000E-1,240,-1.336421E0,-5.918533E0,9.192524E2,7.231708E2
6.041667E-1,,,,,
6.083333E-1,242,-1.327707E0,-5.887486E0,9.195214E2,7.222125E2
6.125000E-1,,,,,
6.166667E-1,244,-1.305264E0,-5.833339E0,9.202141E2,7.205413E2
6.208333E-1,,,,,
6.250000E-1,246,-1.272319E0,-5.797526E0,9.212309E2,7.194360E2
6.291667E-1,,,,,
6.333333E-1,248,-1.250271E0,-5.741222E0,9.219114E2,7.176982E2
6.375000E-1,,,,,
6.416667E-1,250,-1.218143E0,-5.700204E0,9.229030E2,7.164322E2
6.458333E-1,,,,,
6.500000E-1,252,-1.190327E0,-5.649638E0,9.237615E2,7.148715E2
6.541667E-1,,,,,
6.583333E-1,254,-1.157110E0,-5.597622E0,9.247867E2,7.132661E2
6.625000E-1,,,,,
6.666667E-1,256,-1.143211E0,-5.561342E0,9.252157E2,7.121464E2
6.708333E-1,,,,,
6.750000E-1,258,-1.132092E0,-5.535980E0,9.255589E2,7.113636E2
6.791667E-1,,,,,
6.833333E-1,260,-1.121069E0,-5.516029E0,9.258991E2,7.107478E2
6.875000E-1,,,,,
6.916667E-1,262,-1.110666E0,-5.496474E0,9.262202E2,7.101443E2
6.958333E-1,,,,,
7.000000E-1,264,-1.092454E0,-5.490327E0,9.267823E2,7.099545E2
7.041667E-1,,,,,
7.083333E-1,266,-1.097321E0,-5.475329E0,9.266321E2,7.094916E2
7.125000E-1,,,,,
7.166667E-1,268,-1.081870E0,-5.451145E0,9.271090E2,7.087452E2
7.208333E-1,,,,,
7.250000E-1,270,-1.071179E0,-5.421754E0,9.274389E2,7.078381E2
7.291667E-1,,,,,
7.333333E-1,272,-1.054610E0,-5.388943E0,9.279503E2,7.068254E2
7.375000E-1,,,,,
7.416667E-1,274,-1.020721E0,-5.346023E0,9.289963E2,7.055007E2
7.458333E-1,,,,,
7.500000E-1,276,-1.000921E0,-5.299121E0,9.296074E2,7.040531E2
7.541667E-1,,,,,
7.583333E-1,278,-9.907708E-1,-5.240654E0,9.299207E2,7.022486E2
7.625000E-1,,,,,
7.666667E-1,280,-9.590788E-1,-5.187077E0,9.308988E2,7.005950E2
7.708333E-1,,,,,
7.750000E-1,282,-9.436424E-1,-5.133091E0,9.313752E2,6.989287E2
7.791667E-1,,,,,
7.833333E-1,284,-9.172448E-1,-5.094446E0,9.321900E2,6.977360E2
7.875000E-1,,,,,
7.916667E-1,286,-9.154335E-1,-5.054510E0,9.322459E2,6.965034E2
7.958333E-1,,,,,
8.000000E-1,288,-8.994926E-1,-5.023745E0,9.327379E2,6.955539E2
8.041667E-1,,,,,
8.083333E-1,290,-8.737923E-1,-5.018279E0,9.335311E2,6.953852E2
8.125000E-1,,,,,
8.166667E-1,292,-8.786125E-1,-4.986245E0,9.333823E2,6.943964E2
8.208333E-1,,,,,
8.250000E-1,294,-8.600399E-1,-4.975022E0,9.339556E2,6.940501E2
8.291667E-1,,,,,
8.333333E-1,296,-8.688926E-1,-4.960515E0,9.336823E2,6.936023E2
8.375000E-1,,,,,
8.416667E-1,298,-8.478318E-1,-4.950653E0,9.343324E2,6.932979E2
8.458333E-1,,,,,
8.500000E-1,300,-8.269961E-1,-4.931146E0,9.349754E2,6.926959E2
8.541667E-1,,,,,
8.583333E-1,302,-8.118645E-1,-4.885299E0,9.354425E2,6.912808E2
8.625000E-1,,,,,
8.666667E-1,304,-7.927743E-1,-4.848522E0,9.360317E2,6.901457E2
8.708333E-1,,,,,
8.750000E-1,306,-7.749770E-1,-4.803855E0,9.365810E2,6.887671E2
8.791667E-1,,,,,
8.833333E-1,308,-7.377865E-1,-4.747903E0,9.377288E2,6.870402E2
8.875000E-1,,,,,
8.916667E-1,310,-7.196173E-1,-4.685415E0,9.382896E2,6.851116E2
8.958333E-1,,,,,
9.000000E-1,312,-6.767120E-1,-4.642852E0,9.396138E2,6.837979E2
9.041667E-1,,,,,
9.083333E-1,314,-6.649867E-1,-4.591762E0,9.399757E2,6.822211E2
9.125000E-1,,,,,
9.166667E-1,316,-6.380107E-1,-4.550185E0,9.408083E2,6.809378E2
9.208333E-1,,,,,
9.250000E-1,318,-6.315837E-1,-4.527190E0,9.410067E2,6.802281E2
9.291667E-1,,,,,
9.333333E-1,320,-6.290440E-1,-4.509525E0,9.410851E2,6.796829E2
9.375000E-1,,,,,
9.416667E-1,322,-6.165307E-1,-4.495198E0,9.414713E2,6.792407E2
9.458333E-1,,,,,
9.500000E-1,324,-6.024954E-1,-4.481336E0,9.419045E2,6.788128E2
9.541667E-1,,,,,
9.583333E-1,326,-6.020754E-1,-4.454303E0,9.419174E2,6.779785E2
9.625000E-1,,,,,
9.666667E-1,328,-5.986565E-1,-4.437096E0,9.420229E2,6.774474E2
9.708333E-1,,,,,
9.750000E-1,330,-5.776774E-1,-4.408313E0,9.426704E2,6.765590E2
9.791667E-1,,,,,
9.833333E-1,332,-5.662360E-1,-4.378586E0,9.430236E2,6.756415E2
9.875000E-1,,,,,
9.916667E-1,334,-5.554701E-1,-4.335541E0,9.433559E2,6.743130E2
9.958333E-1,,,,,
1.000000E0,336,-5.201197E-1,-4.287303E0,9.444469E2,6.728242E2
1.004167E0,,,,,
1.008333E0,338,-5.013249E-1,-4.219723E0,9.450270E2,6.707384E2
1.012500E0,,,,,
1.016667E0,340,-4.742003E-1,-4.180455E0,9.458642E2,6.695264E2
1.020833E0,,,,,
1.025000E0,342,-4.568714E-1,-4.133315E0,9.463990E2,6.680715E2
1.029167E0,,,,,
1.033333E0,344,-4.200043E-1,-4.080835E0,9.475369E2,6.664517E2
1.037500E0,,,,,
1.041667E0,346,-4.173127E-1,-4.052648E0,9.476200E2,6.655817E2
1.045833E0,,,,,
1.050000E0,348,-4.029826E-1,-4.010097E0,9.480623E2,6.642684E2
1.054167E0,,,,,
1.058333E0,350,-3.816350E-1,-4.007063E0,9.487211E2,6.641748E2
1.062500E0,,,,,
1.066667E0,352,-3.906760E-1,-3.978678E0,9.484421E2,6.632987E2
1.070833E0,,,,,
1.075000E0,354,-3.822919E-1,-3.965736E0,9.487009E2,6.628993E2
1.079167E0,,,,,
1.083333E0,356,-3.726634E-1,-3.945825E0,9.489980E2,6.622847E2
1.087500E0,,,,,
1.091667E0,358,-3.590594E-1,-3.937427E0,9.494179E2,6.620255E2
1.095833E0,,,,,
1.100000E0,360,-3.437807E-1,-3.904138E0,9.498895E2,6.609981E2
1.104167E0,,,,,
1.108333E0,362,-3.263521E-1,-3.870053E0,9.504274E2,6.599461E2
1.112500E0,,,,,
1.116667E0,364,-2.967522E-1,-3.831996E0,9.513410E2,6.587715E2
1.120833E0,,,,,
1.125000E0,366,-2.925120E-1,-3.769974E0,9.514719E2,6.568572E2
1.129167E0,,,,,
1.133333E0,368,-2.473482E-1,-3.722572E0,9.528658E2,6.553942E2
1.137500E0,,,,,
1.141667E0,370,-2.280736E-1,-3.673999E0,9.534607E2,6.538950E2
1.145833E0,,,,,
1.150000E0,372,-2.020345E-1,-3.633363E0,9.542644E2,6.526408E2
1.154167E0,,,,,
1.158333E0,374,-1.926067E-1,-3.580437E0,9.545553E2,6.510073E2
1.162500E0,,,,,
1.166667E0,376,-1.756025E-1,-3.549639E0,9.550802E2,6.500568E2
1.170833E0,,,,,
1.175000E0,378,-1.522827E-1,-3.506034E0,9.557999E2,6.487109E2
1.179167E0,,,,,
1.183333E0,380,-1.377080E-1,-3.504624E0,9.562498E2,6.486674E2
1.187500E0,,,,,
1.191667E0,382,-1.350036E-1,-3.477029E0,9.563332E2,6.478157E2
1.195833E0,,,,,
1.200000E0,384,-1.298526E-1,-3.460894E0,9.564922E2,6.473177E2
1.204167E0,,,,,
1.208333E0,386,-1.253603E-1,-3.447216E0,9.566309E2,6.468955E2
1.212500E0,,,,,
1.216667E0,388,-1.207511E-1,-3.430506E0,9.567731E2,6.463798E2
1.220833E0,,,,,
1.225000E0,390,-9.220647E-2,-3.400934E0,9.576541E2,6.454671E2
1.229167E0,,,,,
1.233333E0,392,-8.272331E-2,-3.348278E0,9.579468E2,6.438419E2
1.237500E0,,,,,
1.241667E0,394,-5.400903E-2,-3.322869E0,9.588331E2,6.430577E2
1.245833E0,,,,,
1.250000E0,396,-2.398708E-2,-3.268775E0,9.597597E2,6.413881E2
1.254167E0,,,,,
1.258333E0,398,-7.587283E-3,-3.213429E0,9.602658E2,6.396799E2
1.262500E0,,,,,
1.266667E0,400,2.187300E-2,-3.158086E0,9.611751E2,6.379718E2
1.270833E0,,,,,
1.275000E0,402,4.579212E-2,-3.107616E0,9.619133E2,6.364141E2
1.279167E0,,,,,
1.283333E0,404,7.045138E-2,-3.070610E0,9.626744E2,6.352719E2
1.287500E0,,,,,
1.291667E0,406,9.287211E-2,-3.036517E0,9.633664E2,6.342197E2
1.295833E0,,,,,
1.300000E0,408,9.754583E-2,-3.009008E0,9.635107E2,6.333706E2
1.304167E0,,,,,
1.308333E0,410,9.787511E-2,-2.993300E0,9.635208E2,6.328858E2
1.312500E0,,,,,
1.316667E0,412,1.117974E-1,-2.976040E0,9.639505E2,6.323531E2
1.320833E0,,,,,
1.325000E0,414,1.277898E-1,-2.967712E0,9.644441E2,6.320961E2
1.329167E0,,,,,
1.333333E0,416,1.393085E-1,-2.944640E0,9.647996E2,6.313840E2
1.337500E0,,,,,
1.341667E0,418,1.479116E-1,-2.916307E0,9.650652E2,6.305095E2
1.345833E0,,,,,
1.350000E0,420,1.621700E-1,-2.891125E0,9.655052E2,6.297323E2
1.354167E0,,,,,
1.358333E0,422,1.760698E-1,-2.868295E0,9.659343E2,6.290276E2
1.362500E0,,,,,
1.366667E0,424,2.110747E-1,-2.817171E0,9.670147E2,6.274497E2
1.370833E0,,,,,
1.375000E0,426,2.458380E-1,-2.776346E0,9.680876E2,6.261897E2
1.379167E0,,,,,
1.383333E0,428,2.672159E-1,-2.729423E0,9.687474E2,6.247414E2
1.387500E0,,,,,
1.391667E0,430,3.020239E-1,-2.676696E0,9.698217E2,6.231141E2
1.395833E0,,,,,
1.400000E0,432,3.321994E-1,-2.633983E0,9.707531E2,6.217958E2
1.404167E0,,,,,
1.408333E0,434,3.608373E-1,-2.591036E0,9.716370E2,6.204703E2
1.412500E0,,,,,
1.416667E0,436,3.682658E-1,-2.549515E0,9.718662E2,6.191887E2
1.420833E0,,,,,
1.425000E0,438,3.888274E-1,-2.530804E0,9.725008E2,6.186112E2
1.429167E0,,,,,
1.433333E0,440,3.912863E-1,-2.505858E0,9.725767E2,6.178413E2
1.437500E0,,,,,
1.441667E0,442,3.946355E-1,-2.487035E0,9.726801E2,6.172603E2
1.445833E0,,,,,
1.450000E0,444,4.158714E-1,-2.474838E0,9.733355E2,6.168839E2
1.454167E0,,,,,
1.458333E0,446,4.227898E-1,-2.464780E0,9.735491E2,6.165735E2
1.462500E0,,,,,
1.466667E0,448,4.224047E-1,-2.436462E0,9.735372E2,6.156995E2
1.470833E0,,,,,
1.475000E0,450,4.383732E-1,-2.414602E0,9.740300E2,6.150248E2
1.479167E0,,,,,
1.483333E0,452,4.594581E-1,-2.373906E0,9.746808E2,6.137687E2
1.487500E0,,,,,
1.491667E0,454,4.926336E-1,-2.342308E0,9.757047E2,6.127935E2
1.495833E0,,,,,
1.500000E0,456,5.167155E-1,-2.277606E0,9.764480E2,6.107965E2
1.504167E0,,,,,
1.508333E0,458,5.587108E-1,-2.237253E0,9.777442E2,6.095510E2
1.512500E0,,,,,
1.516667E0,460,5.720019E-1,-2.187052E0,9.781544E2,6.080016E2
1.520833E0,,,,,
1.525000E0,462,5.936547E-1,-2.134939E0,9.788227E2,6.063932E2
1.529167E0,,,,,
1.533333E0,464,6.319565E-1,-2.093626E0,9.800048E2,6.051181E2
1.537500E0,,,,,
1.541667E0,466,6.502610E-1,-2.056203E0,9.805698E2,6.039630E2
1.545833E0,,,,,
1.550000E0,468,6.593866E-1,-2.039837E0,9.808514E2,6.034579E2
1.554167E0,,,,,
1.558333E0,470,6.761075E-1,-2.011795E0,9.813675E2,6.025924E2
1.562500E0,,,,,
1.566667E0,472,6.743431E-1,-2.003522E0,9.813131E2,6.023371E2
1.570833E0,,,,,
1.575000E0,474,6.884923E-1,-1.989629E0,9.817498E2,6.019083E2
1.579167E0,,,,,
1.583333E0,476,7.052307E-1,-1.971553E0,9.822664E2,6.013504E2
1.587500E0,,,,,
1.591667E0,478,7.023350E-1,-1.956304E0,9.821770E2,6.008798E2
1.595833E0,,,,,
1.600000E0,480,7.210052E-1,-1.928432E0,9.827532E2,6.000195E2
1.604167E0,,,,,
1.608333E0,482,7.540735E-1,-1.900417E0,9.837739E2,5.991548E2
1.612500E0,,,,,
1.616667E0,484,7.697669E-1,-1.859049E0,9.842582E2,5.978780E2
1.620833E0,,,,,
1.625000E0,486,7.987323E-1,-1.804931E0,9.851522E2,5.962078E2
1.629167E0,,,,,
1.633333E0,488,8.205093E-1,-1.755670E0,9.858244E2,5.946873E2
1.637500E0,,,,,
1.641667E0,490,8.583342E-1,-1.705736E0,9.869918E2,5.931462E2
1.645833E0,,,,,
1.650000E0,492,8.959232E-1,-1.658430E0,9.881520E2,5.916861E2
1.654167E0,,,,,
1.658333E0,494,9.055204E-1,-1.619146E0,9.884482E2,5.904736E2
1.662500E0,,,,,
1.666667E0,496,9.274684E-1,-1.580690E0,9.891256E2,5.892867E2
1.670833E0,,,,,
1.675000E0,498,9.364489E-1,-1.542496E0,9.894027E2,5.881079E2
1.679167E0,,,,,
1.683333E0,500,9.592742E-1,-1.521952E0,9.901072E2,5.874738E2
1.687500E0,,,,,
1.691667E0,502,9.509830E-1,-1.516605E0,9.898513E2,5.873088E2
1.695833E0,,,,,
1.700000E0,504,9.695717E-1,-1.499079E0,9.904251E2,5.867679E2
1.704167E0,,,,,
1.708333E0,506,9.750337E-1,-1.488412E0,9.905936E2,5.864387E2
1.712500E0,,,,,
1.716667E0,508,9.881539E-1,-1.457913E0,9.909986E2,5.854973E2
1.720833E0,,,,,
1.725000E0,510,9.928171E-1,-1.435698E0,9.911425E2,5.848117E2
1.729167E0,,,,,
1.733333E0,512,1.012305E0,-1.401628E0,9.917440E2,5.837601E2
1.737500E0,,,,,
1.741667E0,514,1.028775E0,-1.354091E0,9.922523E2,5.822929E2
1.745833E0,,,,,
1.750000E0,516,1.056008E0,-1.303360E0,9.930928E2,5.807272E2
1.754167E0,,,,,
1.758333E0,518,1.070846E0,-1.256076E0,9.935508E2,5.792678E2
1.762500E0,,,,,
1.766667E0,520,1.103391E0,-1.201349E0,9.945553E2,5.775787E2
1.770833E0,,,,,
1.775000E0,522,1.111118E0,-1.154077E0,9.947938E2,5.761197E2
1.779167E0,,,,,
1.783333E0,524,1.133470E0,-1.096506E0,9.954837E2,5.743428E2
1.787500E0,,,,,
1.791667E0,526,1.144465E0,-1.061728E0,9.958230E2,5.732694E2
1.795833E0,,,,,
1.800000E0,528,1.161905E0,-1.034564E0,9.963613E2,5.724310E2
1.804167E0,,,,,
1.808333E0,530,1.169323E0,-1.012083E0,9.965902E2,5.717371E2
1.812500E0,,,,,
1.816667E0,532,1.176248E0,-1.000276E0,9.968040E2,5.713727E2
1.820833E0,,,,,
1.825000E0,534,1.182056E0,-9.854604E-1,9.969832E2,5.709154E2
1.829167E0,,,,,
1.833333E0,536,1.187179E0,-9.577833E-1,9.971413E2,5.700612E2
1.837500E0,,,,,
1.841667E0,538,1.190340E0,-9.476583E-1,9.972389E2,5.697487E2
1.845833E0,,,,,
1.850000E0,540,1.204898E0,-9.162182E-1,9.976882E2,5.687783E2
1.854167E0,,,,,
1.858333E0,542,1.208972E0,-8.694627E-1,9.978139E2,5.673353E2
1.862500E0,,,,,
1.866667E0,544,1.219007E0,-8.229915E-1,9.981237E2,5.659010E2
1.870833E0,,,,,
1.875000E0,546,1.225303E0,-7.706363E-1,9.983180E2,5.642851E2
1.879167E0,,,,,
1.883333E0,548,1.251256E0,-7.132460E-1,9.991190E2,5.625138E2
1.887500E0,,,,,
1.891667E0,550,1.255047E0,-6.425119E-1,9.992360E2,5.603306E2
1.895833E0,,,,,
1.900000E0,552,1.274622E0,-5.967238E-1,9.998402E2,5.589174E2
1.904167E0,,,,,
1.908333E0,554,1.286531E0,-5.507697E-1,1.000208E3,5.574991E2
1.912500E0,,,,,
1.916667E0,556,1.298776E0,-5.109551E-1,1.000586E3,5.562702E2
1.920833E0,,,,,
1.925000E0,558,1.301075E0,-4.892781E-1,1.000657E3,5.556012E2
1.929167E0,,,,,
1.933333E0,560,1.312348E0,-4.620022E-1,1.001005E3,5.547593E2
1.937500E0,,,,,
1.941667E0,562,1.314126E0,-4.546377E-1,1.001059E3,5.545320E2
1.945833E0,,,,,
1.950000E0,564,1.317076E0,-4.332042E-1,1.001150E3,5.538705E2
1.954167E0,,,,,
1.958333E0,566,1.308092E0,-4.209989E-1,1.000873E3,5.534938E2
1.962500E0,,,,,
1.966667E0,568,1.327453E0,-3.965912E-1,1.001471E3,5.527405E2
1.970833E0,,,,,
1.975000E0,570,1.349487E0,-3.634023E-1,1.002151E3,5.517161E2
1.979167E0,,,,,
1.983333E0,572,1.342206E0,-3.325058E-1,1.001926E3,5.507625E2
1.987500E0,,,,,
1.991667E0,574,1.361750E0,-2.881043E-1,1.002529E3,5.493921E2
1.995833E0,,,,,
2.000000E0,576,1.378569E0,-2.381790E-1,1.003048E3,5.478512E2
2.004167E0,,,,,
2.008333E0,578,1.397672E0,-1.780941E-1,1.003638E3,5.459967E2
2.012500E0,,,,,
2.016667E0,580,1.427373E0,-1.173492E-1,1.004555E3,5.441219E2
2.020833E0,,,,,
2.025000E0,582,1.454482E0,-6.158009E-2,1.005391E3,5.424006E2
2.029167E0,,,,,
2.033333E0,584,1.476180E0,-3.313539E-2,1.006061E3,5.415227E2
2.037500E0,,,,,
2.041667E0,586,1.487108E0,1.134608E-2,1.006398E3,5.401498E2
2.045833E0,,,,,
2.050000E0,588,1.506136E0,3.647548E-2,1.006986E3,5.393742E2
2.054167E0,,,,,
2.058333E0,590,1.513232E0,6.661315E-2,1.007205E3,5.384440E2
2.062500E0,,,,,
2.066667E0,592,1.524359E0,6.368861E-2,1.007548E3,5.385343E2
2.070833E0,,,,,
2.075000E0,594,1.512049E0,8.197284E-2,1.007168E3,5.379700E2
2.079167E0,,,,,
2.083333E0,596,1.539378E0,1.109865E-1,1.008012E3,5.370745E2
2.087500E0,,,,,
2.091667E0,598,1.542644E0,1.332003E-1,1.008112E3,5.363889E2
2.095833E0,,,,,
2.100000E0,600,1.549866E0,1.598335E-1,1.008335E3,5.355669E2
2.104167E0,,,,,
2.108333E0,602,1.565310E0,1.929819E-1,1.008812E3,5.345438E2
2.112500E0,,,,,
2.116667E0,604,1.589054E0,2.303833E-1,1.009545E3,5.333894E2
2.120833E0,,,,,
2.125000E0,606,1.607194E0,2.871293E-1,1.010105E3,5.316380E2
2.129167E0,,,,,
2.133333E0,608,1.625598E0,3.322576E-1,1.010673E3,5.302451E2
2.137500E0,,,,,
2.141667E0,610,1.664368E0,3.823675E-1,1.011869E3,5.286985E2
2.145833E0,,,,,
2.150000E0,612,1.679205E0,4.391635E-1,1.012327E3,5.269456E2
2.154167E0,,,,,
2.158333E0,614,1.718657E0,4.935050E-1,1.013545E3,5.252684E2
2.162500E0,,,,,
2.166667E0,616,1.714882E0,5.337353E-1,1.013428E3,5.240267E2
2.170833E0,,,,,
2.175000E0,618,1.746797E0,5.561055E-1,1.014413E3,5.233363E2
2.179167E0,,,,,
2.183333E0,620,1.744572E0,5.637290E-1,1.014345E3,5.231010E2
2.187500E0,,,,,
2.191667E0,622,1.748547E0,5.909920E-1,1.014468E3,5.222595E2
2.195833E0,,,,,
2.200000E0,624,1.756780E0,6.022741E-1,1.014722E3,5.219113E2
2.204167E0,,,,,
2.208333E0,626,1.769942E0,6.229656E-1,1.015128E3,5.212727E2
2.212500E0,,,,,
2.216667E0,628,1.778018E0,6.306773E-1,1.015377E3,5.210347E2
2.220833E0,,,,,
2.225000E0,630,1.796690E0,6.533331E-1,1.015953E3,5.203354E2
2.229167E0,,,,,
2.233333E0,632,1.809774E0,6.907138E-1,1.016357E3,5.191817E2
2.237500E0,,,,,
2.241667E0,634,1.833361E0,7.441885E-1,1.017085E3,5.175312E2
2.245833E0,,,,,
2.250000E0,636,1.846502E0,7.997986E-1,1.017491E3,5.158149E2
2.254167E0,,,,,
2.258333E0,638,1.876247E0,8.501058E-1,1.018409E3,5.142622E2
2.262500E0,,,,,
2.266667E0,640,1.903422E0,8.995954E-1,1.019248E3,5.127347E2
2.270833E0,,,,,
2.275000E0,642,1.913565E0,9.639317E-1,1.019561E3,5.107490E2
2.279167E0,,,,,
2.283333E0,644,1.937866E0,1.000954E0,1.020311E3,5.096064E2
2.287500E0,,,,,
2.291667E0,646,1.948994E0,1.030957E0,1.020654E3,5.086803E2
2.295833E0,,,,,
2.300000E0,648,1.962469E0,1.070379E0,1.021070E3,5.074636E2
2.304167E0,,,,,
2.308333E0,650,1.975682E0,1.098338E0,1.021478E3,5.066007E2
2.312500E0,,,,,
2.316667E0,652,1.978933E0,1.097297E0,1.021578E3,5.066328E2
2.320833E0,,,,,
2.325000E0,654,1.977780E0,1.122812E0,1.021543E3,5.058453E2
2.329167E0,,,,,
2.333333E0,656,1.998066E0,1.125631E0,1.022169E3,5.057583E2
2.337500E0,,,,,
2.341667E0,658,1.986054E0,1.154208E0,1.021798E3,5.048763E2
2.345833E0,,,,,
2.350000E0,660,2.004147E0,1.186229E0,1.022356E3,5.038880E2
2.354167E0,,,,,
2.358333E0,662,2.002921E0,1.216597E0,1.022319E3,5.029507E2
2.362500E0,,,,,
2.366667E0,664,2.017711E0,1.262043E0,1.022775E3,5.015480E2
2.370833E0,,,,,
2.375000E0,666,2.054540E0,1.323400E0,1.023912E3,4.996543E2
2.379167E0,,,,,
2.383333E0,668,2.076792E0,1.378158E0,1.024599E3,4.979642E2
2.387500E0,,,,,
2.391667E0,670,2.075005E0,1.427504E0,1.024543E3,4.964412E2
2.395833E0,,,,,
2.400000E0,672,2.095088E0,1.489713E0,1.025163E3,4.945212E2
2.404167E0,,,,,
2.408333E0,674,2.128201E0,1.530494E0,1.026185E3,4.932625E2
2.412500E0,,,,,
2.416667E0,676,2.126724E0,1.575816E0,1.026140E3,4.918637E2
2.420833E0,,,,,
2.425000E0,678,2.143348E0,1.607017E0,1.026653E3,4.909007E2
2.429167E0,,,,,
2.433333E0,680,2.144489E0,1.621184E0,1.026688E3,4.904635E2
2.437500E0,,,,,
2.441667E0,682,2.148916E0,1.637498E0,1.026825E3,4.899599E2
2.445833E0,,,,,
2.450000E0,684,2.146135E0,1.651749E0,1.026739E3,4.895201E2
2.454167E0,,,,,
2.458333E0,686,2.160885E0,1.666450E0,1.027194E3,4.890664E2
2.462500E0,,,,,
2.466667E0,688,2.166396E0,1.678231E0,1.027364E3,4.887027E2
2.470833E0,,,,,
2.475000E0,690,2.154404E0,1.726032E0,1.026994E3,4.872274E2
2.479167E0,,,,,
2.483333E0,692,2.175992E0,1.749615E0,1.027660E3,4.864996E2
2.487500E0,,,,,
2.491667E0,694,2.183776E0,1.810030E0,1.027901E3,4.846349E2
2.495833E0,,,,,
2.500000E0,696,2.213870E0,1.852420E0,1.028829E3,4.833265E2
2.504167E0,,,,,
2.508333E0,698,2.215882E0,1.916683E0,1.028891E3,4.813431E2
2.512500E0,,,,,
2.516667E0,700,2.238586E0,1.978370E0,1.029592E3,4.794392E2
2.520833E0,,,,,
2.525000E0,702,2.243405E0,2.034573E0,1.029741E3,4.777045E2
2.529167E0,,,,,
2.533333E0,704,2.267970E0,2.072181E0,1.030499E3,4.765438E2
2.537500E0,,,,,
2.541667E0,706,2.275330E0,2.111872E0,1.030726E3,4.753188E2
2.545833E0,,,,,
2.550000E0,708,2.283641E0,2.135509E0,1.030983E3,4.745892E2
2.554167E0,,,,,
2.558333E0,710,2.294300E0,2.165721E0,1.031312E3,4.736567E2
2.562500E0,,,,,
2.566667E0,712,2.299919E0,2.174690E0,1.031485E3,4.733799E2
2.570833E0,,,,,
2.575000E0,714,2.303842E0,2.190069E0,1.031606E3,4.729053E2
2.579167E0,,,,,
2.583333E0,716,2.308049E0,2.209040E0,1.031736E3,4.723197E2
2.587500E0,,,,,
2.591667E0,718,2.305857E0,2.237851E0,1.031668E3,4.714305E2
2.595833E0,,,,,
2.600000E0,720,2.315604E0,2.262618E0,1.031969E3,4.706661E2
2.604167E0,,,,,
2.608333E0,722,2.328492E0,2.306787E0,1.032367E3,4.693029E2
2.612500E0,,,,,
2.616667E0,724,2.330943E0,2.347814E0,1.032443E3,4.680366E2
2.620833E0,,,,,
2.625000E0,726,2.343283E0,2.407945E0,1.032824E3,4.661807E2
2.629167E0,,,,,
2.633333E0,728,2.344412E0,2.465987E0,1.032858E3,4.643893E2
2.637500E0,,,,,
2.641667E0,730,2.382195E0,2.518977E0,1.034025E3,4.627538E2
2.645833E0,,,,,
2.650000E0,732,2.378958E0,2.569039E0,1.033925E3,4.612087E2
2.654167E0,,,,,
2.658333E0,734,2.383163E0,2.612516E0,1.034054E3,4.598668E2
2.662500E0,,,,,
2.666667E0,736,2.395464E0,2.657398E0,1.034434E3,4.584815E2
2.670833E0,,,,,
2.675000E0,738,2.406271E0,2.680953E0,1.034768E3,4.577545E2
2.679167E0,,,,,
2.683333E0,740,2.420538E0,2.712730E0,1.035208E3,4.567738E2
2.687500E0,,,,,
2.691667E0,742,2.421088E0,2.735031E0,1.035225E3,4.560855E2
2.695833E0,,,,,
2.700000E0,744,2.430527E0,2.748036E0,1.035516E3,4.556841E2
2.704167E0,,,,,
2.708333E0,746,2.422117E0,2.761429E0,1.035257E3,4.552707E2
2.712500E0,,,,,
2.716667E0,748,2.432798E0,2.778184E0,1.035586E3,4.547536E2
2.720833E0,,,,,
2.725000E0,750,2.433359E0,2.813979E0,1.035604E3,4.536488E2
2.729167E0,,,,,
2.733333E0,752,2.441210E0,2.847588E0,1.035846E3,4.526115E2
2.737500E0,,,,,
2.741667E0,754,2.451052E0,2.898326E0,1.036150E3,4.510455E2
2.745833E0,,,,,
2.750000E0,756,2.453023E0,2.962644E0,1.036211E3,4.490604E2
2.754167E0,,,,,
2.758333E0,758,2.468538E0,3.017818E0,1.036689E3,4.473575E2
2.762500E0,,,,,
2.766667E0,760,2.468978E0,3.067662E0,1.036703E3,4.458191E2
2.770833E0,,,,,
2.775000E0,762,2.473110E0,3.126980E0,1.036831E3,4.439883E2
2.779167E0,,,,,
2.783333E0,764,2.486336E0,3.175069E0,1.037239E3,4.425040E2
2.787500E0,,,,,
2.791667E0,766,2.485953E0,3.210217E0,1.037227E3,4.414192E2
2.795833E0,,,,,
2.800000E0,768,2.496468E0,3.245126E0,1.037551E3,4.403418E2
2.804167E0,,,,,
2.808333E0,770,2.495849E0,3.278701E0,1.037532E3,4.393055E2
2.812500E0,,,,,
2.816667E0,772,2.486594E0,3.291908E0,1.037247E3,4.388979E2
2.820833E0,,,,,
2.825000E0,774,2.489189E0,3.299725E0,1.037327E3,4.386566E2
2.829167E0,,,,,
2.833333E0,776,2.490949E0,3.320951E0,1.037381E3,4.380015E2
2.837500E0,,,,,
2.841667E0,778,2.482581E0,3.349570E0,1.037123E3,4.371182E2
2.845833E0,,,,,
2.850000E0,780,2.480175E0,3.361728E0,1.037049E3,4.367430E2
2.854167E0,,,,,
2.858333E0,782,2.498831E0,3.398906E0,1.037624E3,4.355955E2
2.862500E0,,,,,
2.866667E0,784,2.492796E0,3.466361E0,1.037438E3,4.335136E2
2.870833E0,,,,,
2.875000E0,786,2.504378E0,3.514192E0,1.037796E3,4.320373E2
2.879167E0,,,,,
2.883333E0,788,2.478713E0,3.584993E0,1.037003E3,4.298521E2
2.887500E0,,,,,
2.891667E0,790,2.483824E0,3.638627E0,1.037161E3,4.281967E2
2.895833E0,,,,,
2.900000E0,792,2.479107E0,3.694287E0,1.037016E3,4.264788E2
2.904167E0,,,,,
2.908333E0,794,2.490614E0,3.744823E0,1.037371E3,4.249190E2
2.912500E0,,,,,
2.916667E0,796,2.488974E0,3.772759E0,1.037320E3,4.240568E2
2.920833E0,,,,,
2.925000E0,798,2.490469E0,3.814722E0,1.037366E3,4.227617E2
2.929167E0,,,,,
2.933333E0,800,2.497995E0,3.824030E0,1.037599E3,4.224744E2
2.937500E0,,,,,
2.941667E0,802,2.487516E0,3.834567E0,1.037275E3,4.221492E2
2.945833E0,,,,,
2.950000E0,804,2.487516E0,3.855511E0,1.037275E3,4.215027E2
2.954167E0,,,,,
2.958333E0,806,2.490836E0,3.873618E0,1.037378E3,4.209439E2
2.962500E0,,,,,
2.966667E0,808,2.501246E0,3.893745E0,1.037699E3,4.203227E2
2.970833E0,,,,,
2.975000E0,810,2.492325E0,3.938097E0,1.037424E3,4.189538E2
2.979167E0,,,,,
2.983333E0,812,2.489379E0,3.975558E0,1.037333E3,4.177976E2
2.987500E0,,,,,
2.991667E0,814,2.484011E0,4.025661E0,1.037167E3,4.162512E2
2.995833E0,,,,,
3.000000E0,816,2.490889E0,4.081675E0,1.037379E3,4.145224E2
3.004167E0,,,,,
3.008333E0,818,2.481506E0,4.124854E0,1.037090E3,4.131897E2
3.012500E0,,,,,
3.016667E0,820,2.473410E0,4.181759E0,1.036840E3,4.114334E2
3.020833E0,,,,,
3.025000E0,822,2.476323E0,4.254183E0,1.036930E3,4.091981E2
3.029167E0,,,,,
3.033333E0,824,2.470276E0,4.293289E0,1.036743E3,4.079911E2
3.037500E0,,,,,
3.041667E0,826,2.467178E0,4.340899E0,1.036647E3,4.065216E2
3.045833E0,,,,,
3.050000E0,828,2.461734E0,4.372417E0,1.036479E3,4.055489E2
3.054167E0,,,,,
3.058333E0,830,2.460190E0,4.385672E0,1.036432E3,4.051397E2
3.062500E0,,,,,
3.066667E0,832,2.458886E0,4.410067E0,1.036392E3,4.043868E2
3.070833E0,,,,,
3.075000E0,834,2.453696E0,4.421464E0,1.036231E3,4.040350E2
3.079167E0,,,,,
3.083333E0,836,2.455569E0,4.447962E0,1.036289E3,4.032172E2
3.087500E0,,,,,
3.091667E0,838,2.458719E0,4.463276E0,1.036386E3,4.027446E2
3.095833E0,,,,,
3.100000E0,840,2.456653E0,4.511837E0,1.036323E3,4.012458E2
3.104167E0,,,,,
3.108333E0,842,2.465369E0,4.534031E0,1.036592E3,4.005608E2
3.112500E0,,,,,
3.116667E0,844,2.462272E0,4.578945E0,1.036496E3,3.991745E2
3.120833E0,,,,,
3.125000E0,846,2.476353E0,4.634062E0,1.036931E3,3.974734E2
3.129167E0,,,,,
3.133333E0,848,2.478836E0,4.695634E0,1.037007E3,3.955730E2
3.137500E0,,,,,
3.141667E0,850,2.486920E0,4.753254E0,1.037257E3,3.937946E2
3.145833E0,,,,,
3.150000E0,852,2.482623E0,4.814234E0,1.037124E3,3.919125E2
3.154167E0,,,,,
3.158333E0,854,2.490278E0,4.863659E0,1.037360E3,3.903871E2
3.162500E0,,,,,
3.166667E0,856,2.483781E0,4.898396E0,1.037160E3,3.893149E2
3.170833E0,,,,,
3.175000E0,858,2.492049E0,4.927228E0,1.037415E3,3.884251E2
3.179167E0,,,,,
3.183333E0,860,2.491260E0,4.948364E0,1.037391E3,3.877727E2
3.187500E0,,,,,
3.191667E0,862,2.485868E0,4.973036E0,1.037224E3,3.870112E2
3.195833E0,,,,,
3.200000E0,864,2.491089E0,4.991826E0,1.037385E3,3.864313E2
3.204167E0,,,,,
3.208333E0,866,2.507118E0,5.008476E0,1.037880E3,3.859174E2
3.212500E0,,,,,
3.216667E0,868,2.490620E0,5.018597E0,1.037371E3,3.856050E2
3.220833E0,,,,,
3.225000E0,870,2.499102E0,5.052102E0,1.037633E3,3.845709E2
3.229167E0,,,,,
3.233333E0,872,2.494547E0,5.104363E0,1.037492E3,3.829579E2
3.237500E0,,,,,
3.241667E0,874,2.497483E0,5.142813E0,1.037583E3,3.817712E2
3.245833E0,,,,,
3.250000E0,876,2.495140E0,5.207384E0,1.037510E3,3.797783E2
3.254167E0,,,,,
3.258333E0,878,2.499515E0,5.257343E0,1.037646E3,3.782363E2
3.262500E0,,,,,
3.266667E0,880,2.492756E0,5.316648E0,1.037437E3,3.764059E2
3.270833E0,,,,,
3.275000E0,882,2.485638E0,5.373263E0,1.037217E3,3.746585E2
3.279167E0,,,,,
3.283333E0,884,2.489423E0,5.420810E0,1.037334E3,3.731911E2
3.287500E0,,,,,
3.291667E0,886,2.491313E0,5.469359E0,1.037392E3,3.716926E2
3.295833E0,,,,,
3.300000E0,888,2.499479E0,5.497622E0,1.037644E3,3.708203E2
3.304167E0,,,,,
3.308333E0,890,2.485976E0,5.526348E0,1.037228E3,3.699337E2
3.312500E0,,,,,
3.316667E0,892,2.484044E0,5.528304E0,1.037168E3,3.698733E2
3.320833E0,,,,,
3.325000E0,894,2.479051E0,5.534988E0,1.037014E3,3.696670E2
3.329167E0,,,,,
3.333333E0,896,2.474589E0,5.567718E0,1.036876E3,3.686568E2
3.337500E0,,,,,
3.341667E0,898,2.475238E0,5.584150E0,1.036896E3,3.681497E2
3.345833E0,,,,,
3.350000E0,900,2.465547E0,5.623660E0,1.036597E3,3.669302E2
3.354167E0,,,,,
3.358333E0,902,2.474100E0,5.658623E0,1.036861E3,3.658511E2
3.362500E0,,,,,
3.366667E0,904,2.457869E0,5.708306E0,1.036360E3,3.643177E2
3.370833E0,,,,,
3.375000E0,906,2.460631E0,5.747104E0,1.036445E3,3.631202E2
3.379167E0,,,,,
3.383333E0,908,2.454373E0,5.809207E0,1.036252E3,3.612035E2
3.387500E0,,,,,
3.391667E0,910,2.440396E0,5.877342E0,1.035821E3,3.591006E2
3.395833E0,,,,,
3.400000E0,912,2.428823E0,5.927725E0,1.035464E3,3.575455E2
3.404167E0,,,,,
3.408333E0,914,2.441467E0,5.964309E0,1.035854E3,3.564164E2
3.412500E0,,,,,
3.416667E0,916,2.428877E0,6.015022E0,1.035465E3,3.548512E2
3.420833E0,,,,,
3.425000E0,918,2.421464E0,6.049095E0,1.035237E3,3.537995E2
3.429167E0,,,,,
3.433333E0,920,2.405871E0,6.088417E0,1.034755E3,3.525859E2
3.437500E0,,,,,
3.441667E0,922,2.413217E0,6.085294E0,1.034982E3,3.526823E2
3.445833E0,,,,,
3.450000E0,924,2.406045E0,6.105664E0,1.034761E3,3.520536E2
3.454167E0,,,,,
3.458333E0,926,2.409193E0,6.119726E0,1.034858E3,3.516196E2
3.462500E0,,,,,
3.466667E0,928,2.404288E0,6.152919E0,1.034706E3,3.505951E2
3.470833E0,,,,,
3.475000E0,930,2.402068E0,6.171801E0,1.034638E3,3.500123E2
3.479167E0,,,,,
3.483333E0,932,2.382556E0,6.216121E0,1.034036E3,3.486444E2
3.487500E0,,,,,
3.491667E0,934,2.388032E0,6.262949E0,1.034205E3,3.471991E2
3.495833E0,,,,,
3.500000E0,936,2.368860E0,6.311431E0,1.033613E3,3.457027E2
3.504167E0,,,,,
3.508333E0,938,2.355674E0,6.375237E0,1.033206E3,3.437334E2
3.512500E0,,,,,
3.516667E0,940,2.360950E0,6.432664E0,1.033369E3,3.419610E2
3.520833E0,,,,,
3.525000E0,942,2.344020E0,6.484949E0,1.032846E3,3.403473E2
3.529167E0,,,,,
3.533333E0,944,2.330311E0,6.537825E0,1.032423E3,3.387153E2
3.537500E0,,,,,
3.541667E0,946,2.325723E0,6.574194E0,1.032282E3,3.375928E2
3.545833E0,,,,,
3.550000E0,948,2.324155E0,6.612151E0,1.032233E3,3.364213E2
3.554167E0,,,,,
3.558333E0,950,2.314936E0,6.615114E0,1.031949E3,3.363298E2
3.562500E0,,,,,
3.566667E0,952,2.304443E0,6.659491E0,1.031625E3,3.349602E2
3.570833E0,,,,,
3.575000E0,954,2.319513E0,6.656167E0,1.032090E3,3.350627E2
3.579167E0,,,,,
3.583333E0,956,2.313330E0,6.672179E0,1.031899E3,3.345685E2
3.587500E0,,,,,
3.591667E0,958,2.306960E0,6.699006E0,1.031702E3,3.337405E2
3.595833E0,,,,,
3.600000E0,960,2.297336E0,6.726934E0,1.031405E3,3.328786E2
3.604167E0,,,,,
3.608333E0,962,2.291056E0,6.765344E0,1.031212E3,3.316931E2
3.612500E0,,,,,
3.616667E0,964,2.290351E0,6.815020E0,1.031190E3,3.301599E2
3.620833E0,,,,,
3.625000E0,966,2.287266E0,6.877962E0,1.031095E3,3.282172E2
3.629167E0,,,,,
3.633333E0,968,2.264825E0,6.929727E0,1.030402E3,3.266195E2
3.637500E0,,,,,
3.641667E0,970,2.261881E0,6.983579E0,1.030311E3,3.249574E2
3.645833E0,,,,,
3.650000E0,972,2.259933E0,7.041202E0,1.030251E3,3.231790E2
3.654167E0,,,,,
3.658333E0,974,2.245777E0,7.097566E0,1.029814E3,3.214393E2
3.662500E0,,,,,
3.666667E0,976,2.250197E0,7.137074E0,1.029951E3,3.202199E2
3.670833E0,,,,,
3.675000E0,978,2.241087E0,7.163371E0,1.029669E3,3.194083E2
3.679167E0,,,,,
3.683333E0,980,2.235108E0,7.181439E0,1.029485E3,3.188507E2
3.687500E0,,,,,
3.691667E0,982,2.231918E0,7.205040E0,1.029386E3,3.181222E2
3.695833E0,,,,,
3.700000E0,984,2.233491E0,7.218523E0,1.029435E3,3.177061E2
3.704167E0,,,,,
3.708333E0,986,2.220302E0,7.230876E0,1.029028E3,3.173248E2
3.712500E0,,,,,
3.716667E0,988,2.225164E0,7.256944E0,1.029178E3,3.165203E2
3.720833E0,,,,,
3.725000E0,990,2.221612E0,7.280750E0,1.029068E3,3.157855E2
3.729167E0,,,,,
3.733333E0,992,2.209824E0,7.317914E0,1.028704E3,3.146385E2
3.737500E0,,,,,
3.741667E0,994,2.184093E0,7.379342E0,1.027910E3,3.127425E2
3.745833E0,,,,,
3.750000E0,996,2.199746E0,7.427754E0,1.028393E3,3.112483E2
3.754167E0,,,,,
3.758333E0,998,2.189145E0,7.480844E0,1.028066E3,3.096097E2
3.762500E0,,,,,
3.766667E0,1000,2.180126E0,7.541648E0,1.027788E3,3.077331E2
3.770833E0,,,,,
3.775000E0,1002,2.169555E0,7.605758E0,1.027462E3,3.057544E2
3.779167E0,,,,,
3.783333E0,1004,2.170877E0,7.660893E0,1.027502E3,3.040527E2
3.787500E0,,,,,
3.791667E0,1006,2.162045E0,7.695186E0,1.027230E3,3.029943E2
3.795833E0,,,,,
3.800000E0,1008,2.164246E0,7.712753E0,1.027298E3,3.024521E2
3.804167E0,,,,,
3.808333E0,1010,2.159160E0,7.742747E0,1.027141E3,3.015263E2
3.812500E0,,,,,
3.816667E0,1012,2.165106E0,7.760259E0,1.027324E3,3.009858E2
3.820833E0,,,,,
3.825000E0,1014,2.156111E0,7.777735E0,1.027047E3,3.004465E2
3.829167E0,,,,,
3.833333E0,1016,2.156574E0,7.784818E0,1.027061E3,3.002278E2
3.837500E0,,,,,
3.841667E0,1018,2.159432E0,7.803078E0,1.027149E3,2.996642E2
3.845833E0,,,,,
3.850000E0,1020,2.157072E0,7.839930E0,1.027076E3,2.985269E2
3.854167E0,,,,,
3.858333E0,1022,2.138330E0,7.879722E0,1.026498E3,2.972987E2
3.862500E0,,,,,
3.866667E0,1024,2.138408E0,7.929686E0,1.026500E3,2.957566E2
3.870833E0,,,,,
3.875000E0,1026,2.138468E0,7.989406E0,1.026502E3,2.939134E2
3.879167E0,,,,,
3.883333E0,1028,2.135304E0,8.044552E0,1.026404E3,2.922114E2
3.887500E0,,,,,
3.891667E0,1030,2.131746E0,8.099664E0,1.026295E3,2.905104E2
3.895833E0,,,,,
3.900000E0,1032,2.128103E0,8.157062E0,1.026182E3,2.887388E2
3.904167E0,,,,,
3.908333E0,1034,2.117450E0,8.208086E0,1.025853E3,2.871640E2
3.912500E0,,,,,
3.916667E0,1036,2.114482E0,8.242934E0,1.025762E3,2.860885E2
3.920833E0,,,,,
3.925000E0,1038,2.103501E0,8.274833E0,1.025423E3,2.851039E2
3.929167E0,,,,,
3.933333E0,1040,2.118114E0,8.295455E0,1.025874E3,2.844674E2
3.937500E0,,,,,
3.941667E0,1042,2.100849E0,8.307591E0,1.025341E3,2.840929E2
3.945833E0,,,,,
3.950000E0,1044,2.096546E0,8.326131E0,1.025208E3,2.835206E2
3.954167E0,,,,,
3.958333E0,1046,2.092390E0,8.351873E0,1.025080E3,2.827261E2
3.962500E0,,,,,
3.966667E0,1048,2.094231E0,8.376812E0,1.025137E3,2.819564E2
3.970833E0,,,,,
3.975000E0,1050,2.099633E0,8.395687E0,1.025303E3,2.813739E2
3.979167E0,,,,,
3.983333E0,1052,2.079259E0,8.442600E0,1.024675E3,2.799259E2
3.987500E0,,,,,
3.991667E0,1054,2.071318E0,8.493092E0,1.024430E3,2.783675E2
3.995833E0,,,,,
4.000000E0,1056,2.061726E0,8.536772E0,1.024134E3,2.770194E2
4.004167E0,,,,,
4.008333E0,1058,2.048078E0,8.597440E0,1.023712E3,2.751469E2
4.012500E0,,,,,
4.016667E0,1060,2.040762E0,8.649283E0,1.023486E3,2.735468E2
4.020833E0,,,,,
4.025000E0,1062,2.023199E0,8.714390E0,1.022944E3,2.715373E2
4.029167E0,,,,,
4.033333E0,1064,2.018013E0,8.766116E0,1.022784E3,2.699409E2
4.037500E0,,,,,
4.041667E0,1066,2.019474E0,8.791909E0,1.022829E3,2.691448E2
4.045833E0,,,,,
4.050000E0,1068,2.018461E0,8.840285E0,1.022798E3,2.676517E2
4.054167E0,,,,,
4.058333E0,1070,2.019049E0,8.853892E0,1.022816E3,2.672317E2
4.062500E0,,,,,
4.066667E0,1072,2.007982E0,8.880142E0,1.022475E3,2.664216E2
4.070833E0,,,,,
4.075000E0,1074,2.002285E0,8.887383E0,1.022299E3,2.661981E2
4.079167E0,,,,,
4.083333E0,1076,1.996552E0,8.905023E0,1.022122E3,2.656536E2
4.087500E0,,,,,
4.091667E0,1078,1.997254E0,8.930302E0,1.022144E3,2.648734E2
4.095833E0,,,,,
4.100000E0,1080,1.989422E0,8.949335E0,1.021902E3,2.642860E2
4.104167E0,,,,,
4.108333E0,1082,1.978669E0,8.996352E0,1.021570E3,2.628348E2
4.112500E0,,,,,
4.116667E0,1084,1.981572E0,9.042354E0,1.021660E3,2.614150E2
4.120833E0,,,,,
4.125000E0,1086,1.965934E0,9.092134E0,1.021177E3,2.598786E2
4.129167E0,,,,,
4.133333E0,1088,1.959292E0,9.161185E0,1.020972E3,2.577474E2
4.137500E0,,,,,
4.141667E0,1090,1.947902E0,9.216428E0,1.020620E3,2.560423E2
4.145833E0,,,,,
4.150000E0,1092,1.962196E0,9.272875E0,1.021062E3,2.543002E2
4.154167E0,,,,,
4.158333E0,1094,1.931275E0,9.318792E0,1.020107E3,2.528830E2
4.162500E0,,,,,
4.166667E0,1096,1.935333E0,9.352070E0,1.020233E3,2.518559E2
4.170833E0,,,,,
4.175000E0,1098,1.924901E0,9.381876E0,1.019911E3,2.509359E2
4.179167E0,,,,,
4.183333E0,1100,1.924154E0,9.404376E0,1.019887E3,2.502415E2
4.187500E0,,,,,
4.191667E0,1102,1.918048E0,9.425640E0,1.019699E3,2.495852E2
4.195833E0,,,,,
4.200000E0,1104,1.909678E0,9.436676E0,1.019441E3,2.492446E2
4.204167E0,,,,,
4.208333E0,1106,1.903909E0,9.450667E0,1.019263E3,2.488128E2
4.212500E0,,,,,
4.216667E0,1108,1.896705E0,9.485346E0,1.019040E3,2.477424E2
4.220833E0,,,,,
4.225000E0,1110,1.904267E0,9.509907E0,1.019274E3,2.469843E2
4.229167E0,,,,,
4.233333E0,1112,1.896639E0,9.555815E0,1.019038E3,2.455674E2
4.237500E0,,,,,
4.241667E0,1114,1.881326E0,9.597930E0,1.018566E3,2.442676E2
4.245833E0,,,,,
4.250000E0,1116,1.871588E0,9.653795E0,1.018265E3,2.425434E2
4.254167E0,,,,,
4.258333E0,1118,1.860325E0,9.706204E0,1.017917E3,2.409258E2
4.262500E0,,,,,
4.266667E0,1120,1.863047E0,9.770026E0,1.018001E3,2.389560E2
4.270833E0,,,,,
4.275000E0,1122,1.854748E0,9.815619E0,1.017745E3,2.375488E2
4.279167E0,,,,,
4.283333E0,1124,1.857687E0,9.870910E0,1.017836E3,2.358423E2
4.287500E0,,,,,
4.291667E0,1126,1.851049E0,9.918121E0,1.017631E3,2.343852E2
4.295833E0,,,,,
4.300000E0,1128,1.842860E0,9.944690E0,1.017378E3,2.335651E2
4.304167E0,,,,,
4.308333E0,1130,1.835603E0,9.969768E0,1.017154E3,2.327911E2
4.312500E0,,,,,
4.316667E0,1132,1.826306E0,9.982671E0,1.016867E3,2.323929E2
4.320833E0,,,,,
4.325000E0,1134,1.820191E0,9.996036E0,1.016679E3,2.319804E2
4.329167E0,,,,,
4.333333E0,1136,1.819686E0,1.000026E1,1.016663E3,2.318499E2
4.337500E0,,,,,
4.341667E0,1138,1.819884E0,1.003828E1,1.016669E3,2.306767E2
4.345833E0,,,,,
4.350000E0,1140,1.804933E0,1.006383E1,1.016208E3,2.298881E2
4.354167E0,,,,,
4.358333E0,1142,1.801252E0,1.011711E1,1.016094E3,2.282435E2
4.362500E0,,,,,
4.366667E0,1144,1.781015E0,1.014361E1,1.015470E3,2.274258E2
4.370833E0,,,,,
4.375000E0,1146,1.770068E0,1.020230E1,1.015132E3,2.256141E2
4.379167E0,,,,,
4.383333E0,1148,1.747126E0,1.026799E1,1.014424E3,2.235869E2
4.387500E0,,,,,
4.391667E0,1150,1.736093E0,1.031436E1,1.014083E3,2.221555E2
4.395833E0,,,,,
4.400000E0,1152,1.719066E0,1.036969E1,1.013558E3,2.204478E2
4.404167E0,,,,,
4.408333E0,1154,1.709316E0,1.042160E1,1.013257E3,2.188457E2
4.412500E0,,,,,
4.416667E0,1156,1.707951E0,1.045301E1,1.013215E3,2.178762E2
4.420833E0,,,,,
4.425000E0,1158,1.697130E0,1.048347E1,1.012881E3,2.169360E2
4.429167E0,,,,,
4.433333E0,1160,1.695073E0,1.050321E1,1.012817E3,2.163268E2
4.437500E0,,,,,
4.441667E0,1162,1.691969E0,1.052321E1,1.012721E3,2.157097E2
4.445833E0,,,,,
4.450000E0,1164,1.681570E0,1.053659E1,1.012400E3,2.152967E2
4.454167E0,,,,,
4.458333E0,1166,1.678246E0,1.055521E1,1.012298E3,2.147219E2
4.462500E0,,,,,
4.466667E0,1168,1.683158E0,1.057514E1,1.012449E3,2.141067E2
4.470833E0,,,,,
4.475000E0,1170,1.666285E0,1.062162E1,1.011929E3,2.126722E2
4.479167E0,,,,,
4.483333E0,1172,1.660043E0,1.064730E1,1.011736E3,2.118796E2
4.487500E0,,,,,
4.491667E0,1174,1.649180E0,1.069412E1,1.011401E3,2.104346E2
4.495833E0,,,,,
4.500000E0,1176,1.658847E0,1.074453E1,1.011699E3,2.088788E2
4.504167E0,,,,,
4.508333E0,1178,1.633290E0,1.081741E1,1.010910E3,2.066292E2
4.512500E0,,,,,
4.516667E0,1180,1.649204E0,1.087896E1,1.011401E3,2.047298E2
4.520833E0,,,,,
4.525000E0,1182,1.622315E0,1.092666E1,1.010571E3,2.032576E2
4.529167E0,,,,,
4.533333E0,1184,1.608284E0,1.096951E1,1.010138E3,2.019349E2
4.537500E0,,,,,
4.541667E0,1186,1.615747E0,1.100424E1,1.010369E3,2.008628E2
4.545833E0,,,,,
4.550000E0,1188,1.610267E0,1.104327E1,1.010200E3,1.996582E2
4.554167E0,,,,,
4.558333E0,1190,1.603201E0,1.106240E1,1.009982E3,1.990679E2
4.562500E0,,,,,
4.566667E0,1192,1.598544E0,1.107593E1,1.009838E3,1.986502E2
4.570833E0,,,,,
4.575000E0,1194,1.599931E0,1.109272E1,1.009881E3,1.981320E2
4.579167E0,,,,,
4.583333E0,1196,1.592754E0,1.111683E1,1.009659E3,1.973881E2
4.587500E0,,,,,
4.591667E0,1198,1.586815E0,1.114025E1,1.009476E3,1.966652E2
4.595833E0,,,,,
4.600000E0,1200,1.601104E0,1.116781E1,1.009917E3,1.958145E2
4.604167E0,,,,,
4.608333E0,1202,1.592871E0,1.120443E1,1.009663E3,1.946842E2
4.612500E0,,,,,
4.616667E0,1204,1.580621E0,1.124920E1,1.009285E3,1.933024E2
4.620833E0,,,,,
4.625000E0,1206,1.567960E0,1.131342E1,1.008894E3,1.913203E2
4.629167E0,,,,,
4.633333E0,1208,1.556190E0,1.136157E1,1.008531E3,1.898341E2
4.637500E0,,,,,
4.641667E0,1210,1.532545E0,1.142304E1,1.007801E3,1.879370E2
4.645833E0,,,,,
4.650000E0,1212,1.537720E0,1.148904E1,1.007960E3,1.859000E2
4.654167E0,,,,,
4.658333E0,1214,1.510769E0,1.151884E1,1.007129E3,1.849801E2
4.662500E0,,,,,
4.666667E0,1216,1.510063E0,1.156225E1,1.007107E3,1.836403E2
4.670833E0,,,,,
4.675000E0,1218,1.506359E0,1.159418E1,1.006993E3,1.826548E2
4.679167E0,,,,,
4.683333E0,1220,1.520046E0,1.162294E1,1.007415E3,1.817673E2
4.687500E0,,,,,
4.691667E0,1222,1.510596E0,1.162999E1,1.007123E3,1.815496E2
4.695833E0,,,,,
4.700000E0,1224,1.511598E0,1.165339E1,1.007154E3,1.808275E2
4.704167E0,,,,,
4.708333E0,1226,1.510673E0,1.166688E1,1.007126E3,1.804110E2
4.712500E0,,,,,
4.716667E0,1228,1.502221E0,1.169095E1,1.006865E3,1.796681E2
4.720833E0,,,,,
4.725000E0,1230,1.500557E0,1.172584E1,1.006813E3,1.785915E2
4.729167E0,,,,,
4.733333E0,1232,1.500976E0,1.175983E1,1.006826E3,1.775423E2
4.737500E0,,,,,
4.741667E0,1234,1.492635E0,1.180227E1,1.006569E3,1.762325E2
4.745833E0,,,,,
4.750000E0,1236,1.500320E0,1.185442E1,1.006806E3,1.746230E2
4.754167E0,,,,,
4.758333E0,1238,1.491196E0,1.192693E1,1.006525E3,1.723848E2
4.762500E0,,,,,
4.766667E0,1240,1.504681E0,1.197784E1,1.006941E3,1.708135E2
4.770833E0,,,,,
4.775000E0,1242,1.507596E0,1.203343E1,1.007031E3,1.690978E2
4.779167E0,,,,,
4.783333E0,1244,1.513509E0,1.209077E1,1.007213E3,1.673281E2
4.787500E0,,,,,
4.791667E0,1246,1.513231E0,1.212286E1,1.007205E3,1.663377E2
4.795833E0,,,,,
4.800000E0,1248,1.509980E0,1.215462E1,1.007104E3,1.653574E2
4.804167E0,,,,,
4.808333E0,1250,1.515992E0,1.218576E1,1.007290E3,1.643964E2
4.812500E0,,,,,
4.816667E0,1252,1.513850E0,1.220769E1,1.007224E3,1.637194E2
4.820833E0,,,,,
4.825000E0,1254,1.519905E0,1.220466E1,1.007411E3,1.638129E2
4.829167E0,,,,,
4.833333E0,1256,1.509477E0,1.223206E1,1.007089E3,1.629674E2
4.837500E0,,,,,
4.841667E0,1258,1.515025E0,1.224090E1,1.007260E3,1.626946E2
4.845833E0,,,,,
4.850000E0,1260,1.512010E0,1.227555E1,1.007167E3,1.616249E2
4.854167E0,,,,,
4.858333E0,1262,1.530904E0,1.231892E1,1.007750E3,1.602864E2
4.862500E0,,,,,
4.866667E0,1264,1.540955E0,1.235648E1,1.008060E3,1.591272E2
4.870833E0,,,,,
4.875000E0,1266,1.540411E0,1.242995E1,1.008044E3,1.568596E2
4.879167E0,,,,,
4.883333E0,1268,1.544451E0,1.248937E1,1.008168E3,1.550255E2
4.887500E0,,,,,
4.891667E0,1270,1.562310E0,1.253398E1,1.008719E3,1.536487E2
4.895833E0,,,,,
4.900000E0,1272,1.566124E0,1.258746E1,1.008837E3,1.519980E2
4.904167E0,,,,,
4.908333E0,1274,1.572492E0,1.263861E1,1.009034E3,1.504195E2
4.912500E0,,,,,
4.916667E0,1276,1.576073E0,1.268686E1,1.009144E3,1.489302E2
4.920833E0,,,,,
4.925000E0,1278,1.587689E0,1.271481E1,1.009503E3,1.480676E2
4.929167E0,,,,,
4.933333E0,1280,1.594236E0,1.274136E1,1.009705E3,1.472482E2
4.937500E0,,,,,
4.941667E0,1282,1.598828E0,1.274792E1,1.009847E3,1.470456E2
4.945833E0,,,,,
4.950000E0,1284,1.604170E0,1.276708E1,1.010011E3,1.464543E2
4.954167E0,,,,,
4.958333E0,1286,1.613717E0,1.278518E1,1.010306E3,1.458955E2
4.962500E0,,,,,
4.966667E0,1288,1.610389E0,1.280570E1,1.010203E3,1.452624E2
4.970833E0,,,,,
4.975000E0,1290,1.618468E0,1.284370E1,1.010453E3,1.440894E2
4.979167E0,,,,,
4.983333E0,1292,1.624437E0,1.285836E1,1.010637E3,1.436369E2
4.987500E0,,,,,
4.991667E0,1294,1.642213E0,1.292251E1,1.011186E3,1.416571E2
4.995833E0,,,,,
5.000000E0,1296,1.647802E0,1.297680E1,1.011358E3,1.399814E2
5.004167E0,,,,,
5.008333E0,1298,1.658587E0,1.303733E1,1.011691E3,1.381133E2
5.012500E0,,,,,
5.016667E0,1300,1.684654E0,1.309064E1,1.012495E3,1.364678E2
5.020833E0,,,,,
5.025000E0,1302,1.684990E0,1.314046E1,1.012506E3,1.349302E2
5.029167E0,,,,,
5.033333E0,1304,1.720057E0,1.319705E1,1.013588E3,1.331837E2
5.037500E0,,,,,
5.041667E0,1306,1.727708E0,1.322610E1,1.013824E3,1.322872E2
5.045833E0,,,,,
5.050000E0,1308,1.742074E0,1.324335E1,1.014268E3,1.317548E2
5.054167E0,,,,,
5.058333E0,1310,1.738955E0,1.327425E1,1.014171E3,1.308011E2
5.062500E0,,,,,
5.066667E0,1312,1.737169E0,1.329286E1,1.014116E3,1.302264E2
5.070833E0,,,,,
5.075000E0,1314,1.745473E0,1.330063E1,1.014373E3,1.299868E2
5.079167E0,,,,,
5.083333E0,1316,1.758599E0,1.332752E1,1.014778E3,1.291568E2
5.087500E0,,,,,
5.091667E0,1318,1.763302E0,1.335635E1,1.014923E3,1.282669E2
5.095833E0,,,,,
5.100000E0,1320,1.772010E0,1.338424E1,1.015192E3,1.274061E2
5.104167E0,,,,,
5.108333E0,1322,1.776353E0,1.342061E1,1.015326E3,1.262836E2
5.112500E0,,,,,
5.116667E0,1324,1.806685E0,1.345889E1,1.016262E3,1.251022E2
5.120833E0,,,,,
5.125000E0,1326,1.812460E0,1.351283E1,1.016440E3,1.234373E2
5.129167E0,,,,,
5.133333E0,1328,1.839063E0,1.357015E1,1.017261E3,1.216681E2
5.137500E0,,,,,
5.141667E0,1330,1.859077E0,1.362892E1,1.017879E3,1.198543E2
5.145833E0,,,,,
5.150000E0,1332,1.879218E0,1.367697E1,1.018501E3,1.183712E2
5.154167E0,,,,,
5.158333E0,1334,1.896598E0,1.373105E1,1.019037E3,1.167023E2
5.162500E0,,,,,
5.166667E0,1336,1.895784E0,1.376710E1,1.019012E3,1.155894E2
5.170833E0,,,,,
5.175000E0,1338,1.912298E0,1.379089E1,1.019522E3,1.148553E2
5.179167E0,,,,,
5.183333E0,1340,1.918287E0,1.382810E1,1.019706E3,1.137069E2
5.187500E0,,,,,
5.191667E0,1342,1.933696E0,1.384033E1,1.020182E3,1.133295E2
5.195833E0,,,,,
5.200000E0,1344,1.928287E0,1.383780E1,1.020015E3,1.134074E2
5.204167E0,,,,,
5.208333E0,1346,1.928220E0,1.386348E1,1.020013E3,1.126147E2
5.212500E0,,,,,
5.216667E0,1348,1.945034E0,1.387837E1,1.020532E3,1.121552E2
5.220833E0,,,,,
5.225000E0,1350,1.946429E0,1.390924E1,1.020575E3,1.112025E2
5.229167E0,,,,,
5.233333E0,1352,1.957125E0,1.393693E1,1.020905E3,1.103478E2
5.237500E0,,,,,
5.241667E0,1354,1.964264E0,1.399442E1,1.021125E3,1.085734E2
5.245833E0,,,,,
5.250000E0,1356,1.986690E0,1.405564E1,1.021818E3,1.066839E2
5.254167E0,,,,,
5.258333E0,1358,2.000027E0,1.411745E1,1.022229E3,1.047761E2
5.262500E0,,,,,
5.266667E0,1360,2.003891E0,1.416811E1,1.022348E3,1.032126E2
5.270833E0,,,,,
5.275000E0,1362,2.013665E0,1.422075E1,1.022650E3,1.015879E2
5.279167E0,,,,,
5.283333E0,1364,2.023588E0,1.427824E1,1.022956E3,9.981361E1
5.287500E0,,,,,
5.291667E0,1366,2.006868E0,1.430130E1,1.022440E3,9.910192E1
5.295833E0,,,,,
5.300000E0,1368,2.029146E0,1.433176E1,1.023128E3,9.816175E1
5.304167E0,,,,,
5.308333E0,1370,2.024546E0,1.435374E1,1.022986E3,9.748330E1
5.312500E0,,,,,
5.316667E0,1372,2.031111E0,1.438364E1,1.023189E3,9.656055E1
5.320833E0,,,,,
5.325000E0,1374,2.021404E0,1.439803E1,1.022889E3,9.611650E1
5.329167E0,,,,,
5.333333E0,1376,2.032085E0,1.440940E1,1.023219E3,9.576555E1
5.337500E0,,,,,
5.341667E0,1378,2.031377E0,1.444378E1,1.023197E3,9.470440E1
5.345833E0,,,,,
5.350000E0,1380,2.033436E0,1.446759E1,1.023260E3,9.396938E1
5.354167E0,,,,,
5.358333E0,1382,2.037862E0,1.450148E1,1.023397E3,9.292333E1
5.362500E0,,,,,
5.366667E0,1384,2.033999E0,1.455690E1,1.023278E3,9.121285E1
5.370833E0,,,,,
5.375000E0,1386,2.042449E0,1.459998E1,1.023539E3,8.988336E1
5.379167E0,,,,,
5.383333E0,1388,2.054459E0,1.466813E1,1.023909E3,8.778004E1
5.387500E0,,,,,
5.391667E0,1390,2.066656E0,1.472200E1,1.024286E3,8.611734E1
5.395833E0,,,,,
5.400000E0,1392,2.063229E0,1.477737E1,1.024180E3,8.440828E1
5.404167E0,,,,,
5.408333E0,1394,2.064446E0,1.482468E1,1.024217E3,8.294805E1
5.412500E0,,,,,
5.416667E0,1396,2.074066E0,1.483502E1,1.024514E3,8.262909E1
5.420833E0,,,,,
5.425000E0,1398,2.073117E0,1.479353E1,1.024485E3,8.390950E1
5.429167E0,,,,,
5.433333E0,1400,2.069992E0,1.477968E1,1.024389E3,8.433712E1
5.437500E0,,,,,
5.441667E0,1402,2.064614E0,1.476634E1,1.024223E3,8.474879E1
5.445833E0,,,,,
5.450000E0,1404,2.054549E0,1.474395E1,1.023912E3,8.543983E1
5.454167E0,,,,,
5.458333E0,1406,2.056313E0,1.473885E1,1.023966E3,8.559719E1
5.462500E0,,,,,
5.466667E0,1408,2.049390E0,1.470437E1,1.023753E3,8.666130E1
5.470833E0,,,,,
5.475000E0,1410,2.029505E0,1.467630E1,1.023139E3,8.752769E1
5.479167E0,,,,,
5.483333E0,1412,2.027063E0,1.464842E1,1.023064E3,8.838823E1
5.487500E0,,,,,
5.491667E0,1414,2.019298E0,1.460932E1,1.022824E3,8.959513E1
5.495833E0,,,,,
5.500000E0,1416,2.007919E0,1.452313E1,1.022473E3,9.225537E1
5.504167E0,,,,,
5.508333E0,1418,1.996801E0,1.448396E1,1.022130E3,9.346420E1
5.512500E0,,,,,
5.516667E0,1420,1.988134E0,1.442584E1,1.021862E3,9.525792E1
5.520833E0,,,,,
5.525000E0,1422,1.980955E0,1.436148E1,1.021641E3,9.724445E1
5.529167E0,,,,,
5.533333E0,1424,1.981343E0,1.432273E1,1.021653E3,9.844049E1
5.537500E0,,,,,
5.541667E0,1426,1.982806E0,1.426730E1,1.021698E3,1.001513E2
5.545833E0,,,,,
5.550000E0,1428,1.982091E0,1.424597E1,1.021676E3,1.008095E2
5.554167E0,,,,,
5.558333E0,1430,1.983393E0,1.421960E1,1.021716E3,1.016235E2
5.562500E0,,,,,
5.566667E0,1432,1.975127E0,1.420952E1,1.021461E3,1.019347E2
5.570833E0,,,,,
5.575000E0,1434,1.970785E0,1.419026E1,1.021327E3,1.025290E2
5.579167E0,,,,,
5.583333E0,1436,1.967716E0,1.416084E1,1.021232E3,1.034371E2
5.587500E0,,,,,
5.591667E0,1438,1.971214E0,1.415403E1,1.021340E3,1.036471E2
5.595833E0,,,,,
5.600000E0,1440,1.979950E0,1.413005E1,1.021610E3,1.043872E2
5.604167E0,,,,,
5.608333E0,1442,1.980033E0,1.407566E1,1.021612E3,1.060661E2
5.612500E0,,,,,
5.616667E0,1444,1.987847E0,1.404188E1,1.021853E3,1.071088E2
5.620833E0,,,,,
5.625000E0,1446,1.987852E0,1.396728E1,1.021853E3,1.094112E2
5.629167E0,,,,,
5.633333E0,1448,1.992448E0,1.391418E1,1.021995E3,1.110500E2
5.637500E0,,,,,
5.641667E0,1450,1.992315E0,1.385911E1,1.021991E3,1.127498E2
5.645833E0,,,,,
5.650000E0,1452,1.994070E0,1.380026E1,1.022045E3,1.145661E2
5.654167E0,,,,,
5.658333E0,1454,2.007894E0,1.375270E1,1.022472E3,1.160339E2
5.662500E0,,,,,
5.666667E0,1456,2.015979E0,1.371370E1,1.022722E3,1.172375E2
5.670833E0,,,,,
5.675000E0,1458,2.009714E0,1.369001E1,1.022528E3,1.179687E2
5.679167E0,,,,,
5.683333E0,1460,2.012442E0,1.367564E1,1.022612E3,1.184122E2
5.687500E0,,,,,
5.691667E0,1462,2.015415E0,1.364481E1,1.022704E3,1.193640E2
5.695833E0,,,,,
5.700000E0,1464,2.013750E0,1.364053E1,1.022653E3,1.194961E2
5.704167E0,,,,,
5.708333E0,1466,2.011957E0,1.361682E1,1.022597E3,1.202279E2
5.712500E0,,,,,
5.716667E0,1468,2.003374E0,1.359947E1,1.022333E3,1.207631E2
5.720833E0,,,,,
5.725000E0,1470,2.005455E0,1.354989E1,1.022397E3,1.222935E2
5.729167E0,,,,,
5.733333E0,1472,2.007944E0,1.352347E1,1.022474E3,1.231090E2
5.737500E0,,,,,
5.741667E0,1474,2.009808E0,1.347733E1,1.022531E3,1.245330E2
5.745833E0,,,,,
5.750000E0,1476,1.993485E0,1.342717E1,1.022027E3,1.260813E2
5.754167E0,,,,,
5.758333E0,1478,1.976634E0,1.335728E1,1.021507E3,1.282383E2
5.762500E0,,,,,
5.766667E0,1480,1.966421E0,1.330762E1,1.021192E3,1.297710E2
5.770833E0,,,,,
5.775000E0,1482,1.951127E0,1.325558E1,1.020720E3,1.313770E2
5.779167E0,,,,,
5.783333E0,1484,1.959691E0,1.320534E1,1.020984E3,1.329277E2
5.787500E0,,,,,
5.791667E0,1486,1.946428E0,1.316692E1,1.020575E3,1.341135E2
5.795833E0,,,,,
5.800000E0,1488,1.938164E0,1.313616E1,1.020320E3,1.350629E2
5.804167E0,,,,,
5.808333E0,1490,1.943081E0,1.309952E1,1.020472E3,1.361939E2
5.812500E0,,,,,
5.816667E0,1492,1.961549E0,1.309336E1,1.021042E3,1.363839E2
5.820833E0,,,,,
5.825000E0,1494,1.936347E0,1.307129E1,1.020264E3,1.370651E2
5.829167E0,,,,,
5.833333E0,1496,1.939742E0,1.305957E1,1.020369E3,1.374268E2
5.837500E0,,,,,
5.841667E0,1498,1.931742E0,1.303134E1,1.020122E3,1.382981E2
5.845833E0,,,,,
5.850000E0,1500,1.925826E0,1.300686E1,1.019939E3,1.390536E2
5.854167E0,,,,,
5.858333E0,1502,1.933956E0,1.295136E1,1.020190E3,1.407668E2
5.862500E0,,,,,
5.866667E0,1504,1.919031E0,1.291527E1,1.019729E3,1.418804E2
5.870833E0,,,,,
5.875000E0,1506,1.916655E0,1.286162E1,1.019656E3,1.435363E2
5.879167E0,,,,,
5.883333E0,1508,1.911194E0,1.280563E1,1.019487E3,1.452644E2
5.887500E0,,,,,
5.891667E0,1510,1.904985E0,1.274938E1,1.019296E3,1.470008E2
5.895833E0,,,,,
5.900000E0,1512,1.903158E0,1.269559E1,1.019239E3,1.486607E2
5.904167E0,,,,,
5.908333E0,1514,1.884525E0,1.264368E1,1.018664E3,1.502630E2
5.912500E0,,,,,
5.916667E0,1516,1.883512E0,1.259961E1,1.018633E3,1.516231E2
5.920833E0,,,,,
5.925000E0,1518,1.875846E0,1.257695E1,1.018396E3,1.523224E2
5.929167E0,,,,,
5.933333E0,1520,1.876267E0,1.254505E1,1.018409E3,1.533072E2
5.937500E0,,,,,
5.941667E0,1522,1.881533E0,1.254265E1,1.018572E3,1.533811E2
5.945833E0,,,,,
5.950000E0,1524,1.880906E0,1.251267E1,1.018553E3,1.543065E2
5.954167E0,,,,,
5.958333E0,1526,1.863557E0,1.250138E1,1.018017E3,1.546548E2
5.962500E0,,,,,
5.966667E0,1528,1.872725E0,1.248415E1,1.018300E3,1.551867E2
5.970833E0,,,,,
5.975000E0,1530,1.868412E0,1.244314E1,1.018167E3,1.564525E2
5.979167E0,,,,,
5.983333E0,1532,1.864125E0,1.240901E1,1.018035E3,1.575060E2
5.987500E0,,,,,
5.991667E0,1534,1.855914E0,1.235385E1,1.017781E3,1.592084E2
5.995833E0,,,,,
6.000000E0,1536,1.836710E0,1.230157E1,1.017189E3,1.608219E2
6.004167E0,,,,,
6.008333E0,1538,1.820669E0,1.224499E1,1.016693E3,1.625683E2
6.012500E0,,,,,
6.016667E0,1540,1.809291E0,1.219685E1,1.016342E3,1.640541E2
6.020833E0,,,,,
6.025000E0,1542,1.804938E0,1.214922E1,1.016208E3,1.655241E2
6.029167E0,,,,,
6.033333E0,1544,1.785604E0,1.208651E1,1.015611E3,1.674597E2
6.037500E0,,,,,
6.041667E0,1546,1.771631E0,1.205565E1,1.015180E3,1.684121E2
6.045833E0,,,,,
6.050000E0,1548,1.773284E0,1.202230E1,1.015231E3,1.694413E2
6.054167E0,,,,,
6.058333E0,1550,1.761237E0,1.200212E1,1.014859E3,1.700642E2
6.062500E0,,,,,
6.066667E0,1552,1.767592E0,1.197521E1,1.015055E3,1.708949E2
6.070833E0,,,,,
6.075000E0,1554,1.760122E0,1.197312E1,1.014825E3,1.709592E2
6.079167E0,,,,,
6.083333E0,1556,1.749084E0,1.194109E1,1.014484E3,1.719477E2
6.087500E0,,,,,
6.091667E0,1558,1.740544E0,1.192728E1,1.014220E3,1.723739E2
6.095833E0,,,,,
6.100000E0,1560,1.742294E0,1.190082E1,1.014275E3,1.731909E2
6.104167E0,,,,,
6.108333E0,1562,1.738682E0,1.186720E1,1.014163E3,1.742284E2
6.112500E0,,,,,
6.116667E0,1564,1.725664E0,1.182257E1,1.013761E3,1.756060E2
6.120833E0,,,,,
6.125000E0,1566,1.697129E0,1.176425E1,1.012881E3,1.774059E2
6.129167E0,,,,,
6.133333E0,1568,1.689291E0,1.170519E1,1.012639E3,1.792286E2
6.137500E0,,,,,
6.141667E0,1570,1.672782E0,1.164919E1,1.012129E3,1.809572E2
6.145833E0,,,,,
6.150000E0,1572,1.625058E0,1.159881E1,1.010656E3,1.825120E2
6.154167E0,,,,,
6.158333E0,1574,1.634881E0,1.154887E1,1.010959E3,1.840535E2
6.162500E0,,,,,
6.166667E0,1576,1.606764E0,1.152237E1,1.010091E3,1.848712E2
6.170833E0,,,,,
6.175000E0,1578,1.598059E0,1.148875E1,1.009823E3,1.859088E2
6.179167E0,,,,,
6.183333E0,1580,1.589495E0,1.145841E1,1.009558E3,1.868455E2
6.187500E0,,,,,
6.191667E0,1582,1.580285E0,1.144809E1,1.009274E3,1.871639E2
6.195833E0,,,,,
6.200000E0,1584,1.582278E0,1.143880E1,1.009336E3,1.874506E2
6.204167E0,,,,,
6.208333E0,1586,1.566564E0,1.141584E1,1.008851E3,1.881594E2
6.212500E0,,,,,
6.216667E0,1588,1.570743E0,1.140305E1,1.008980E3,1.885541E2
6.220833E0,,,,,
6.225000E0,1590,1.551660E0,1.138646E1,1.008391E3,1.890660E2
6.229167E0,,,,,
6.233333E0,1592,1.549431E0,1.133698E1,1.008322E3,1.905933E2
6.237500E0,,,,,
6.241667E0,1594,1.531701E0,1.127564E1,1.007775E3,1.924865E2
6.245833E0,,,,,
6.250000E0,1596,1.519115E0,1.124006E1,1.007386E3,1.935846E2
6.254167E0,,,,,
6.258333E0,1598,1.515230E0,1.116625E1,1.007266E3,1.958625E2
6.262500E0,,,,,
6.266667E0,1600,1.486803E0,1.111035E1,1.006389E3,1.975879E2
6.270833E0,,,,,
6.275000E0,1602,1.485729E0,1.105862E1,1.006356E3,1.991847E2
6.279167E0,,,,,
6.283333E0,1604,1.467750E0,1.101303E1,1.005801E3,2.005917E2
6.287500E0,,,,,
6.291667E0,1606,1.454286E0,1.097434E1,1.005385E3,2.017857E2
6.295833E0,,,,,
6.300000E0,1608,1.447434E0,1.094439E1,1.005174E3,2.027102E2
6.304167E0,,,,,
6.308333E0,1610,1.439717E0,1.091029E1,1.004936E3,2.037627E2
6.312500E0,,,,,
6.316667E0,1612,1.426026E0,1.090213E1,1.004513E3,2.040146E2
6.320833E0,,,,,
6.325000E0,1614,1.426768E0,1.088450E1,1.004536E3,2.045587E2
6.329167E0,,,,,
6.333333E0,1616,1.425244E0,1.086744E1,1.004489E3,2.050853E2
6.337500E0,,,,,
6.341667E0,1618,1.416946E0,1.085846E1,1.004233E3,2.053623E2
6.345833E0,,,,,
6.350000E0,1620,1.412241E0,1.081262E1,1.004088E3,2.067772E2
6.354167E0,,,,,
6.358333E0,1622,1.410926E0,1.078049E1,1.004047E3,2.077689E2
6.362500E0,,,,,
6.366667E0,1624,1.392763E0,1.073103E1,1.003487E3,2.092953E2
6.370833E0,,,,,
6.375000E0,1626,1.370593E0,1.068686E1,1.002802E3,2.106585E2
6.379167E0,,,,,
6.383333E0,1628,1.357814E0,1.061863E1,1.002408E3,2.127646E2
6.387500E0,,,,,
6.391667E0,1630,1.332243E0,1.057819E1,1.001619E3,2.140126E2
6.395833E0,,,,,
6.400000E0,1632,1.319358E0,1.051998E1,1.001221E3,2.158093E2
6.404167E0,,,,,
6.408333E0,1634,1.308036E0,1.047026E1,1.000871E3,2.173439E2
6.412500E0,,,,,
6.416667E0,1636,1.304645E0,1.043524E1,1.000767E3,2.184246E2
6.420833E0,,,,,
6.425000E0,1638,1.293139E0,1.040387E1,1.000412E3,2.193928E2
6.429167E0,,,,,
6.433333E0,1640,1.298853E0,1.037835E1,1.000588E3,2.201804E2
6.437500E0,,,,,
6.441667E0,1642,1.289845E0,1.036862E1,1.000310E3,2.204808E2
6.445833E0,,,,,
6.450000E0,1644,1.283770E0,1.034184E1,1.000123E3,2.213075E2
6.454167E0,,,,,
6.458333E0,1646,1.291801E0,1.032797E1,1.000370E3,2.217354E2
6.462500E0,,,,,
6.466667E0,1648,1.280065E0,1.030060E1,1.000008E3,2.225802E2
6.470833E0,,,,,
6.475000E0,1650,1.277285E0,1.028112E1,9.999224E2,2.231814E2
6.479167E0,,,,,
6.483333E0,1652,1.274443E0,1.023371E1,9.998346E2,2.246449E2
6.487500E0,,,,,
6.491667E0,1654,1.256884E0,1.017770E1,9.992927E2,2.263733E2
6.495833E0,,,,,
6.500000E0,1656,1.258021E0,1.013587E1,9.993278E2,2.276646E2
6.504167E0,,,,,
6.508333E0,1658,1.244343E0,1.006318E1,9.989057E2,2.299081E2
6.512500E0,,,,,
6.516667E0,1660,1.227917E0,1.001872E1,9.983987E2,2.312801E2
6.520833E0,,,,,
6.525000E0,1662,1.220837E0,9.957640E0,9.981802E2,2.331654E2
6.529167E0,,,,,
6.533333E0,1664,1.219283E0,9.914923E0,9.981322E2,2.344839E2
6.537500E0,,,,,
6.541667E0,1666,1.211338E0,9.879479E0,9.978870E2,2.355778E2
6.545833E0,,,,,
6.550000E0,1668,1.196084E0,9.855612E0,9.974162E2,2.363144E2
6.554167E0,,,,,
6.558333E0,1670,1.188320E0,9.830826E0,9.971765E2,2.370795E2
6.562500E0,,,,,
6.566667E0,1672,1.184881E0,9.822404E0,9.970704E2,2.373394E2
6.570833E0,,,,,
6.575000E0,1674,1.193203E0,9.792877E0,9.973273E2,2.382507E2
6.579167E0,,,,,
6.583333E0,1676,1.166702E0,9.790221E0,9.965093E2,2.383327E2
6.587500E0,,,,,
6.591667E0,1678,1.167668E0,9.755545E0,9.965391E2,2.394029E2
6.595833E0,,,,,
6.600000E0,1680,1.173623E0,9.731790E0,9.967229E2,2.401361E2
6.604167E0,,,,,
6.608333E0,1682,1.141561E0,9.695653E0,9.957334E2,2.412515E2
6.612500E0,,,,,
6.616667E0,1684,1.146349E0,9.642306E0,9.958811E2,2.428980E2
6.620833E0,,,,,
6.625000E0,1686,1.130984E0,9.587727E0,9.954069E2,2.445825E2
6.629167E0,,,,,
6.633333E0,1688,1.123340E0,9.536829E0,9.951710E2,2.461534E2
6.637500E0,,,,,
6.641667E0,1690,1.100860E0,9.475136E0,9.944772E2,2.480575E2
6.645833E0,,,,,
6.650000E0,1692,1.095991E0,9.421661E0,9.943269E2,2.497080E2
6.654167E0,,,,,
6.658333E0,1694,1.078738E0,9.377852E0,9.937944E2,2.510601E2
6.662500E0,,,,,
6.666667E0,1696,1.064560E0,9.339574E0,9.933568E2,2.522415E2
6.670833E0,,,,,
6.675000E0,1698,1.060885E0,9.310733E0,9.932434E2,2.531317E2
6.679167E0,,,,,
6.683333E0,1700,1.052005E0,9.282861E0,9.929693E2,2.539920E2
6.687500E0,,,,,
6.691667E0,1702,1.040813E0,9.268147E0,9.926238E2,2.544461E2
6.695833E0,,,,,
6.700000E0,1704,1.017707E0,9.253440E0,9.919107E2,2.549000E2
6.704167E0,,,,,
6.708333E0,1706,1.025747E0,9.242353E0,9.921589E2,2.552422E2
6.712500E0,,,,,
6.716667E0,1708,1.027305E0,9.214186E0,9.922069E2,2.561115E2
6.720833E0,,,,,
6.725000E0,1710,1.007553E0,9.192096E0,9.915973E2,2.567933E2
6.729167E0,,,,,
6.733333E0,1712,9.883522E-1,9.144842E0,9.910047E2,2.582518E2
6.737500E0,,,,,
6.741667E0,1714,9.737716E-1,9.104052E0,9.905547E2,2.595107E2
6.745833E0,,,,,
6.750000E0,1716,9.498730E-1,9.053476E0,9.898171E2,2.610717E2
6.754167E0,,,,,
6.758333E0,1718,9.263733E-1,9.001033E0,9.890918E2,2.626903E2
6.762500E0,,,,,
6.766667E0,1720,9.298572E-1,8.950872E0,9.891993E2,2.642385E2
6.770833E0,,,,,
6.775000E0,1722,9.067135E-1,8.886923E0,9.884850E2,2.662122E2
6.779167E0,,,,,
6.783333E0,1724,8.861158E-1,8.842821E0,9.878493E2,2.675734E2
6.787500E0,,,,,
6.791667E0,1726,8.855229E-1,8.810129E0,9.878310E2,2.685824E2
6.795833E0,,,,,
6.800000E0,1728,8.636036E-1,8.791819E0,9.871544E2,2.691476E2
6.804167E0,,,,,
6.808333E0,1730,8.451335E-1,8.752730E0,9.865844E2,2.703540E2
6.812500E0,,,,,
6.816667E0,1732,8.326449E-1,8.746193E0,9.861989E2,2.705558E2
6.820833E0,,,,,
6.825000E0,1734,8.242554E-1,8.734456E0,9.859400E2,2.709180E2
6.829167E0,,,,,
6.833333E0,1736,8.196366E-1,8.716533E0,9.857974E2,2.714712E2
6.837500E0,,,,,
6.841667E0,1738,8.240308E-1,8.696516E0,9.859330E2,2.720890E2
6.845833E0,,,,,
6.850000E0,1740,8.053259E-1,8.671264E0,9.853557E2,2.728684E2
6.854167E0,,,,,
6.858333E0,1742,7.872896E-1,8.612350E0,9.847991E2,2.746867E2
6.862500E0,,,,,
6.866667E0,1744,7.750910E-1,8.587064E0,9.844226E2,2.754672E2
6.870833E0,,,,,
6.875000E0,1746,7.493331E-1,8.532897E0,9.836276E2,2.771390E2
6.879167E0,,,,,
6.883333E0,1748,7.211244E-1,8.491834E0,9.827569E2,2.784064E2
6.887500E0,,,,,
6.891667E0,1750,7.046976E-1,8.424086E0,9.822499E2,2.804973E2
6.895833E0,,,,,
6.900000E0,1752,6.771150E-1,8.380691E0,9.813986E2,2.818367E2
6.904167E0,,,,,
6.908333E0,1754,6.370520E-1,8.339544E0,9.801621E2,2.831067E2
6.912500E0,,,,,
6.916667E0,1756,6.200328E-1,8.305341E0,9.796368E2,2.841623E2
6.920833E0,,,,,
6.925000E0,1758,6.126448E-1,8.280350E0,9.794088E2,2.849337E2
6.929167E0,,,,,
6.933333E0,1760,5.887574E-1,8.258942E0,9.786715E2,2.855944E2
6.937500E0,,,,,
6.941667E0,1762,5.907481E-1,8.246077E0,9.787330E2,2.859914E2
6.945833E0,,,,,
6.950000E0,1764,5.821905E-1,8.231742E0,9.784688E2,2.864339E2
6.954167E0,,,,,
6.958333E0,1766,5.621644E-1,8.223428E0,9.778508E2,2.866905E2
6.962500E0,,,,,
6.966667E0,1768,5.554056E-1,8.199483E0,9.776421E2,2.874295E2
6.970833E0,,,,,
6.975000E0,1770,5.417582E-1,8.183349E0,9.772209E2,2.879275E2
6.979167E0,,,,,
6.983333E0,1772,5.142005E-1,8.153065E0,9.763704E2,2.888622E2
6.987500E0,,,,,
6.991667E0,1774,4.828944E-1,8.109222E0,9.754041E2,2.902154E2
6.995833E0,,,,,
7.000000E0,1776,4.477420E-1,8.053913E0,9.743192E2,2.919224E2
7.004167E0,,,,,
7.008333E0,1778,4.099971E-1,8.008251E0,9.731542E2,2.933318E2
7.012500E0,,,,,
7.016667E0,1780,3.833946E-1,7.958725E0,9.723332E2,2.948603E2
7.020833E0,,,,,
7.025000E0,1782,3.504103E-1,7.918694E0,9.713151E2,2.960959E2
7.029167E0,,,,,
7.033333E0,1784,3.104500E-1,7.892826E0,9.700818E2,2.968942E2
7.037500E0,,,,,
7.041667E0,1786,3.050153E-1,7.848169E0,9.699141E2,2.982726E2
7.045833E0,,,,,
7.050000E0,1788,2.798825E-1,7.821231E0,9.691383E2,2.991040E2
7.054167E0,,,,,
7.058333E0,1790,2.656612E-1,7.801739E0,9.686994E2,2.997056E2
7.062500E0,,,,,
7.066667E0,1792,2.587188E-1,7.783375E0,9.684851E2,3.002724E2
7.070833E0,,,,,
7.075000E0,1794,2.396466E-1,7.773133E0,9.678965E2,3.005885E2
7.079167E0,,,,,
7.083333E0,1796,2.294007E-1,7.761233E0,9.675803E2,3.009558E2
7.087500E0,,,,,
7.091667E0,1798,2.259840E-1,7.748553E0,9.674748E2,3.013471E2
7.095833E0,,,,,
7.100000E0,1800,2.037989E-1,7.724437E0,9.667901E2,3.020915E2
7.104167E0,,,,,
7.108333E0,1802,1.850824E-1,7.687381E0,9.662124E2,3.032352E2
7.112500E0,,,,,
7.116667E0,1804,1.632835E-1,7.636306E0,9.655396E2,3.048115E2
7.120833E0,,,,,
7.125000E0,1806,1.353268E-1,7.594219E0,9.646768E2,3.061105E2
7.129167E0,,,,,
7.133333E0,1808,9.843382E-2,7.540331E0,9.635381E2,3.077737E2
7.137500E0,,,,,
7.141667E0,1810,8.210751E-2,7.499733E0,9.630342E2,3.090268E2
7.145833E0,,,,,
7.150000E0,1812,6.532242E-2,7.438285E0,9.625161E2,3.109233E2
7.154167E0,,,,,
7.158333E0,1814,4.053875E-2,7.394732E0,9.617512E2,3.122675E2
7.162500E0,,,,,
7.166667E0,1816,3.001041E-2,7.355922E0,9.614262E2,3.134654E2
7.170833E0,,,,,
7.175000E0,1818,3.539789E-2,7.312486E0,9.615925E2,3.148060E2
7.179167E0,,,,,
7.183333E0,1820,2.482235E-2,7.305956E0,9.612661E2,3.150075E2
7.187500E0,,,,,
7.191667E0,1822,6.940492E-3,7.287930E0,9.607142E2,3.155639E2
7.195833E0,,,,,
7.200000E0,1824,-9.104559E-3,7.270612E0,9.602190E2,3.160984E2
7.204167E0,,,,,
7.208333E0,1826,-7.287709E-4,7.249687E0,9.604775E2,3.167442E2
7.212500E0,,,,,
7.216667E0,1828,-9.546711E-3,7.226918E0,9.602053E2,3.174470E2
7.220833E0,,,,,
7.225000E0,1830,-3.279111E-2,7.197253E0,9.594879E2,3.183626E2
7.229167E0,,,,,
7.233333E0,1832,-3.830758E-2,7.176022E0,9.593177E2,3.190178E2
7.237500E0,,,,,
7.241667E0,1834,-3.920119E-2,7.115714E0,9.592901E2,3.208792E2
7.245833E0,,,,,
7.250000E0,1836,-6.903751E-2,7.080651E0,9.583692E2,3.219614E2
7.254167E0,,,,,
7.258333E0,1838,-9.169738E-2,7.012831E0,9.576698E2,3.240546E2
7.262500E0,,,,,
7.266667E0,1840,-1.162583E-1,6.954653E0,9.569118E2,3.258502E2
7.270833E0,,,,,
7.275000E0,1842,-1.313980E-1,6.910008E0,9.564445E2,3.272281E2
7.279167E0,,,,,
7.283333E0,1844,-1.600680E-1,6.862538E0,9.555596E2,3.286933E2
7.287500E0,,,,,
7.291667E0,1846,-1.607969E-1,6.829700E0,9.555371E2,3.297068E2
7.295833E0,,,,,
7.300000E0,1848,-1.808662E-1,6.804810E0,9.549177E2,3.304750E2
7.304167E0,,,,,
7.308333E0,1850,-1.924427E-1,6.771720E0,9.545604E2,3.314963E2
7.312500E0,,,,,
7.316667E0,1852,-2.045240E-1,6.762006E0,9.541875E2,3.317961E2
7.320833E0,,,,,
7.325000E0,1854,-2.049459E-1,6.756623E0,9.541745E2,3.319623E2
7.329167E0,,,,,
7.333333E0,1856,-2.058619E-1,6.735758E0,9.541462E2,3.326062E2
7.337500E0,,,,,
7.341667E0,1858,-2.130326E-1,6.717989E0,9.539249E2,3.331547E2
7.345833E0,,,,,
7.350000E0,1860,-2.424685E-1,6.680519E0,9.530164E2,3.343111E2
7.354167E0,,,,,
7.358333E0,1862,-2.547922E-1,6.656780E0,9.526360E2,3.350438E2
7.362500E0,,,,,
7.366667E0,1864,-2.736021E-1,6.601143E0,9.520555E2,3.367610E2
7.370833E0,,,,,
7.375000E0,1866,-2.946857E-1,6.545192E0,9.514048E2,3.384879E2
7.379167E0,,,,,
7.383333E0,1868,-3.173474E-1,6.496761E0,9.507053E2,3.399827E2
7.387500E0,,,,,
7.391667E0,1870,-3.483891E-1,6.453181E0,9.497473E2,3.413278E2
7.395833E0,,,,,
7.400000E0,1872,-3.621928E-1,6.401485E0,9.493212E2,3.429233E2
7.404167E0,,,,,
7.408333E0,1874,-3.943644E-1,6.353100E0,9.483283E2,3.444167E2
7.412500E0,,,,,
7.416667E0,1876,-4.091656E-1,6.315076E0,9.478714E2,3.455902E2
7.420833E0,,,,,
7.425000E0,1878,-4.208255E-1,6.292159E0,9.475116E2,3.462976E2
7.429167E0,,,,,
7.433333E0,1880,-4.303321E-1,6.257006E0,9.472181E2,3.473825E2
7.437500E0,,,,,
7.441667E0,1882,-4.241144E-1,6.257220E0,9.474101E2,3.473759E2
7.445833E0,,,,,
7.450000E0,1884,-4.299547E-1,6.243968E0,9.472298E2,3.477850E2
7.454167E0,,,,,
7.458333E0,1886,-4.559166E-1,6.227252E0,9.464285E2,3.483009E2
7.462500E0,,,,,
7.466667E0,1888,-4.552865E-1,6.207751E0,9.464479E2,3.489027E2
7.470833E0,,,,,
7.475000E0,1890,-4.671088E-1,6.181903E0,9.460831E2,3.497005E2
7.479167E0,,,,,
7.483333E0,1892,-4.813106E-1,6.136743E0,9.456447E2,3.510944E2
7.487500E0,,,,,
7.491667E0,1894,-5.118567E-1,6.098566E0,9.447020E2,3.522727E2
7.495833E0,,,,,
7.500000E0,1896,-5.458539E-1,6.054327E0,9.436527E2,3.536381E2
7.504167E0,,,,,
7.508333E0,1898,-5.710981E-1,5.997900E0,9.428735E2,3.553796E2
7.512500E0,,,,,
7.516667E0,1900,-5.941070E-1,5.935975E0,9.421634E2,3.572909E2
7.520833E0,,,,,
7.525000E0,1902,-6.227937E-1,5.896326E0,9.412780E2,3.585146E2
7.529167E0,,,,,
7.533333E0,1904,-6.504037E-1,5.853737E0,9.404258E2,3.598291E2
7.537500E0,,,,,
7.541667E0,1906,-6.584992E-1,5.815093E0,9.401759E2,3.610218E2
7.545833E0,,,,,
7.550000E0,1908,-6.726987E-1,5.784675E0,9.397377E2,3.619606E2
7.554167E0,,,,,
7.558333E0,1910,-6.816396E-1,5.768685E0,9.394617E2,3.624542E2
7.562500E0,,,,,
7.566667E0,1912,-6.926198E-1,5.763715E0,9.391228E2,3.626076E2
7.570833E0,,,,,
7.575000E0,1914,-6.965528E-1,5.742789E0,9.390015E2,3.632534E2
7.579167E0,,,,,
7.583333E0,1916,-7.040429E-1,5.735253E0,9.387703E2,3.634860E2
7.587500E0,,,,,
7.591667E0,1918,-7.065869E-1,5.708423E0,9.386918E2,3.643141E2
7.595833E0,,,,,
7.600000E0,1920,-7.196465E-1,5.670605E0,9.382887E2,3.654813E2
7.604167E0,,,,,
7.608333E0,1922,-7.384282E-1,5.639017E0,9.377090E2,3.664563E2
7.612500E0,,,,,
7.616667E0,1924,-7.615850E-1,5.594538E0,9.369943E2,3.678291E2
7.620833E0,,,,,
7.625000E0,1926,-7.692880E-1,5.535533E0,9.367565E2,3.696502E2
7.629167E0,,,,,
7.633333E0,1928,-7.788542E-1,5.474712E0,9.364613E2,3.715274E2
7.637500E0,,,,,
7.641667E0,1930,-8.021494E-1,5.421632E0,9.357423E2,3.731657E2
7.645833E0,,,,,
7.650000E0,1932,-8.246132E-1,5.369585E0,9.350490E2,3.747721E2
7.654167E0,,,,,
7.658333E0,1934,-8.458354E-1,5.327233E0,9.343940E2,3.760792E2
7.662500E0,,,,,
7.666667E0,1936,-8.553696E-1,5.292955E0,9.340997E2,3.771372E2
7.670833E0,,,,,
7.675000E0,1938,-8.731901E-1,5.255968E0,9.335497E2,3.782788E2
7.679167E0,,,,,
7.683333E0,1940,-8.726584E-1,5.238019E0,9.335661E2,3.788328E2
7.687500E0,,,,,
7.691667E0,1942,-9.031188E-1,5.226621E0,9.326260E2,3.791845E2
7.695833E0,,,,,
7.700000E0,1944,-8.990197E-1,5.203539E0,9.327525E2,3.798969E2
7.704167E0,,,,,
7.708333E0,1946,-9.047792E-1,5.192380E0,9.325747E2,3.802414E2
7.712500E0,,,,,
7.716667E0,1948,-9.124150E-1,5.160430E0,9.323390E2,3.812275E2
7.720833E0,,,,,
7.725000E0,1950,-9.161290E-1,5.150368E0,9.322244E2,3.815380E2
7.729167E0,,,,,
7.733333E0,1952,-9.277507E-1,5.111032E0,9.318657E2,3.827521E2
7.737500E0,,,,,
7.741667E0,1954,-9.238319E-1,5.063391E0,9.319867E2,3.842225E2
7.745833E0,,,,,
7.750000E0,1956,-9.355845E-1,5.010368E0,9.316239E2,3.858590E2
7.754167E0,,,,,
7.758333E0,1958,-9.511900E-1,4.937269E0,9.311423E2,3.881152E2
7.762500E0,,,,,
7.766667E0,1960,-9.634023E-1,4.885965E0,9.307654E2,3.896986E2
7.770833E0,,,,,
7.775000E0,1962,-9.655935E-1,4.837414E0,9.306977E2,3.911971E2
7.779167E0,,,,,
7.783333E0,1964,-9.795763E-1,4.779396E0,9.302662E2,3.929878E2
7.787500E0,,,,,
7.791667E0,1966,-9.794234E-1,4.740779E0,9.302709E2,3.941797E2
7.795833E0,,,,,
7.800000E0,1968,-9.878042E-1,4.711128E0,9.300122E2,3.950948E2
7.804167E0,,,,,
7.808333E0,1970,-9.809016E-1,4.694933E0,9.302253E2,3.955946E2
7.812500E0,,,,,
7.816667E0,1972,-9.870097E-1,4.681377E0,9.300367E2,3.960131E2
7.820833E0,,,,,
7.825000E0,1974,-9.998739E-1,4.648466E0,9.296397E2,3.970288E2
7.829167E0,,,,,
7.833333E0,1976,-1.000066E0,4.645067E0,9.296338E2,3.971337E2
7.837500E0,,,,,
7.841667E0,1978,-9.913796E-1,4.630492E0,9.299019E2,3.975836E2
7.845833E0,,,,,
7.850000E0,1980,-1.000966E0,4.600443E0,9.296060E2,3.985110E2
7.854167E0,,,,,
7.858333E0,1982,-1.008233E0,4.548617E0,9.293817E2,4.001106E2
7.862500E0,,,,,
7.866667E0,1984,-1.006176E0,4.506333E0,9.294452E2,4.014156E2
7.870833E0,,,,,
7.875000E0,1986,-1.012793E0,4.442643E0,9.292410E2,4.033814E2
7.879167E0,,,,,
7.883333E0,1988,-1.015449E0,4.370579E0,9.291590E2,4.056056E2
7.887500E0,,,,,
7.891667E0,1990,-9.997180E-1,4.321328E0,9.296445E2,4.071257E2
7.895833E0,,,,,
7.900000E0,1992,-1.004188E0,4.269320E0,9.295065E2,4.087309E2
7.904167E0,,,,,
7.908333E0,1994,-9.908526E-1,4.224058E0,9.299181E2,4.101279E2
7.912500E0,,,,,
7.916667E0,1996,-1.008203E0,4.184821E0,9.293826E2,4.113389E2
7.920833E0,,,,,
7.925000E0,1998,-9.876974E-1,4.146910E0,9.300155E2,4.125089E2
7.929167E0,,,,,
7.933333E0,2000,-9.914392E-1,4.127140E0,9.299000E2,4.131192E2
7.937500E0,,,,,
7.941667E0,2002,-1.000728E0,4.115005E0,9.296133E2,4.134937E2
7.945833E0,,,,,
7.950000E0,2004,-9.862590E-1,4.099030E0,9.300599E2,4.139867E2
7.954167E0,,,,,
7.958333E0,2006,-9.762323E-1,4.089487E0,9.303694E2,4.142813E2
7.962500E0,,,,,
7.966667E0,2008,-9.759251E-1,4.057641E0,9.303789E2,4.152642E2
7.970833E0,,,,,
7.975000E0,2010,-9.760388E-1,4.039724E0,9.303753E2,4.158172E2
7.979167E0,,,,,
7.983333E0,2012,-9.649940E-1,3.989362E0,9.307162E2,4.173715E2
7.987500E0,,,,,
7.991667E0,2014,-9.623207E-1,3.941159E0,9.307987E2,4.188593E2
7.995833E0,,,,,
8.000000E0,2016,-9.467615E-1,3.883795E0,9.312790E2,4.206298E2
8.004167E0,,,,,
8.008333E0,2018,-9.542951E-1,3.828849E0,9.310464E2,4.223257E2
8.012500E0,,,,,
8.016667E0,2020,-9.326074E-1,3.768373E0,9.317158E2,4.241922E2
8.020833E0,,,,,
8.025000E0,2022,-9.250414E-1,3.712673E0,9.319493E2,4.259113E2
8.029167E0,,,,,
8.033333E0,2024,-9.259592E-1,3.658661E0,9.319210E2,4.275784E2
8.037500E0,,,,,
8.041667E0,2026,-9.198259E-1,3.613508E0,9.321103E2,4.289720E2
8.045833E0,,,,,
8.050000E0,2028,-9.112271E-1,3.594760E0,9.323757E2,4.295506E2
8.054167E0,,,,,
8.058333E0,2030,-9.009969E-1,3.575672E0,9.326915E2,4.301398E2
8.062500E0,,,,,
8.066667E0,2032,-8.999875E-1,3.562154E0,9.327226E2,4.305570E2
8.070833E0,,,,,
8.075000E0,2034,-9.066041E-1,3.546487E0,9.325184E2,4.310405E2
8.079167E0,,,,,
8.083333E0,2036,-9.085715E-1,3.521319E0,9.324577E2,4.318173E2
8.087500E0,,,,,
8.091667E0,2038,-8.936742E-1,3.501793E0,9.329175E2,4.324200E2
8.095833E0,,,,,
8.100000E0,2040,-9.028439E-1,3.474181E0,9.326344E2,4.332722E2
8.104167E0,,,,,
8.108333E0,2042,-8.990699E-1,3.440129E0,9.327509E2,4.343232E2
8.112500E0,,,,,
8.116667E0,2044,-8.899533E-1,3.386735E0,9.330323E2,4.359712E2
8.120833E0,,,,,
8.125000E0,2046,-8.672231E-1,3.336051E0,9.337339E2,4.375355E2
8.129167E0,,,,,
8.133333E0,2048,-8.754276E-1,3.262788E0,9.334806E2,4.397967E2
8.137500E0,,,,,
8.141667E0,2050,-8.743119E-1,3.213343E0,9.335151E2,4.413228E2
8.145833E0,,,,,
8.150000E0,2052,-8.688386E-1,3.154489E0,9.336840E2,4.431392E2
8.154167E0,,,,,
8.158333E0,2054,-8.608539E-1,3.118493E0,9.339304E2,4.442502E2
8.162500E0,,,,,
8.166667E0,2056,-8.638605E-1,3.071098E0,9.338376E2,4.457130E2
8.170833E0,,,,,
8.175000E0,2058,-8.620010E-1,3.035049E0,9.338950E2,4.468257E2
8.179167E0,,,,,
8.183333E0,2060,-8.629776E-1,3.012754E0,9.338649E2,4.475138E2
8.187500E0,,,,,
8.191667E0,2062,-8.683748E-1,2.998228E0,9.336983E2,4.479621E2
8.195833E0,,,,,
8.200000E0,2064,-8.725397E-1,2.991723E0,9.335698E2,4.481629E2
8.204167E0,,,,,
8.208333E0,2066,-8.632701E-1,2.961865E0,9.338559E2,4.490844E2
8.212500E0,,,,,
8.216667E0,2068,-8.600842E-1,2.941057E0,9.339542E2,4.497266E2
8.220833E0,,,,,
8.225000E0,2070,-8.687364E-1,2.920913E0,9.336871E2,4.503484E2
8.229167E0,,,,,
8.233333E0,2072,-8.629822E-1,2.877033E0,9.338647E2,4.517027E2
8.237500E0,,,,,
8.241667E0,2074,-8.782538E-1,2.822072E0,9.333934E2,4.533990E2
8.245833E0,,,,,
8.250000E0,2076,-8.703134E-1,2.767303E0,9.336385E2,4.550894E2
8.254167E0,,,,,
8.258333E0,2078,-8.704525E-1,2.706596E0,9.336342E2,4.569631E2
8.262500E0,,,,,
8.266667E0,2080,-8.779170E-1,2.655065E0,9.334038E2,4.585535E2
8.270833E0,,,,,
8.275000E0,2082,-8.802367E-1,2.595083E0,9.333322E2,4.604048E2
8.279167E0,,,,,
8.283333E0,2084,-8.863039E-1,2.552659E0,9.331449E2,4.617142E2
8.287500E0,,,,,
8.291667E0,2086,-8.914725E-1,2.501400E0,9.329854E2,4.632963E2
8.295833E0,,,,,
8.300000E0,2088,-8.884721E-1,2.469784E0,9.330780E2,4.642721E2
8.304167E0,,,,,
8.308333E0,2090,-8.790814E-1,2.447531E0,9.333679E2,4.649589E2
8.312500E0,,,,,
8.316667E0,2092,-8.899485E-1,2.439938E0,9.330325E2,4.651933E2
8.320833E0,,,,,
8.325000E0,2094,-8.865362E-1,2.423182E0,9.331378E2,4.657104E2
8.329167E0,,,,,
8.333333E0,2096,-8.924944E-1,2.398891E0,9.329539E2,4.664601E2
8.337500E0,,,,,
8.341667E0,2098,-8.829876E-1,2.387272E0,9.332473E2,4.668188E2
8.345833E0,,,,,
8.350000E0,2100,-8.926597E-1,2.344325E0,9.329488E2,4.681443E2
8.354167E0,,,,,
8.358333E0,2102,-8.888402E-1,2.318507E0,9.330667E2,4.689411E2
8.362500E0,,,,,
8.366667E0,2104,-8.981783E-1,2.261991E0,9.327784E2,4.706855E2
8.370833E0,,,,,
8.375000E0,2106,-8.890634E-1,2.207548E0,9.330598E2,4.723658E2
8.379167E0,,,,,
8.383333E0,2108,-8.967068E-1,2.152514E0,9.328239E2,4.740644E2
8.387500E0,,,,,
8.391667E0,2110,-8.957112E-1,2.091762E0,9.328546E2,4.759394E2
8.395833E0,,,,,
8.400000E0,2112,-8.827076E-1,2.030534E0,9.332559E2,4.778292E2
8.404167E0,,,,,
8.408333E0,2114,-9.072072E-1,1.982094E0,9.324998E2,4.793243E2
8.412500E0,,,,,
8.416667E0,2116,-9.026308E-1,1.939689E0,9.326410E2,4.806331E2
8.420833E0,,,,,
8.425000E0,2118,-9.034297E-1,1.918506E0,9.326164E2,4.812869E2
8.429167E0,,,,,
8.433333E0,2120,-8.980534E-1,1.884385E0,9.327823E2,4.823400E2
8.437500E0,,,,,
8.441667E0,2122,-9.055768E-1,1.872239E0,9.325501E2,4.827148E2
8.445833E0,,,,,
8.450000E0,2124,-9.160930E-1,1.857614E0,9.322255E2,4.831662E2
8.454167E0,,,,,
8.458333E0,2126,-9.097547E-1,1.837685E0,9.324212E2,4.837813E2
8.462500E0,,,,,
8.466667E0,2128,-9.172026E-1,1.816597E0,9.321913E2,4.844322E2
8.470833E0,,,,,
8.475000E0,2130,-9.090404E-1,1.805836E0,9.324432E2,4.847643E2
8.479167E0,,,,,
8.483333E0,2132,-8.974962E-1,1.749187E0,9.327995E2,4.865127E2
8.487500E0,,,,,
8.491667E0,2134,-9.067541E-1,1.696912E0,9.325138E2,4.881262E2
8.495833E0,,,,,
8.500000E0,2136,-9.052383E-1,1.642014E0,9.325605E2,4.898205E2
8.504167E0,,,,,
8.508333E0,2138,-8.962245E-1,1.592429E0,9.328387E2,4.913510E2
8.512500E0,,,,,
8.516667E0,2140,-8.941192E-1,1.523845E0,9.329037E2,4.934677E2
8.520833E0,,,,,
8.525000E0,2142,-8.900068E-1,1.460762E0,9.330307E2,4.954147E2
8.529167E0,,,,,
8.533333E0,2144,-8.893575E-1,1.409815E0,9.330507E2,4.969872E2
8.537500E0,,,,,
8.541667E0,2146,-8.835736E-1,1.383063E0,9.332292E2,4.978129E2
8.545833E0,,,,,
8.550000E0,2148,-8.671622E-1,1.347695E0,9.337357E2,4.989045E2
8.554167E0,,,,,
8.558333E0,2150,-8.687856E-1,1.333470E0,9.336856E2,4.993435E2
8.562500E0,,,,,
8.566667E0,2152,-8.662462E-1,1.313746E0,9.337640E2,4.999523E2
8.570833E0,,,,,
8.575000E0,2154,-8.839799E-1,1.296903E0,9.332167E2,5.004721E2
8.579167E0,,,,,
8.583333E0,2156,-8.833842E-1,1.281297E0,9.332351E2,5.009538E2
8.587500E0,,,,,
8.591667E0,2158,-8.703973E-1,1.265964E0,9.336359E2,5.014270E2
8.595833E0,,,,,
8.600000E0,2160,-8.779100E-1,1.228995E0,9.334040E2,5.025681E2
8.604167E0,,,,,
8.608333E0,2162,-8.799359E-1,1.182736E0,9.333415E2,5.039958E2
8.612500E0,,,,,
8.616667E0,2164,-8.825008E-1,1.151088E0,9.332623E2,5.049726E2
8.620833E0,,,,,
8.625000E0,2166,-8.704075E-1,1.085103E0,9.336356E2,5.070092E2
8.629167E0,,,,,
8.633333E0,2168,-8.740841E-1,1.014673E0,9.335221E2,5.091829E2
8.637500E0,,,,,
8.641667E0,2170,-8.789125E-1,9.484950E-1,9.333731E2,5.112255E2
8.645833E0,,,,,
8.650000E0,2172,-8.921842E-1,9.035534E-1,9.329635E2,5.126125E2
8.654167E0,,,,,
8.658333E0,2174,-8.894681E-1,8.570920E-1,9.330473E2,5.140465E2
8.662500E0,,,,,
8.666667E0,2176,-9.011448E-1,8.176176E-1,9.326869E2,5.152649E2
8.670833E0,,,,,
8.675000E0,2178,-8.859388E-1,8.005516E-1,9.331562E2,5.157916E2
8.679167E0,,,,,
8.683333E0,2180,-9.049949E-1,7.683939E-1,9.325681E2,5.167841E2
8.687500E0,,,,,
8.691667E0,2182,-8.838942E-1,7.499816E-1,9.332193E2,5.173524E2
8.695833E0,,,,,
8.700000E0,2184,-8.935620E-1,7.308303E-1,9.329209E2,5.179435E2
8.704167E0,,,,,
8.708333E0,2186,-9.000828E-1,7.209506E-1,9.327197E2,5.182484E2
8.712500E0,,,,,
8.716667E0,2188,-8.948488E-1,6.853996E-1,9.328812E2,5.193457E2
8.720833E0,,,,,
8.725000E0,2190,-9.045773E-1,6.645698E-1,9.325809E2,5.199886E2
8.729167E0,,,,,
8.733333E0,2192,-8.948150E-1,6.320126E-1,9.328823E2,5.209934E2
8.737500E0,,,,,
8.741667E0,2194,-8.970769E-1,5.760152E-1,9.328124E2,5.227218E2
8.745833E0,,,,,
8.750000E0,2196,-9.111758E-1,5.111841E-1,9.323773E2,5.247227E2
8.754167E0,,,,,
8.758333E0,2198,-9.065706E-1,4.633354E-1,9.325194E2,5.261995E2
8.762500E0,,,,,
8.766667E0,2200,-9.116186E-1,3.938676E-1,9.323636E2,5.283436E2
8.770833E0,,,,,
8.775000E0,2202,-9.144714E-1,3.469120E-1,9.322756E2,5.297928E2
8.779167E0,,,,,
8.783333E0,2204,-9.290436E-1,3.087779E-1,9.318258E2,5.309698E2
8.787500E0,,,,,
8.791667E0,2206,-9.390717E-1,2.521773E-1,9.315163E2,5.327168E2
8.795833E0,,,,,
8.800000E0,2208,-9.385530E-1,2.245695E-1,9.315323E2,5.335688E2
8.804167E0,,,,,
8.808333E0,2210,-9.349707E-1,2.065214E-1,9.316429E2,5.341259E2
8.812500E0,,,,,
8.816667E0,2212,-9.386653E-1,1.905430E-1,9.315288E2,5.346190E2
8.820833E0,,,,,
8.825000E0,2214,-9.513712E-1,1.794930E-1,9.311367E2,5.349601E2
8.829167E0,,,,,
8.833333E0,2216,-9.403651E-1,1.602762E-1,9.314764E2,5.355532E2
8.837500E0,,,,,
8.841667E0,2218,-9.518678E-1,1.297059E-1,9.311214E2,5.364967E2
8.845833E0,,,,,
8.850000E0,2220,-9.634816E-1,1.141057E-1,9.307629E2,5.369782E2
8.854167E0,,,,,
8.858333E0,2222,-9.734445E-1,7.252980E-2,9.304554E2,5.382614E2
8.862500E0,,,,,
8.866667E0,2224,-9.754865E-1,1.917283E-2,9.303924E2,5.399082E2
8.870833E0,,,,,
8.875000E0,2226,-9.784610E-1,-3.499924E-2,9.303006E2,5.415802E2
8.879167E0,,,,,
8.883333E0,2228,-9.925122E-1,-8.638925E-2,9.298669E2,5.431663E2
8.887500E0,,,,,
8.891667E0,2230,-1.011977E0,-1.467142E-1,9.292661E2,5.450282E2
8.895833E0,,,,,
8.900000E0,2232,-1.022182E0,-1.971081E-1,9.289512E2,5.465836E2
8.904167E0,,,,,
8.908333E0,2234,-1.028788E0,-2.564654E-1,9.287473E2,5.484156E2
8.912500E0,,,,,
8.916667E0,2236,-1.038145E0,-2.956383E-1,9.284585E2,5.496246E2
8.920833E0,,,,,
8.925000E0,2238,-1.047507E0,-3.292441E-1,9.281696E2,5.506619E2
8.929167E0,,,,,
8.933333E0,2240,-1.040863E0,-3.513050E-1,9.283746E2,5.513427E2
8.937500E0,,,,,
8.941667E0,2242,-1.044569E0,-3.612732E-1,9.282602E2,5.516504E2
8.945833E0,,,,,
8.950000E0,2244,-1.045387E0,-3.773029E-1,9.282350E2,5.521452E2
8.954167E0,,,,,
8.958333E0,2246,-1.043639E0,-3.880454E-1,9.282889E2,5.524767E2
8.962500E0,,,,,
8.966667E0,2248,-1.045299E0,-4.212308E-1,9.282377E2,5.535009E2
8.970833E0,,,,,
8.975000E0,2250,-1.053014E0,-4.490645E-1,9.279996E2,5.543600E2
8.979167E0,,,,,
8.983333E0,2252,-1.047732E0,-4.949313E-1,9.281626E2,5.557757E2
8.987500E0,,,,,
8.991667E0,2254,-1.055729E0,-5.331476E-1,9.279158E2,5.569552E2
8.995833E0,,,,,
9.000000E0,2256,-1.046841E0,-5.892415E-1,9.281901E2,5.586865E2
9.004167E0,,,,,
9.008333E0,2258,-1.051604E0,-6.600139E-1,9.280431E2,5.608708E2
9.012500E0,,,,,
9.016667E0,2260,-1.053180E0,-7.215761E-1,9.279944E2,5.627709E2
9.020833E0,,,,,
9.025000E0,2262,-1.073017E0,-7.692819E-1,9.273822E2,5.642433E2
9.029167E0,,,,,
9.033333E0,2264,-1.075796E0,-8.073899E-1,9.272964E2,5.654194E2
9.037500E0,,,,,
9.041667E0,2266,-1.077145E0,-8.574496E-1,9.272548E2,5.669645E2
9.045833E0,,,,,
9.050000E0,2268,-1.088565E0,-8.772673E-1,9.269023E2,5.675762E2
9.054167E0,,,,,
9.058333E0,2270,-1.073308E0,-8.987013E-1,9.273732E2,5.682377E2
9.062500E0,,,,,
9.066667E0,2272,-1.081383E0,-9.094033E-1,9.271240E2,5.685680E2
9.070833E0,,,,,
9.075000E0,2274,-1.072063E0,-9.398197E-1,9.274116E2,5.695068E2
9.079167E0,,,,,
9.083333E0,2276,-1.082389E0,-9.655379E-1,9.270929E2,5.703006E2
9.087500E0,,,,,
9.091667E0,2278,-1.071944E0,-9.797288E-1,9.274153E2,5.707385E2
9.095833E0,,,,,
9.100000E0,2280,-1.080846E0,-1.007050E0,9.271405E2,5.715818E2
9.104167E0,,,,,
9.108333E0,2282,-1.093825E0,-1.047767E0,9.267400E2,5.728385E2
9.112500E0,,,,,
9.116667E0,2284,-1.096999E0,-1.089950E0,9.266420E2,5.741404E2
9.120833E0,,,,,
9.125000E0,2286,-1.112689E0,-1.150286E0,9.261577E2,5.760027E2
9.129167E0,,,,,
9.133333E0,2288,-1.125613E0,-1.197825E0,9.257588E2,5.774699E2
9.137500E0,,,,,
9.141667E0,2290,-1.142061E0,-1.268881E0,9.252512E2,5.796630E2
9.145833E0,,,,,
9.150000E0,2292,-1.138976E0,-1.315591E0,9.253464E2,5.811046E2
9.154167E0,,,,,
9.158333E0,2294,-1.155343E0,-1.353451E0,9.248413E2,5.822732E2
9.162500E0,,,,,
9.166667E0,2296,-1.176309E0,-1.396887E0,9.241942E2,5.836138E2
9.170833E0,,,,,
9.175000E0,2298,-1.192730E0,-1.430941E0,9.236873E2,5.846648E2
9.179167E0,,,,,
9.183333E0,2300,-1.205136E0,-1.447244E0,9.233045E2,5.851680E2
9.187500E0,,,,,
9.191667E0,2302,-1.194159E0,-1.458065E0,9.236432E2,5.855020E2
9.195833E0,,,,,
9.200000E0,2304,-1.207357E0,-1.475660E0,9.232359E2,5.860451E2
9.204167E0,,,,,
9.208333E0,2306,-1.212774E0,-1.483282E0,9.230687E2,5.862803E2
9.212500E0,,,,,
9.216667E0,2308,-1.231074E0,-1.520133E0,9.225039E2,5.874177E2
9.220833E0,,,,,
9.225000E0,2310,-1.227834E0,-1.540662E0,9.226039E2,5.880513E2
9.229167E0,,,,,
9.233333E0,2312,-1.258603E0,-1.575303E0,9.216542E2,5.891205E2
9.237500E0,,,,,
9.241667E0,2314,-1.271600E0,-1.621394E0,9.212531E2,5.905430E2
9.245833E0,,,,,
9.250000E0,2316,-1.313021E0,-1.684455E0,9.199747E2,5.924894E2
9.254167E0,,,,,
9.258333E0,2318,-1.332407E0,-1.729686E0,9.193763E2,5.938854E2
9.262500E0,,,,,
9.266667E0,2320,-1.351192E0,-1.782384E0,9.187965E2,5.955118E2
9.270833E0,,,,,
9.275000E0,2322,-1.374416E0,-1.828735E0,9.180798E2,5.969425E2
9.279167E0,,,,,
9.283333E0,2324,-1.394970E0,-1.877232E0,9.174454E2,5.984393E2
9.287500E0,,,,,
9.291667E0,2326,-1.424423E0,-1.913625E0,9.165363E2,5.995625E2
9.295833E0,,,,,
9.300000E0,2328,-1.435589E0,-1.951521E0,9.161917E2,6.007321E2
9.304167E0,,,,,
9.308333E0,2330,-1.434178E0,-1.956005E0,9.162352E2,6.008705E2
9.312500E0,,,,,
9.316667E0,2332,-1.451441E0,-1.976050E0,9.157024E2,6.014892E2
9.320833E0,,,,,
9.325000E0,2334,-1.442526E0,-1.989658E0,9.159776E2,6.019092E2
9.329167E0,,,,,
9.333333E0,2336,-1.456433E0,-2.001459E0,9.155484E2,6.022734E2
9.337500E0,,,,,
9.341667E0,2338,-1.452183E0,-2.025684E0,9.156795E2,6.030211E2
9.345833E0,,,,,
9.350000E0,2340,-1.470938E0,-2.053343E0,9.151007E2,6.038748E2
9.354167E0,,,,,
9.358333E0,2342,-1.479208E0,-2.103579E0,9.148454E2,6.054253E2
9.362500E0,,,,,
9.366667E0,2344,-1.500595E0,-2.148615E0,9.141853E2,6.068153E2
9.370833E0,,,,,
9.375000E0,2346,-1.523104E0,-2.188770E0,9.134906E2,6.080546E2
9.379167E0,,,,,
9.383333E0,2348,-1.551950E0,-2.240665E0,9.126003E2,6.096563E2
9.387500E0,,,,,
9.391667E0,2350,-1.571027E0,-2.309459E0,9.120115E2,6.117796E2
9.395833E0,,,,,
9.400000E0,2352,-1.588017E0,-2.354117E0,9.114871E2,6.131579E2
9.404167E0,,,,,
9.408333E0,2354,-1.616624E0,-2.400389E0,9.106042E2,6.145861E2
9.412500E0,,,,,
9.416667E0,2356,-1.623200E0,-2.433289E0,9.104012E2,6.156015E2
9.420833E0,,,,,
9.425000E0,2358,-1.641750E0,-2.459890E0,9.098287E2,6.164225E2
9.429167E0,,,,,
9.433333E0,2360,-1.652540E0,-2.487420E0,9.094957E2,6.172722E2
9.437500E0,,,,,
9.441667E0,2362,-1.657887E0,-2.505670E0,9.093306E2,6.178355E2
9.445833E0,,,,,
9.450000E0,2364,-1.672696E0,-2.510036E0,9.088736E2,6.179703E2
9.454167E0,,,,,
9.458333E0,2366,-1.670517E0,-2.535684E0,9.089408E2,6.187619E2
9.462500E0,,,,,
9.466667E0,2368,-1.673902E0,-2.554484E0,9.088363E2,6.193421E2
9.470833E0,,,,,
9.475000E0,2370,-1.708156E0,-2.580160E0,9.077791E2,6.201346E2
9.479167E0,,,,,
9.483333E0,2372,-1.699387E0,-2.610448E0,9.080498E2,6.210694E2
9.487500E0,,,,,
9.491667E0,2374,-1.719586E0,-2.657832E0,9.074264E2,6.225319E2
9.495833E0,,,,,
9.500000E0,2376,-1.737416E0,-2.704598E0,9.068761E2,6.239753E2
9.504167E0,,,,,
9.508333E0,2378,-1.762571E0,-2.767262E0,9.060996E2,6.259093E2
9.512500E0,,,,,
9.516667E0,2380,-1.787745E0,-2.818919E0,9.053227E2,6.275037E2
9.520833E0,,,,,
9.525000E0,2382,-1.800020E0,-2.872308E0,9.049438E2,6.291515E2
9.529167E0,,,,,
9.533333E0,2384,-1.804861E0,-2.913826E0,9.047944E2,6.304329E2
9.537500E0,,,,,
9.541667E0,2386,-1.839954E0,-2.966506E0,9.037113E2,6.320588E2
9.545833E0,,,,,
9.550000E0,2388,-1.853628E0,-2.988133E0,9.032893E2,6.327263E2
9.554167E0,,,,,
9.558333E0,2390,-1.857484E0,-3.002940E0,9.031702E2,6.331833E2
9.562500E0,,,,,
9.566667E0,2392,-1.864267E0,-3.025968E0,9.029609E2,6.338941E2
9.570833E0,,,,,
9.575000E0,2394,-1.858057E0,-3.041869E0,9.031526E2,6.343848E2
9.579167E0,,,,,
9.583333E0,2396,-1.858869E0,-3.054337E0,9.031275E2,6.347697E2
9.587500E0,,,,,
9.591667E0,2398,-1.874095E0,-3.078305E0,9.026576E2,6.355094E2
9.595833E0,,,,,
9.600000E0,2400,-1.897144E0,-3.089006E0,9.019462E2,6.358397E2
9.604167E0,,,,,
9.608333E0,2402,-1.896413E0,-3.135902E0,9.019687E2,6.372871E2
9.612500E0,,,,,
9.616667E0,2404,-1.911933E0,-3.184557E0,9.014897E2,6.387888E2
9.620833E0,,,,,
9.625000E0,2406,-1.939517E0,-3.233682E0,9.006384E2,6.403050E2
9.629167E0,,,,,
9.633333E0,2408,-1.962436E0,-3.287369E0,8.999310E2,6.419620E2
9.637500E0,,,,,
9.641667E0,2410,-1.978775E0,-3.352867E0,8.994267E2,6.439836E2
9.645833E0,,,,,
9.650000E0,2412,-1.994458E0,-3.396279E0,8.989427E2,6.453234E2
9.654167E0,,,,,
9.658333E0,2414,-2.018697E0,-3.443154E0,8.981945E2,6.467702E2
9.662500E0,,,,,
9.666667E0,2416,-2.021138E0,-3.480373E0,8.981192E2,6.479189E2
9.670833E0,,,,,
9.675000E0,2418,-2.024282E0,-3.513388E0,8.980221E2,6.489379E2
9.679167E0,,,,,
9.683333E0,2420,-2.028489E0,-3.535554E0,8.978923E2,6.496220E2
9.687500E0,,,,,
9.691667E0,2422,-2.032456E0,-3.552782E0,8.977699E2,6.501538E2
9.695833E0,,,,,
9.700000E0,2424,-2.044126E0,-3.580523E0,8.974097E2,6.510100E2
9.704167E0,,,,,
9.708333E0,2426,-2.043415E0,-3.590888E0,8.974316E2,6.513299E2
9.712500E0,,,,,
9.716667E0,2428,-2.040713E0,-3.603512E0,8.975150E2,6.517195E2
9.720833E0,,,,,
9.725000E0,2430,-2.058754E0,-3.630600E0,8.969582E2,6.525556E2
9.729167E0,,,,,
9.733333E0,2432,-2.062918E0,-3.664611E0,8.968297E2,6.536053E2
9.737500E0,,,,,
9.741667E0,2434,-2.074223E0,-3.724782E0,8.964808E2,6.554624E2
9.745833E0,,,,,
9.750000E0,2436,-2.091296E0,-3.771136E0,8.959538E2,6.568931E2
9.754167E0,,,,,
9.758333E0,2438,-2.111249E0,-3.835221E0,8.953380E2,6.588710E2
9.762500E0,,,,,
9.766667E0,2440,-2.119620E0,-3.884008E0,8.950796E2,6.603768E2
9.770833E0,,,,,
9.775000E0,2442,-2.128908E0,-3.959542E0,8.947930E2,6.627081E2
9.779167E0,,,,,
9.783333E0,2444,-2.139715E0,-3.980436E0,8.944594E2,6.633530E2
9.787500E0,,,,,
9.791667E0,2446,-2.149197E0,-4.024608E0,8.941668E2,6.647163E2
9.795833E0,,,,,
9.800000E0,2448,-2.164259E0,-4.063463E0,8.937019E2,6.659155E2
9.804167E0,,,,,
9.808333E0,2450,-2.169536E0,-4.088268E0,8.935390E2,6.666811E2
9.812500E0,,,,,
9.816667E0,2452,-2.172529E0,-4.092954E0,8.934466E2,6.668258E2
9.820833E0,,,,,
9.825000E0,2454,-2.180124E0,-4.120142E0,8.932122E2,6.676649E2
9.829167E0,,,,,
9.833333E0,2456,-2.176635E0,-4.133299E0,8.933199E2,6.680710E2
9.837500E0,,,,,
9.841667E0,2458,-2.178995E0,-4.153016E0,8.932471E2,6.686795E2
9.845833E0,,,,,
9.850000E0,2460,-2.182605E0,-4.187370E0,8.931357E2,6.697398E2
9.854167E0,,,,,
9.858333E0,2462,-2.191229E0,-4.225235E0,8.928695E2,6.709085E2
9.862500E0,,,,,
9.866667E0,2464,-2.198960E0,-4.274168E0,8.926309E2,6.724188E2
9.870833E0,,,,,
9.875000E0,2466,-2.209180E0,-4.324946E0,8.923154E2,6.739860E2
9.879167E0,,,,,
9.883333E0,2468,-2.228332E0,-4.382385E0,8.917243E2,6.757588E2
9.887500E0,,,,,
9.891667E0,2470,-2.225567E0,-4.442526E0,8.918097E2,6.776150E2
9.895833E0,,,,,
9.900000E0,2472,-2.240202E0,-4.503300E0,8.913580E2,6.794907E2
9.904167E0,,,,,
9.908333E0,2474,-2.252714E0,-4.548518E0,8.909718E2,6.808864E2
9.912500E0,,,,,
9.916667E0,2476,-2.260279E0,-4.586032E0,8.907383E2,6.820442E2
9.920833E0,,,,,
9.925000E0,2478,-2.255840E0,-4.613754E0,8.908753E2,6.828998E2
9.929167E0,,,,,
9.933333E0,2480,-2.265206E0,-4.642113E0,8.905862E2,6.837751E2
9.937500E0,,,,,
9.941667E0,2482,-2.275835E0,-4.648548E0,8.902582E2,6.839737E2
9.945833E0,,,,,
9.950000E0,2484,-2.283386E0,-4.669704E0,8.900251E2,6.846267E2
9.954167E0,,,,,
9.958333E0,2486,-2.282351E0,-4.684439E0,8.900571E2,6.850814E2
9.962500E0,,,,,
9.966667E0,2488,-2.288831E0,-4.707510E0,8.898571E2,6.857935E2
9.970833E0,,,,,
9.975000E0,2490,-2.295022E0,-4.728794E0,8.896660E2,6.864504E2
9.979167E0,,,,,
9.983333E0,2492,-2.297636E0,-4.783598E0,8.895853E2,6.881419E2
9.987500E0,,,,,
9.991667E0,2494,-2.313011E0,-4.809904E0,8.891108E2,6.889538E2
