,E,,,,,
t,frame,x,y,pixelx,pixely,
0.000000E0,96,-9.000610E0,-3.003767E0,6.827034E2,6.332089E2
4.166667E-3,,,,,
8.333333E-3,98,-9.014582E0,-3.006448E0,6.822722E2,6.332916E2
1.250000E-2,,,,,
1.666667E-2,100,-9.037240E0,-3.020235E0,6.815729E2,6.337171E2
2.083333E-2,,,,,
2.500000E-2,102,-9.037620E0,-3.025206E0,6.815611E2,6.338706E2
2.916667E-2,,,,,
3.333333E-2,104,-9.073190E0,-3.048997E0,6.804633E2,6.346048E2
3.750000E-2,,,,,
4.166667E-2,106,-9.099786E0,-3.062201E0,6.796424E2,6.350124E2
4.583333E-2,,,,,
5.000000E-2,108,-9.136255E0,-3.068227E0,6.785168E2,6.351984E2
5.416667E-2,,,,,
5.833333E-2,110,-9.172904E0,-3.080105E0,6.773857E2,6.355650E2
6.250000E-2,,,,,
6.666667E-2,112,-9.220023E0,-3.100292E0,6.759314E2,6.361880E2
7.083333E-2,,,,,
7.500000E-2,114,-9.257631E0,-3.127805E0,6.747706E2,6.370372E2
7.916667E-2,,,,,
8.333333E-2,116,-9.295721E0,-3.153391E0,6.735950E2,6.378269E2
8.750000E-2,,,,,
9.166667E-2,118,-9.330693E0,-3.157865E0,6.725156E2,6.379650E2
9.583333E-2,,,,,
1.000000E-1,120,-9.380457E0,-3.175314E0,6.709797E2,6.385035E2
1.041667E-1,,,,,
1.083333E-1,122,-9.392491E0,-3.189001E0,6.706083E2,6.389259E2
1.125000E-1,,,,,
1.166667E-1,124,-9.414703E0,-3.191756E0,6.699228E2,6.390110E2
1.208333E-1,,,,,
1.250000E-1,126,-9.431718E0,-3.195924E0,6.693976E2,6.391396E2
1.291667E-1,,,,,
1.333333E-1,128,-9.449204E0,-3.207214E0,6.688579E2,6.394881E2
1.375000E-1,,,,,
1.416667E-1,130,-9.460046E0,-3.194948E0,6.685233E2,6.391095E2
1.458333E-1,,,,,
1.500000E-1,132,-9.479223E0,-3.203637E0,6.679314E2,6.393777E2
1.541667E-1,,,,,
1.583333E-1,134,-9.492370E0,-3.207552E0,6.675256E2,6.394985E2
1.625000E-1,,,,,
1.666667E-1,136,-9.497864E0,-3.209114E0,6.673560E2,6.395467E2
1.708333E-1,,,,,
1.750000E-1,138,-9.527098E0,-3.230296E0,6.664538E2,6.402005E2
1.791667E-1,,,,,
1.833333E-1,140,-9.554549E0,-3.239711E0,6.656065E2,6.404911E2
1.875000E-1,,,,,
1.916667E-1,142,-9.589853E0,-3.248771E0,6.645169E2,6.407707E2
1.958333E-1,,,,,
2.000000E-1,144,-9.635608E0,-3.263052E0,6.631047E2,6.412115E2
2.041667E-1,,,,,
2.083333E-1,146,-9.673981E0,-3.274721E0,6.619204E2,6.415716E2
2.125000E-1,,,,,
2.166667E-1,148,-9.708331E0,-3.287482E0,6.608602E2,6.419655E2
2.208333E-1,,,,,
2.250000E-1,150,-9.764544E0,-3.301851E0,6.591252E2,6.424090E2
2.291667E-1,,,,,
2.333333E-1,152,-9.808289E0,-3.314414E0,6.577750E2,6.427967E2
2.375000E-1,,,,,
2.416667E-1,154,-9.851590E0,-3.314759E0,6.564386E2,6.428074E2
2.458333E-1,,,,,
2.500000E-1,156,-9.867943E0,-3.320714E0,6.559339E2,6.429912E2
2.541667E-1,,,,,
2.583333E-1,158,-9.887945E0,-3.346484E0,6.553165E2,6.437866E2
2.625000E-1,,,,,
2.666667E-1,160,-9.903822E0,-3.343744E0,6.548265E2,6.437020E2
2.708333E-1,,,,,
2.750000E-1,162,-9.913520E0,-3.351117E0,6.545272E2,6.439295E2
2.791667E-1,,,,,
2.833333E-1,164,-9.921482E0,-3.346430E0,6.542814E2,6.437849E2
2.875000E-1,,,,,
2.916667E-1,166,-9.950698E0,-3.344831E0,6.533797E2,6.437355E2
2.958333E-1,,,,,
3.000000E-1,168,-9.961824E0,-3.362749E0,6.530363E2,6.442885E2
3.041667E-1,,,,,
3.083333E-1,170,-9.981597E0,-3.371602E0,6.524260E2,6.445618E2
3.125000E-1,,,,,
3.166667E-1,172,-1.000461E1,-3.382934E0,6.517156E2,6.449116E2
3.208333E-1,,,,,
3.250000E-1,174,-1.002435E1,-3.391801E0,6.511064E2,6.451852E2
3.291667E-1,,,,,
3.333333E-1,176,-1.007245E1,-3.392375E0,6.496218E2,6.452029E2
3.375000E-1,,,,,
3.416667E-1,178,-1.010988E1,-3.410956E0,6.484667E2,6.457764E2
3.458333E-1,,,,,
3.500000E-1,180,-1.015225E1,-3.406000E0,6.471588E2,6.456234E2
3.541667E-1,,,,,
3.583333E-1,182,-1.019473E1,-3.432362E0,6.458477E2,6.464371E2
3.625000E-1,,,,,
3.666667E-1,184,-1.024245E1,-3.442566E0,6.443749E2,6.467520E2
3.708333E-1,,,,,
3.750000E-1,186,-1.028675E1,-3.452424E0,6.430077E2,6.470563E2
3.791667E-1,,,,,
3.833333E-1,188,-1.032131E1,-3.458360E0,6.419411E2,6.472395E2
3.875000E-1,,,,,
3.916667E-1,190,-1.035317E1,-3.459129E0,6.409576E2,6.472632E2
3.958333E-1,,,,,
4.000000E-1,192,-1.037179E1,-3.463766E0,6.403831E2,6.474064E2
4.041667E-1,,,,,
4.083333E-1,194,-1.038925E1,-3.471578E0,6.398442E2,6.476475E2
4.125000E-1,,,,,
4.166667E-1,196,-1.040059E1,-3.465231E0,6.394942E2,6.474516E2
4.208333E-1,,,,,
4.250000E-1,198,-1.041743E1,-3.474126E0,6.389743E2,6.477261E2
4.291667E-1,,,,,
4.333333E-1,200,-1.041286E1,-3.482959E0,6.391154E2,6.479987E2
4.375000E-1,,,,,
4.416667E-1,202,-1.044385E1,-3.466263E0,6.381590E2,6.474834E2
4.458333E-1,,,,,
4.500000E-1,204,-1.046010E1,-3.491111E0,6.376574E2,6.482503E2
4.541667E-1,,,,,
4.583333E-1,206,-1.048467E1,-3.508439E0,6.368992E2,6.487852E2
4.625000E-1,,,,,
4.666667E-1,208,-1.051270E1,-3.501391E0,6.360340E2,6.485676E2
4.708333E-1,,,,,
4.750000E-1,210,-1.054654E1,-3.491434E0,6.349897E2,6.482603E2
4.791667E-1,,,,,
4.833333E-1,212,-1.057941E1,-3.519289E0,6.339750E2,6.491200E2
4.875000E-1,,,,,
4.916667E-1,214,-1.064695E1,-3.536665E0,6.318903E2,6.496563E2
4.958333E-1,,,,,
5.000000E-1,216,-1.066512E1,-3.551484E0,6.313298E2,6.501137E2
5.041667E-1,,,,,
5.083333E-1,218,-1.071893E1,-3.562534E0,6.296688E2,6.504547E2
5.125000E-1,,,,,
5.166667E-1,220,-1.077024E1,-3.577235E0,6.280853E2,6.509085E2
5.208333E-1,,,,,
5.250000E-1,222,-1.078699E1,-3.582806E0,6.275683E2,6.510804E2
5.291667E-1,,,,,
5.333333E-1,224,-1.083203E1,-3.584228E0,6.261781E2,6.511243E2
5.375000E-1,,,,,
5.416667E-1,226,-1.084080E1,-3.591079E0,6.259074E2,6.513358E2
5.458333E-1,,,,,
5.500000E-1,228,-1.087082E1,-3.600421E0,6.249808E2,6.516241E2
5.541667E-1,,,,,
5.583333E-1,230,-1.088857E1,-3.591819E0,6.244329E2,6.513586E2
5.625000E-1,,,,,
5.666667E-1,232,-1.089675E1,-3.608078E0,6.241805E2,6.518604E2
5.708333E-1,,,,,
5.750000E-1,234,-1.090970E1,-3.612617E0,6.237810E2,6.520005E2
5.791667E-1,,,,,
5.833333E-1,236,-1.091670E1,-3.616059E0,6.235648E2,6.521068E2
5.875000E-1,,,,,
5.916667E-1,238,-1.092727E1,-3.618701E0,6.232387E2,6.521883E2
5.958333E-1,,,,,
6.000000E-1,240,-1.095493E1,-3.633531E0,6.223848E2,6.526460E2
6.041667E-1,,,,,
6.083333E-1,242,-1.098842E1,-3.633515E0,6.213511E2,6.526455E2
6.125000E-1,,,,,
6.166667E-1,244,-1.102747E1,-3.659477E0,6.201459E2,6.534468E2
6.208333E-1,,,,,
6.250000E-1,246,-1.106049E1,-3.658882E0,6.191269E2,6.534285E2
6.291667E-1,,,,,
6.333333E-1,248,-1.110397E1,-3.666323E0,6.177849E2,6.536581E2
6.375000E-1,,,,,
6.416667E-1,250,-1.114882E1,-3.686522E0,6.164006E2,6.542816E2
6.458333E-1,,,,,
6.500000E-1,252,-1.118637E1,-3.709712E0,6.152416E2,6.549973E2
6.541667E-1,,,,,
6.583333E-1,254,-1.122788E1,-3.726049E0,6.139604E2,6.555015E2
6.625000E-1,,,,,
6.666667E-1,256,-1.126664E1,-3.738665E0,6.127641E2,6.558909E2
6.708333E-1,,,,,
6.750000E-1,258,-1.129627E1,-3.751700E0,6.118496E2,6.562932E2
6.791667E-1,,,,,
6.833333E-1,260,-1.132406E1,-3.759311E0,6.109921E2,6.565281E2
6.875000E-1,,,,,
6.916667E-1,262,-1.133078E1,-3.767129E0,6.107844E2,6.567694E2
6.958333E-1,,,,,
7.000000E-1,264,-1.134001E1,-3.771318E0,6.104998E2,6.568987E2
7.041667E-1,,,,,
7.083333E-1,266,-1.135346E1,-3.774915E0,6.100846E2,6.570097E2
7.125000E-1,,,,,
7.166667E-1,268,-1.135845E1,-3.803391E0,6.099306E2,6.578886E2
7.208333E-1,,,,,
7.250000E-1,270,-1.137950E1,-3.805414E0,6.092808E2,6.579510E2
7.291667E-1,,,,,
7.333333E-1,272,-1.139996E1,-3.806161E0,6.086493E2,6.579741E2
7.375000E-1,,,,,
7.416667E-1,274,-1.142575E1,-3.812648E0,6.078535E2,6.581743E2
7.458333E-1,,,,,
7.500000E-1,276,-1.144139E1,-3.832445E0,6.073705E2,6.587853E2
7.541667E-1,,,,,
7.583333E-1,278,-1.147341E1,-3.841060E0,6.063825E2,6.590512E2
7.625000E-1,,,,,
7.666667E-1,280,-1.150121E1,-3.859562E0,6.055244E2,6.596223E2
7.708333E-1,,,,,
7.750000E-1,282,-1.155449E1,-3.901300E0,6.038800E2,6.609105E2
7.791667E-1,,,,,
7.833333E-1,284,-1.158811E1,-3.915661E0,6.028423E2,6.613537E2
7.875000E-1,,,,,
7.916667E-1,286,-1.162639E1,-3.946539E0,6.016608E2,6.623068E2
7.958333E-1,,,,,
8.000000E-1,288,-1.166730E1,-3.949867E0,6.003981E2,6.624095E2
8.041667E-1,,,,,
8.083333E-1,290,-1.169970E1,-3.978148E0,5.993983E2,6.632823E2
8.125000E-1,,,,,
8.166667E-1,292,-1.172828E1,-3.986917E0,5.985161E2,6.635530E2
8.208333E-1,,,,,
8.250000E-1,294,-1.174135E1,-4.008297E0,5.981126E2,6.642129E2
8.291667E-1,,,,,
8.333333E-1,296,-1.175619E1,-4.008277E0,5.976547E2,6.642123E2
8.375000E-1,,,,,
8.416667E-1,298,-1.177871E1,-4.028817E0,5.969596E2,6.648462E2
8.458333E-1,,,,,
8.500000E-1,300,-1.180409E1,-4.034600E0,5.961763E2,6.650247E2
8.541667E-1,,,,,
8.583333E-1,302,-1.180060E1,-4.029883E0,5.962840E2,6.648791E2
8.625000E-1,,,,,
8.666667E-1,304,-1.180858E1,-4.035921E0,5.960376E2,6.650655E2
8.708333E-1,,,,,
8.750000E-1,306,-1.182308E1,-4.052033E0,5.955901E2,6.655627E2
8.791667E-1,,,,,
8.833333E-1,308,-1.185026E1,-4.058880E0,5.947512E2,6.657741E2
8.875000E-1,,,,,
8.916667E-1,310,-1.187124E1,-4.070929E0,5.941037E2,6.661460E2
8.958333E-1,,,,,
9.000000E-1,312,-1.191245E1,-4.075318E0,5.928318E2,6.662814E2
9.041667E-1,,,,,
9.083333E-1,314,-1.194303E1,-4.100107E0,5.918881E2,6.670465E2
9.125000E-1,,,,,
9.166667E-1,316,-1.199435E1,-4.123491E0,5.903039E2,6.677682E2
9.208333E-1,,,,,
9.250000E-1,318,-1.202199E1,-4.137838E0,5.894508E2,6.682110E2
9.291667E-1,,,,,
9.333333E-1,320,-1.206752E1,-4.154904E0,5.880457E2,6.687378E2
9.375000E-1,,,,,
9.416667E-1,322,-1.210708E1,-4.178395E0,5.868247E2,6.694628E2
9.458333E-1,,,,,
9.500000E-1,324,-1.214426E1,-4.194106E0,5.856771E2,6.699477E2
9.541667E-1,,,,,
9.583333E-1,326,-1.217844E1,-4.210855E0,5.846224E2,6.704647E2
9.625000E-1,,,,,
9.666667E-1,328,-1.219302E1,-4.217549E0,5.841721E2,6.706713E2
9.708333E-1,,,,,
9.750000E-1,330,-1.221871E1,-4.230397E0,5.833792E2,6.710678E2
9.791667E-1,,,,,
9.833333E-1,332,-1.222308E1,-4.238051E0,5.832443E2,6.713040E2
9.875000E-1,,,,,
9.916667E-1,334,-1.223152E1,-4.241321E0,5.829841E2,6.714050E2
9.958333E-1,,,,,
1.000000E0,336,-1.224811E1,-4.248386E0,5.824719E2,6.716230E2
1.004167E0,,,,,
1.008333E0,338,-1.225574E1,-4.263974E0,5.822364E2,6.721041E2
1.012500E0,,,,,
1.016667E0,340,-1.227146E1,-4.267604E0,5.817511E2,6.722162E2
1.020833E0,,,,,
1.025000E0,342,-1.229034E1,-4.275188E0,5.811685E2,6.724502E2
1.029167E0,,,,,
1.033333E0,344,-1.232999E1,-4.288318E0,5.799449E2,6.728555E2
1.037500E0,,,,,
1.041667E0,346,-1.234730E1,-4.302962E0,5.794105E2,6.733075E2
1.045833E0,,,,,
1.050000E0,348,-1.239283E1,-4.319540E0,5.780051E2,6.738191E2
1.054167E0,,,,,
1.058333E0,350,-1.242700E1,-4.338570E0,5.769506E2,6.744065E2
1.062500E0,,,,,
1.066667E0,352,-1.246455E1,-4.358468E0,5.757918E2,6.750206E2
1.070833E0,,,,,
1.075000E0,354,-1.250838E1,-4.375149E0,5.744389E2,6.755355E2
1.079167E0,,,,,
1.083333E0,356,-1.254713E1,-4.402805E0,5.732428E2,6.763891E2
1.087500E0,,,,,
1.091667E0,358,-1.258672E1,-4.411706E0,5.720211E2,6.766638E2
1.095833E0,,,,,
1.100000E0,360,-1.261900E1,-4.419261E0,5.710248E2,6.768969E2
1.104167E0,,,,,
1.108333E0,362,-1.263217E1,-4.442752E0,5.706183E2,6.776220E2
1.112500E0,,,,,
1.116667E0,364,-1.266922E1,-4.448774E0,5.694747E2,6.778079E2
1.120833E0,,,,,
1.125000E0,366,-1.267319E1,-4.450881E0,5.693521E2,6.778729E2
1.129167E0,,,,,
1.133333E0,368,-1.269308E1,-4.457203E0,5.687384E2,6.780680E2
1.137500E0,,,,,
1.141667E0,370,-1.270199E1,-4.456112E0,5.684633E2,6.780343E2
1.145833E0,,,,,
1.150000E0,372,-1.271975E1,-4.464249E0,5.679152E2,6.782855E2
1.154167E0,,,,,
1.158333E0,374,-1.272317E1,-4.463651E0,5.678095E2,6.782670E2
1.162500E0,,,,,
1.166667E0,376,-1.275242E1,-4.481790E0,5.669068E2,6.788268E2
1.170833E0,,,,,
1.175000E0,378,-1.277705E1,-4.490362E0,5.661466E2,6.790914E2
1.179167E0,,,,,
1.183333E0,380,-1.280403E1,-4.506060E0,5.653140E2,6.795759E2
1.187500E0,,,,,
1.191667E0,382,-1.283198E1,-4.514258E0,5.644511E2,6.798290E2
1.195833E0,,,,,
1.200000E0,384,-1.288312E1,-4.550881E0,5.628728E2,6.809593E2
1.204167E0,,,,,
1.208333E0,386,-1.291354E1,-4.574716E0,5.619339E2,6.816949E2
1.212500E0,,,,,
1.216667E0,388,-1.296260E1,-4.573557E0,5.604197E2,6.816592E2
1.220833E0,,,,,
1.225000E0,390,-1.299832E1,-4.596853E0,5.593171E2,6.823782E2
1.229167E0,,,,,
1.233333E0,392,-1.303530E1,-4.617835E0,5.581761E2,6.830258E2
1.237500E0,,,,,
1.241667E0,394,-1.305684E1,-4.625993E0,5.575110E2,6.832776E2
1.245833E0,,,,,
1.250000E0,396,-1.310185E1,-4.631514E0,5.561220E2,6.834480E2
1.254167E0,,,,,
1.258333E0,398,-1.309839E1,-4.656214E0,5.562286E2,6.842103E2
1.262500E0,,,,,
1.266667E0,400,-1.312759E1,-4.655157E0,5.553275E2,6.841777E2
1.270833E0,,,,,
1.275000E0,402,-1.314141E1,-4.653257E0,5.549010E2,6.841191E2
1.279167E0,,,,,
1.283333E0,404,-1.315435E1,-4.668025E0,5.545016E2,6.845748E2
1.287500E0,,,,,
1.291667E0,406,-1.315833E1,-4.672087E0,5.543789E2,6.847002E2
1.295833E0,,,,,
1.300000E0,408,-1.318332E1,-4.682697E0,5.536074E2,6.850277E2
1.304167E0,,,,,
1.308333E0,410,-1.319431E1,-4.694407E0,5.532682E2,6.853891E2
1.312500E0,,,,,
1.316667E0,412,-1.322210E1,-4.710843E0,5.524106E2,6.858964E2
1.320833E0,,,,,
1.325000E0,414,-1.325528E1,-4.711734E0,5.513863E2,6.859239E2
1.329167E0,,,,,
1.333333E0,416,-1.328884E1,-4.728870E0,5.503506E2,6.864528E2
1.337500E0,,,,,
1.341667E0,418,-1.332250E1,-4.745193E0,5.493118E2,6.869566E2
1.345833E0,,,,,
1.350000E0,420,-1.336716E1,-4.755096E0,5.479334E2,6.872622E2
1.354167E0,,,,,
1.358333E0,422,-1.341829E1,-4.771347E0,5.463554E2,6.877638E2
1.362500E0,,,,,
1.366667E0,424,-1.345713E1,-4.788591E0,5.451565E2,6.882960E2
1.370833E0,,,,,
1.375000E0,426,-1.350000E1,-4.801723E0,5.438333E2,6.887013E2
1.379167E0,,,,,
1.383333E0,428,-1.353855E1,-4.807230E0,5.426437E2,6.888713E2
1.387500E0,,,,,
1.391667E0,430,-1.355995E1,-4.821908E0,5.419830E2,6.893243E2
1.395833E0,,,,,
1.400000E0,432,-1.357952E1,-4.828862E0,5.413790E2,6.895389E2
1.404167E0,,,,,
1.408333E0,434,-1.357812E1,-4.839422E0,5.414221E2,6.898649E2
1.412500E0,,,,,
1.416667E0,436,-1.360570E1,-4.851848E0,5.405711E2,6.902484E2
1.420833E0,,,,,
1.425000E0,438,-1.361615E1,-4.859423E0,5.402483E2,6.904822E2
1.429167E0,,,,,
1.433333E0,440,-1.363382E1,-4.869025E0,5.397032E2,6.907786E2
1.437500E0,,,,,
1.441667E0,442,-1.362720E1,-4.869859E0,5.399074E2,6.908043E2
1.445833E0,,,,,
1.450000E0,444,-1.365611E1,-4.874077E0,5.390151E2,6.909345E2
1.454167E0,,,,,
1.458333E0,446,-1.368034E1,-4.889583E0,5.382672E2,6.914130E2
1.462500E0,,,,,
1.466667E0,448,-1.372747E1,-4.903153E0,5.368125E2,6.918319E2
1.470833E0,,,,,
1.475000E0,450,-1.375731E1,-4.907927E0,5.358917E2,6.919792E2
1.479167E0,,,,,
1.483333E0,452,-1.379017E1,-4.924850E0,5.348775E2,6.925015E2
1.487500E0,,,,,
1.491667E0,454,-1.382652E1,-4.950895E0,5.337557E2,6.933054E2
1.495833E0,,,,,
1.500000E0,456,-1.386717E1,-4.974839E0,5.325010E2,6.940444E2
1.504167E0,,,,,
1.508333E0,458,-1.389651E1,-5.009379E0,5.315953E2,6.951105E2
1.512500E0,,,,,
1.516667E0,460,-1.393260E1,-5.025423E0,5.304814E2,6.956056E2
1.520833E0,,,,,
1.525000E0,462,-1.397427E1,-5.044667E0,5.291955E2,6.961996E2
1.529167E0,,,,,
1.533333E0,464,-1.399102E1,-5.058055E0,5.286784E2,6.966128E2
1.537500E0,,,,,
1.541667E0,466,-1.401619E1,-5.070584E0,5.279015E2,6.969995E2
1.545833E0,,,,,
1.550000E0,468,-1.404380E1,-5.071015E0,5.270493E2,6.970128E2
1.554167E0,,,,,
1.558333E0,470,-1.404320E1,-5.076683E0,5.270679E2,6.971877E2
1.562500E0,,,,,
1.566667E0,472,-1.405151E1,-5.094541E0,5.268115E2,6.977389E2
1.570833E0,,,,,
1.575000E0,474,-1.405714E1,-5.099437E0,5.266376E2,6.978900E2
1.579167E0,,,,,
1.583333E0,476,-1.408032E1,-5.105012E0,5.259221E2,6.980621E2
1.587500E0,,,,,
1.591667E0,478,-1.410561E1,-5.107144E0,5.251415E2,6.981279E2
1.595833E0,,,,,
1.600000E0,480,-1.407936E1,-5.108526E0,5.259520E2,6.981706E2
1.604167E0,,,,,
1.608333E0,482,-1.405771E1,-5.072075E0,5.266202E2,6.970455E2
1.612500E0,,,,,
1.616667E0,484,-1.402526E1,-5.063388E0,5.276215E2,6.967774E2
1.620833E0,,,,,
1.625000E0,486,-1.398114E1,-5.044672E0,5.289833E2,6.961997E2
1.629167E0,,,,,
1.633333E0,488,-1.394589E1,-5.014860E0,5.300714E2,6.952796E2
1.637500E0,,,,,
1.641667E0,490,-1.389980E1,-4.997790E0,5.314939E2,6.947528E2
1.645833E0,,,,,
1.650000E0,492,-1.386106E1,-4.960295E0,5.326894E2,6.935955E2
1.654167E0,,,,,
1.658333E0,494,-1.382269E1,-4.951678E0,5.338737E2,6.933296E2
1.662500E0,,,,,
1.666667E0,496,-1.379481E1,-4.925258E0,5.347343E2,6.925141E2
1.670833E0,,,,,
1.675000E0,498,-1.376877E1,-4.915006E0,5.355379E2,6.921977E2
1.679167E0,,,,,
1.683333E0,500,-1.374843E1,-4.906161E0,5.361657E2,6.919247E2
1.687500E0,,,,,
1.691667E0,502,-1.371665E1,-4.890216E0,5.371465E2,6.914326E2
1.695833E0,,,,,
1.700000E0,504,-1.371398E1,-4.883278E0,5.372290E2,6.912184E2
1.704167E0,,,,,
1.708333E0,506,-1.371376E1,-4.874388E0,5.372358E2,6.909441E2
1.712500E0,,,,,
1.716667E0,508,-1.369507E1,-4.871258E0,5.378127E2,6.908475E2
1.720833E0,,,,,
1.725000E0,510,-1.368702E1,-4.863811E0,5.380612E2,6.906176E2
1.729167E0,,,,,
1.733333E0,512,-1.366683E1,-4.845811E0,5.386843E2,6.900621E2
1.737500E0,,,,,
1.741667E0,514,-1.364595E1,-4.832262E0,5.393288E2,6.896439E2
1.745833E0,,,,,
1.750000E0,516,-1.363668E1,-4.819044E0,5.396148E2,6.892359E2
1.754167E0,,,,,
1.758333E0,518,-1.359226E1,-4.798921E0,5.409859E2,6.886148E2
1.762500E0,,,,,
1.766667E0,520,-1.356777E1,-4.757301E0,5.417416E2,6.873303E2
1.770833E0,,,,,
1.775000E0,522,-1.352852E1,-4.749398E0,5.429530E2,6.870864E2
1.779167E0,,,,,
1.783333E0,524,-1.349686E1,-4.723104E0,5.439303E2,6.862748E2
1.787500E0,,,,,
1.791667E0,526,-1.346499E1,-4.685937E0,5.449140E2,6.851277E2
1.795833E0,,,,,
1.800000E0,528,-1.341540E1,-4.663478E0,5.464446E2,6.844345E2
1.804167E0,,,,,
1.808333E0,530,-1.340622E1,-4.631135E0,5.467279E2,6.834363E2
1.812500E0,,,,,
1.816667E0,532,-1.336875E1,-4.599512E0,5.478844E2,6.824602E2
1.820833E0,,,,,
1.825000E0,534,-1.335034E1,-4.591670E0,5.484525E2,6.822182E2
1.829167E0,,,,,
1.833333E0,536,-1.334781E1,-4.570396E0,5.485305E2,6.815616E2
1.837500E0,,,,,
1.841667E0,538,-1.333285E1,-4.571402E0,5.489923E2,6.815927E2
1.845833E0,,,,,
1.850000E0,540,-1.332084E1,-4.557240E0,5.493630E2,6.811555E2
1.854167E0,,,,,
1.858333E0,542,-1.332130E1,-4.548209E0,5.493489E2,6.808768E2
1.862500E0,,,,,
1.866667E0,544,-1.330760E1,-4.543201E0,5.497715E2,6.807223E2
1.870833E0,,,,,
1.875000E0,546,-1.329974E1,-4.525316E0,5.500143E2,6.801703E2
1.879167E0,,,,,
1.883333E0,548,-1.327250E1,-4.505775E0,5.508550E2,6.795671E2
1.887500E0,,,,,
1.891667E0,550,-1.325618E1,-4.498357E0,5.513587E2,6.793382E2
1.895833E0,,,,,
1.900000E0,552,-1.322099E1,-4.468669E0,5.524447E2,6.784219E2
1.904167E0,,,,,
1.908333E0,554,-1.318175E1,-4.438131E0,5.536559E2,6.774793E2
1.912500E0,,,,,
1.916667E0,556,-1.316010E1,-4.426338E0,5.543241E2,6.771154E2
1.920833E0,,,,,
1.925000E0,558,-1.312432E1,-4.394434E0,5.554283E2,6.761307E2
1.929167E0,,,,,
1.933333E0,560,-1.308378E1,-4.365183E0,5.566797E2,6.752279E2
1.937500E0,,,,,
1.941667E0,562,-1.305642E1,-4.340802E0,5.575242E2,6.744754E2
1.945833E0,,,,,
1.950000E0,564,-1.303806E1,-4.319163E0,5.580907E2,6.738075E2
1.954167E0,,,,,
1.958333E0,566,-1.299552E1,-4.289193E0,5.594036E2,6.728825E2
1.962500E0,,,,,
1.966667E0,568,-1.296393E1,-4.277331E0,5.603789E2,6.725164E2
1.970833E0,,,,,
1.975000E0,570,-1.294902E1,-4.259878E0,5.608390E2,6.719777E2
1.979167E0,,,,,
1.983333E0,572,-1.294664E1,-4.261363E0,5.609122E2,6.720235E2
1.987500E0,,,,,
1.991667E0,574,-1.293974E1,-4.257878E0,5.611253E2,6.719160E2
1.995833E0,,,,,
2.000000E0,576,-1.292840E1,-4.238346E0,5.614753E2,6.713132E2
2.004167E0,,,,,
2.008333E0,578,-1.291713E1,-4.243098E0,5.618231E2,6.714598E2
2.012500E0,,,,,
2.016667E0,580,-1.289493E1,-4.234552E0,5.625082E2,6.711960E2
2.020833E0,,,,,
2.025000E0,582,-1.287427E1,-4.210236E0,5.631460E2,6.704456E2
2.029167E0,,,,,
2.033333E0,584,-1.284935E1,-4.204641E0,5.639152E2,6.702729E2
2.037500E0,,,,,
2.041667E0,586,-1.282871E1,-4.188333E0,5.645522E2,6.697695E2
2.045833E0,,,,,
2.050000E0,588,-1.279086E1,-4.168131E0,5.657203E2,6.691460E2
2.054167E0,,,,,
2.058333E0,590,-1.275148E1,-4.146561E0,5.669358E2,6.684803E2
2.062500E0,,,,,
2.066667E0,592,-1.270349E1,-4.137565E0,5.684169E2,6.682026E2
2.070833E0,,,,,
2.075000E0,594,-1.266366E1,-4.110347E0,5.696464E2,6.673626E2
2.079167E0,,,,,
2.083333E0,596,-1.262848E1,-4.094135E0,5.707322E2,6.668622E2
2.087500E0,,,,,
2.091667E0,598,-1.257941E1,-4.085188E0,5.722465E2,6.665860E2
2.095833E0,,,,,
2.100000E0,600,-1.255434E1,-4.075114E0,5.730204E2,6.662751E2
2.104167E0,,,,,
2.108333E0,602,-1.253650E1,-4.074059E0,5.735710E2,6.662426E2
2.112500E0,,,,,
2.116667E0,604,-1.250290E1,-4.066607E0,5.746081E2,6.660126E2
2.120833E0,,,,,
2.125000E0,606,-1.250351E1,-4.043908E0,5.745892E2,6.653120E2
2.129167E0,,,,,
2.133333E0,608,-1.247446E1,-4.048158E0,5.754857E2,6.654432E2
2.137500E0,,,,,
2.141667E0,610,-1.245853E1,-4.056237E0,5.759773E2,6.656925E2
2.145833E0,,,,,
2.150000E0,612,-1.245397E1,-4.040210E0,5.761181E2,6.651978E2
2.154167E0,,,,,
2.158333E0,614,-1.243814E1,-4.036167E0,5.766069E2,6.650730E2
2.162500E0,,,,,
2.166667E0,616,-1.241854E1,-4.030158E0,5.772118E2,6.648876E2
2.170833E0,,,,,
2.175000E0,618,-1.239187E1,-4.022004E0,5.780349E2,6.646359E2
2.179167E0,,,,,
2.183333E0,620,-1.236670E1,-4.016933E0,5.788117E2,6.644794E2
2.187500E0,,,,,
2.191667E0,622,-1.233559E1,-3.999195E0,5.797718E2,6.639320E2
2.195833E0,,,,,
2.200000E0,624,-1.229773E1,-3.985000E0,5.809404E2,6.634938E2
2.204167E0,,,,,
2.208333E0,626,-1.222901E1,-3.959597E0,5.830613E2,6.627098E2
2.212500E0,,,,,
2.216667E0,628,-1.219311E1,-3.942818E0,5.841693E2,6.621919E2
2.220833E0,,,,,
2.225000E0,630,-1.215649E1,-3.917018E0,5.852996E2,6.613956E2
2.229167E0,,,,,
2.233333E0,632,-1.213565E1,-3.899011E0,5.859429E2,6.608399E2
2.237500E0,,,,,
2.241667E0,634,-1.208907E1,-3.888094E0,5.873806E2,6.605029E2
2.245833E0,,,,,
2.250000E0,636,-1.206364E1,-3.879727E0,5.881654E2,6.602447E2
2.254167E0,,,,,
2.258333E0,638,-1.205454E1,-3.873374E0,5.884463E2,6.600486E2
2.262500E0,,,,,
2.266667E0,640,-1.202953E1,-3.868006E0,5.892182E2,6.598829E2
2.270833E0,,,,,
2.275000E0,642,-1.202417E1,-3.865982E0,5.893837E2,6.598204E2
2.279167E0,,,,,
2.283333E0,644,-1.200530E1,-3.855303E0,5.899661E2,6.594908E2
2.287500E0,,,,,
2.291667E0,646,-1.198904E1,-3.848993E0,5.904678E2,6.592961E2
2.295833E0,,,,,
2.300000E0,648,-1.198354E1,-3.851874E0,5.906378E2,6.593850E2
2.304167E0,,,,,
2.308333E0,650,-1.195594E1,-3.843890E0,5.914894E2,6.591386E2
2.312500E0,,,,,
2.316667E0,652,-1.194043E1,-3.842318E0,5.919683E2,6.590901E2
2.320833E0,,,,,
2.325000E0,654,-1.190934E1,-3.817371E0,5.929279E2,6.583201E2
2.329167E0,,,,,
2.333333E0,656,-1.185970E1,-3.817928E0,5.944600E2,6.583373E2
2.337500E0,,,,,
2.341667E0,658,-1.182992E1,-3.791011E0,5.953790E2,6.575065E2
2.345833E0,,,,,
2.350000E0,660,-1.178296E1,-3.783601E0,5.968285E2,6.572778E2
2.354167E0,,,,,
2.358333E0,662,-1.173965E1,-3.770783E0,5.981650E2,6.568822E2
2.362500E0,,,,,
2.366667E0,664,-1.168625E1,-3.746206E0,5.998134E2,6.561237E2
2.370833E0,,,,,
2.375000E0,666,-1.165440E1,-3.736660E0,6.007962E2,6.558290E2
2.379167E0,,,,,
2.383333E0,668,-1.162828E1,-3.711091E0,6.016024E2,6.550398E2
2.387500E0,,,,,
2.391667E0,670,-1.159981E1,-3.707734E0,6.024811E2,6.549362E2
2.395833E0,,,,,
2.400000E0,672,-1.157820E1,-3.690085E0,6.031482E2,6.543915E2
2.404167E0,,,,,
2.408333E0,674,-1.155552E1,-3.682148E0,6.038482E2,6.541466E2
2.412500E0,,,,,
2.416667E0,676,-1.155070E1,-3.690053E0,6.039969E2,6.543905E2
2.420833E0,,,,,
2.425000E0,678,-1.154180E1,-3.683900E0,6.042715E2,6.542006E2
2.429167E0,,,,,
2.433333E0,680,-1.153850E1,-3.680160E0,6.043736E2,6.540852E2
2.437500E0,,,,,
2.441667E0,682,-1.151657E1,-3.664120E0,6.050504E2,6.535901E2
2.445833E0,,,,,
2.450000E0,684,-1.149679E1,-3.666493E0,6.056608E2,6.536634E2
2.454167E0,,,,,
2.458333E0,686,-1.147709E1,-3.658658E0,6.062689E2,6.534216E2
2.462500E0,,,,,
2.466667E0,688,-1.144451E1,-3.636881E0,6.072743E2,6.527494E2
2.470833E0,,,,,
2.475000E0,690,-1.140562E1,-3.616016E0,6.084746E2,6.521054E2
2.479167E0,,,,,
2.483333E0,692,-1.138270E1,-3.608496E0,6.091820E2,6.518733E2
2.487500E0,,,,,
2.491667E0,694,-1.133404E1,-3.583810E0,6.106840E2,6.511114E2
2.495833E0,,,,,
2.500000E0,696,-1.127493E1,-3.559734E0,6.125082E2,6.503683E2
2.504167E0,,,,,
2.508333E0,698,-1.125165E1,-3.547561E0,6.132268E2,6.499926E2
2.512500E0,,,,,
2.516667E0,700,-1.120809E1,-3.529766E0,6.145711E2,6.494434E2
2.520833E0,,,,,
2.525000E0,702,-1.116960E1,-3.506845E0,6.157593E2,6.487360E2
2.529167E0,,,,,
2.533333E0,704,-1.114380E1,-3.496726E0,6.165555E2,6.484237E2
2.537500E0,,,,,
2.541667E0,706,-1.112832E1,-3.489232E0,6.170333E2,6.481923E2
2.545833E0,,,,,
2.550000E0,708,-1.111427E1,-3.473175E0,6.174669E2,6.476968E2
2.554167E0,,,,,
2.558333E0,710,-1.110278E1,-3.470991E0,6.178216E2,6.476293E2
2.562500E0,,,,,
2.566667E0,712,-1.109173E1,-3.464141E0,6.181627E2,6.474179E2
2.570833E0,,,,,
2.575000E0,714,-1.107884E1,-3.453892E0,6.185604E2,6.471016E2
2.579167E0,,,,,
2.583333E0,716,-1.107689E1,-3.444801E0,6.186207E2,6.468210E2
2.587500E0,,,,,
2.591667E0,718,-1.105911E1,-3.437030E0,6.191695E2,6.465812E2
2.595833E0,,,,,
2.600000E0,720,-1.103992E1,-3.423399E0,6.197617E2,6.461605E2
2.604167E0,,,,,
2.608333E0,722,-1.101564E1,-3.393799E0,6.205111E2,6.452469E2
2.612500E0,,,,,
2.616667E0,724,-1.098801E1,-3.383121E0,6.213638E2,6.449173E2
2.620833E0,,,,,
2.625000E0,726,-1.095070E1,-3.352018E0,6.225154E2,6.439573E2
2.629167E0,,,,,
2.633333E0,728,-1.091338E1,-3.322188E0,6.236673E2,6.430367E2
2.637500E0,,,,,
2.641667E0,730,-1.087957E1,-3.299718E0,6.247109E2,6.423432E2
2.645833E0,,,,,
2.650000E0,732,-1.084913E1,-3.262589E0,6.256504E2,6.411972E2
2.654167E0,,,,,
2.658333E0,734,-1.080785E1,-3.245699E0,6.269243E2,6.406759E2
2.662500E0,,,,,
2.666667E0,736,-1.077440E1,-3.226839E0,6.279569E2,6.400938E2
2.670833E0,,,,,
2.675000E0,738,-1.075315E1,-3.209691E0,6.286127E2,6.395645E2
2.679167E0,,,,,
2.683333E0,740,-1.072866E1,-3.181560E0,6.293686E2,6.386963E2
2.687500E0,,,,,
2.691667E0,742,-1.072943E1,-3.195098E0,6.293448E2,6.391141E2
2.695833E0,,,,,
2.700000E0,744,-1.071017E1,-3.170956E0,6.299391E2,6.383690E2
2.704167E0,,,,,
2.708333E0,746,-1.069305E1,-3.162849E0,6.304677E2,6.381188E2
2.712500E0,,,,,
2.716667E0,748,-1.067175E1,-3.158520E0,6.311251E2,6.379852E2
2.720833E0,,,,,
2.725000E0,750,-1.067788E1,-3.146626E0,6.309358E2,6.376181E2
2.729167E0,,,,,
2.733333E0,752,-1.065484E1,-3.141305E0,6.316469E2,6.374539E2
2.737500E0,,,,,
2.741667E0,754,-1.065034E1,-3.123458E0,6.317857E2,6.369030E2
2.745833E0,,,,,
2.750000E0,756,-1.062009E1,-3.099404E0,6.327193E2,6.361606E2
2.754167E0,,,,,
2.758333E0,758,-1.058324E1,-3.079892E0,6.338569E2,6.355584E2
2.762500E0,,,,,
2.766667E0,760,-1.055183E1,-3.056095E0,6.348262E2,6.348239E2
2.770833E0,,,,,
2.775000E0,762,-1.052083E1,-3.037314E0,6.357832E2,6.342443E2
2.779167E0,,,,,
2.783333E0,764,-1.046980E1,-3.017689E0,6.373581E2,6.336385E2
2.787500E0,,,,,
2.791667E0,766,-1.043221E1,-2.974532E0,6.385182E2,6.323066E2
2.795833E0,,,,,
2.800000E0,768,-1.039736E1,-2.947228E0,6.395937E2,6.314638E2
2.804167E0,,,,,
2.808333E0,770,-1.037866E1,-2.952720E0,6.401708E2,6.316333E2
2.812500E0,,,,,
2.816667E0,772,-1.033509E1,-2.936144E0,6.415157E2,6.311217E2
2.820833E0,,,,,
2.825000E0,774,-1.031357E1,-2.912702E0,6.421800E2,6.303982E2
2.829167E0,,,,,
2.833333E0,776,-1.030465E1,-2.905196E0,6.424552E2,6.301665E2
2.837500E0,,,,,
2.841667E0,778,-1.029172E1,-2.900085E0,6.428544E2,6.300088E2
2.845833E0,,,,,
2.850000E0,780,-1.027813E1,-2.896183E0,6.432738E2,6.298884E2
2.854167E0,,,,,
2.858333E0,782,-1.026843E1,-2.881575E0,6.435731E2,6.294375E2
2.862500E0,,,,,
2.866667E0,784,-1.025327E1,-2.882299E0,6.440410E2,6.294598E2
2.870833E0,,,,,
2.875000E0,786,-1.023647E1,-2.864902E0,6.445596E2,6.289229E2
2.879167E0,,,,,
2.883333E0,788,-1.022457E1,-2.860844E0,6.449267E2,6.287976E2
2.887500E0,,,,,
2.891667E0,790,-1.019894E1,-2.826677E0,6.457180E2,6.277431E2
2.895833E0,,,,,
2.900000E0,792,-1.015867E1,-2.825418E0,6.469607E2,6.277042E2
2.904167E0,,,,,
2.908333E0,794,-1.013158E1,-2.797054E0,6.477968E2,6.268288E2
2.912500E0,,,,,
2.916667E0,796,-1.011769E1,-2.767322E0,6.482255E2,6.259112E2
2.920833E0,,,,,
2.925000E0,798,-1.006566E1,-2.747470E0,6.498314E2,6.252984E2
2.929167E0,,,,,
2.933333E0,800,-1.002969E1,-2.708035E0,6.509416E2,6.240813E2
2.937500E0,,,,,
2.941667E0,802,-1.001240E1,-2.684543E0,6.514752E2,6.233563E2
2.945833E0,,,,,
2.950000E0,804,-9.963351E0,-2.662154E0,6.529892E2,6.226653E2
2.954167E0,,,,,
2.958333E0,806,-9.954679E0,-2.626127E0,6.532568E2,6.215533E2
2.962500E0,,,,,
2.966667E0,808,-9.929437E0,-2.615999E0,6.540359E2,6.212407E2
2.970833E0,,,,,
2.975000E0,810,-9.909843E0,-2.593508E0,6.546407E2,6.205465E2
2.979167E0,,,,,
2.983333E0,812,-9.885988E0,-2.589293E0,6.553769E2,6.204164E2
2.987500E0,,,,,
2.991667E0,814,-9.894518E0,-2.581131E0,6.551136E2,6.201645E2
2.995833E0,,,,,
3.000000E0,816,-9.889567E0,-2.566828E0,6.552665E2,6.197231E2
3.004167E0,,,,,
3.008333E0,818,-9.869857E0,-2.562226E0,6.558748E2,6.195810E2
3.012500E0,,,,,
3.016667E0,820,-9.862888E0,-2.557883E0,6.560899E2,6.194470E2
3.020833E0,,,,,
3.025000E0,822,-9.833823E0,-2.538041E0,6.569869E2,6.188346E2
3.029167E0,,,,,
3.033333E0,824,-9.820145E0,-2.530890E0,6.574091E2,6.186139E2
3.037500E0,,,,,
3.041667E0,826,-9.788146E0,-2.508624E0,6.583967E2,6.179267E2
3.045833E0,,,,,
3.050000E0,828,-9.750600E0,-2.488394E0,6.595556E2,6.173023E2
3.054167E0,,,,,
3.058333E0,830,-9.714041E0,-2.457606E0,6.606839E2,6.163520E2
3.062500E0,,,,,
3.066667E0,832,-9.679281E0,-2.453581E0,6.617568E2,6.162278E2
3.070833E0,,,,,
3.075000E0,834,-9.627145E0,-2.428152E0,6.633659E2,6.154429E2
3.079167E0,,,,,
3.083333E0,836,-9.595954E0,-2.405527E0,6.643286E2,6.147447E2
3.087500E0,,,,,
3.091667E0,838,-9.557126E0,-2.375554E0,6.655270E2,6.138196E2
3.095833E0,,,,,
3.100000E0,840,-9.525917E0,-2.367973E0,6.664902E2,6.135856E2
3.104167E0,,,,,
3.108333E0,842,-9.517614E0,-2.344926E0,6.667465E2,6.128742E2
3.112500E0,,,,,
3.116667E0,844,-9.477536E0,-2.327456E0,6.679835E2,6.123351E2
3.120833E0,,,,,
3.125000E0,846,-9.480631E0,-2.328721E0,6.678879E2,6.123741E2
3.129167E0,,,,,
3.133333E0,848,-9.467474E0,-2.320387E0,6.682940E2,6.121169E2
3.137500E0,,,,,
3.141667E0,850,-9.460892E0,-2.309624E0,6.684971E2,6.117847E2
3.145833E0,,,,,
3.150000E0,852,-9.453195E0,-2.307787E0,6.687347E2,6.117280E2
3.154167E0,,,,,
3.158333E0,854,-9.435222E0,-2.285670E0,6.692895E2,6.110454E2
3.162500E0,,,,,
3.166667E0,856,-9.417087E0,-2.274951E0,6.698492E2,6.107145E2
3.170833E0,,,,,
3.175000E0,858,-9.388772E0,-2.266930E0,6.707231E2,6.104670E2
3.179167E0,,,,,
3.183333E0,860,-9.352779E0,-2.250353E0,6.718340E2,6.099554E2
3.187500E0,,,,,
3.191667E0,862,-9.332081E0,-2.225787E0,6.724728E2,6.091971E2
3.195833E0,,,,,
3.200000E0,864,-9.290691E0,-2.196517E0,6.737503E2,6.082937E2
3.204167E0,,,,,
3.208333E0,866,-9.261534E0,-2.188552E0,6.746502E2,6.080479E2
3.212500E0,,,,,
3.216667E0,868,-9.220334E0,-2.149280E0,6.759218E2,6.068358E2
3.220833E0,,,,,
3.225000E0,870,-9.178799E0,-2.129052E0,6.772037E2,6.062115E2
3.229167E0,,,,,
3.233333E0,872,-9.151119E0,-2.114101E0,6.780580E2,6.057500E2
3.237500E0,,,,,
3.241667E0,874,-9.115322E0,-2.098953E0,6.791629E2,6.052825E2
3.245833E0,,,,,
3.250000E0,876,-9.089598E0,-2.079680E0,6.799569E2,6.046877E2
3.254167E0,,,,,
3.258333E0,878,-9.064095E0,-2.067894E0,6.807440E2,6.043239E2
3.262500E0,,,,,
3.266667E0,880,-9.057872E0,-2.079117E0,6.809361E2,6.046703E2
3.270833E0,,,,,
3.275000E0,882,-9.035109E0,-2.061696E0,6.816386E2,6.041326E2
3.279167E0,,,,,
3.283333E0,884,-9.030122E0,-2.063182E0,6.817925E2,6.041785E2
3.287500E0,,,,,
3.291667E0,886,-9.019431E0,-2.062441E0,6.821225E2,6.041556E2
3.295833E0,,,,,
3.300000E0,888,-9.003640E0,-2.061730E0,6.826099E2,6.041336E2
3.304167E0,,,,,
3.308333E0,890,-8.963315E0,-2.045303E0,6.838545E2,6.036266E2
3.312500E0,,,,,
3.316667E0,892,-8.949843E0,-2.040194E0,6.842703E2,6.034690E2
3.320833E0,,,,,
3.325000E0,894,-8.940044E0,-2.026593E0,6.845727E2,6.030492E2
3.329167E0,,,,,
3.333333E0,896,-8.891873E0,-2.012520E0,6.860595E2,6.026148E2
3.337500E0,,,,,
3.341667E0,898,-8.852998E0,-1.996794E0,6.872593E2,6.021294E2
3.345833E0,,,,,
3.350000E0,900,-8.813012E0,-1.991942E0,6.884934E2,6.019797E2
3.354167E0,,,,,
3.358333E0,902,-8.764933E0,-1.970000E0,6.899774E2,6.013025E2
3.362500E0,,,,,
3.366667E0,904,-8.726329E0,-1.951465E0,6.911688E2,6.007304E2
3.370833E0,,,,,
3.375000E0,906,-8.672760E0,-1.941166E0,6.928222E2,6.004125E2
3.379167E0,,,,,
3.383333E0,908,-8.654284E0,-1.927201E0,6.933925E2,5.999815E2
3.387500E0,,,,,
3.391667E0,910,-8.616542E0,-1.923218E0,6.945574E2,5.998586E2
3.395833E0,,,,,
3.400000E0,912,-8.605098E0,-1.916165E0,6.949105E2,5.996409E2
3.404167E0,,,,,
3.408333E0,914,-8.578998E0,-1.916017E0,6.957161E2,5.996363E2
3.412500E0,,,,,
3.416667E0,916,-8.557793E0,-1.909265E0,6.963706E2,5.994279E2
3.420833E0,,,,,
3.425000E0,918,-8.561550E0,-1.900249E0,6.962546E2,5.991497E2
3.429167E0,,,,,
3.433333E0,920,-8.543457E0,-1.905210E0,6.968131E2,5.993028E2
3.437500E0,,,,,
3.441667E0,922,-8.526361E0,-1.900320E0,6.973407E2,5.991518E2
3.445833E0,,,,,
3.450000E0,924,-8.508750E0,-1.886214E0,6.978843E2,5.987165E2
3.454167E0,,,,,
3.458333E0,926,-8.472863E0,-1.881480E0,6.989919E2,5.985704E2
3.462500E0,,,,,
3.466667E0,928,-8.456988E0,-1.875216E0,6.994818E2,5.983770E2
3.470833E0,,,,,
3.475000E0,930,-8.418625E0,-1.875185E0,7.006659E2,5.983761E2
3.479167E0,,,,,
3.483333E0,932,-8.376406E0,-1.855128E0,7.019689E2,5.977570E2
3.487500E0,,,,,
3.491667E0,934,-8.333853E0,-1.855336E0,7.032823E2,5.977635E2
3.495833E0,,,,,
3.500000E0,936,-8.289875E0,-1.850880E0,7.046396E2,5.976259E2
3.504167E0,,,,,
3.508333E0,938,-8.240906E0,-1.837868E0,7.061510E2,5.972243E2
3.512500E0,,,,,
3.516667E0,940,-8.213701E0,-1.815924E0,7.069907E2,5.965470E2
3.520833E0,,,,,
3.525000E0,942,-8.167750E0,-1.796966E0,7.084089E2,5.959619E2
3.529167E0,,,,,
3.533333E0,944,-8.151444E0,-1.794568E0,7.089122E2,5.958879E2
3.537500E0,,,,,
3.541667E0,946,-8.113972E0,-1.798174E0,7.100688E2,5.959992E2
3.545833E0,,,,,
3.550000E0,948,-8.105749E0,-1.783391E0,7.103226E2,5.955429E2
3.554167E0,,,,,
3.558333E0,950,-8.102746E0,-1.788305E0,7.104153E2,5.956946E2
3.562500E0,,,,,
3.566667E0,952,-8.075081E0,-1.778011E0,7.112691E2,5.953769E2
3.570833E0,,,,,
3.575000E0,954,-8.068167E0,-1.772518E0,7.114825E2,5.952073E2
3.579167E0,,,,,
3.583333E0,956,-8.036528E0,-1.780012E0,7.124590E2,5.954386E2
3.587500E0,,,,,
3.591667E0,958,-8.044710E0,-1.768748E0,7.122065E2,5.950910E2
3.595833E0,,,,,
3.600000E0,960,-8.006284E0,-1.759820E0,7.133925E2,5.948154E2
3.604167E0,,,,,
3.608333E0,962,-7.971535E0,-1.764950E0,7.144650E2,5.949738E2
3.612500E0,,,,,
3.616667E0,964,-7.944078E0,-1.754322E0,7.153124E2,5.946458E2
3.620833E0,,,,,
3.625000E0,966,-7.893351E0,-1.734773E0,7.168780E2,5.940424E2
3.629167E0,,,,,
3.633333E0,968,-7.862345E0,-1.732200E0,7.178350E2,5.939630E2
3.637500E0,,,,,
3.641667E0,970,-7.809222E0,-1.712212E0,7.194746E2,5.933460E2
3.645833E0,,,,,
3.650000E0,972,-7.765977E0,-1.724075E0,7.208093E2,5.937122E2
3.654167E0,,,,,
3.658333E0,974,-7.722833E0,-1.719479E0,7.221409E2,5.935703E2
3.662500E0,,,,,
3.666667E0,976,-7.687975E0,-1.701221E0,7.232168E2,5.930068E2
3.670833E0,,,,,
3.675000E0,978,-7.659091E0,-1.695049E0,7.241083E2,5.928163E2
3.679167E0,,,,,
3.683333E0,980,-7.628424E0,-1.686083E0,7.250548E2,5.925396E2
3.687500E0,,,,,
3.691667E0,982,-7.619285E0,-1.692054E0,7.253369E2,5.927239E2
3.695833E0,,,,,
3.700000E0,984,-7.594593E0,-1.679819E0,7.260990E2,5.923463E2
3.704167E0,,,,,
3.708333E0,986,-7.577035E0,-1.673241E0,7.266409E2,5.921433E2
3.712500E0,,,,,
3.716667E0,988,-7.565132E0,-1.679498E0,7.270083E2,5.923364E2
3.720833E0,,,,,
3.725000E0,990,-7.564695E0,-1.676877E0,7.270218E2,5.922555E2
3.729167E0,,,,,
3.733333E0,992,-7.535541E0,-1.662364E0,7.279216E2,5.918075E2
3.737500E0,,,,,
3.741667E0,994,-7.523381E0,-1.672824E0,7.282969E2,5.921304E2
3.745833E0,,,,,
3.750000E0,996,-7.495271E0,-1.651308E0,7.291645E2,5.914663E2
3.754167E0,,,,,
3.758333E0,998,-7.449798E0,-1.648291E0,7.305680E2,5.913732E2
3.762500E0,,,,,
3.766667E0,1000,-7.414837E0,-1.634511E0,7.316470E2,5.909479E2
3.770833E0,,,,,
3.775000E0,1002,-7.369953E0,-1.628503E0,7.330323E2,5.907624E2
3.779167E0,,,,,
3.783333E0,1004,-7.323934E0,-1.630069E0,7.344527E2,5.908108E2
3.787500E0,,,,,
3.791667E0,1006,-7.287391E0,-1.606529E0,7.355805E2,5.900842E2
3.795833E0,,,,,
3.800000E0,1008,-7.233895E0,-1.616000E0,7.372316E2,5.903765E2
3.804167E0,,,,,
3.808333E0,1010,-7.199280E0,-1.598229E0,7.383000E2,5.898280E2
3.812500E0,,,,,
3.816667E0,1012,-7.171025E0,-1.607769E0,7.391721E2,5.901225E2
3.820833E0,,,,,
3.825000E0,1014,-7.142029E0,-1.595823E0,7.400670E2,5.897538E2
3.829167E0,,,,,
3.833333E0,1016,-7.122555E0,-1.602809E0,7.406680E2,5.899694E2
3.837500E0,,,,,
3.841667E0,1018,-7.104790E0,-1.605031E0,7.412164E2,5.900380E2
3.845833E0,,,,,
3.850000E0,1020,-7.091893E0,-1.601235E0,7.416144E2,5.899208E2
3.854167E0,,,,,
3.858333E0,1022,-7.083052E0,-1.601100E0,7.418873E2,5.899167E2
3.862500E0,,,,,
3.866667E0,1024,-7.076000E0,-1.579822E0,7.421049E2,5.892599E2
3.870833E0,,,,,
3.875000E0,1026,-7.050712E0,-1.586800E0,7.428854E2,5.894753E2
3.879167E0,,,,,
3.883333E0,1028,-7.029393E0,-1.588934E0,7.435434E2,5.895412E2
3.887500E0,,,,,
3.891667E0,1030,-7.007833E0,-1.574194E0,7.442089E2,5.890862E2
3.895833E0,,,,,
3.900000E0,1032,-6.962737E0,-1.566476E0,7.456007E2,5.888480E2
3.904167E0,,,,,
3.908333E0,1034,-6.927580E0,-1.553708E0,7.466858E2,5.884540E2
3.912500E0,,,,,
3.916667E0,1036,-6.891552E0,-1.559471E0,7.477978E2,5.886318E2
3.920833E0,,,,,
3.925000E0,1038,-6.841597E0,-1.540786E0,7.493396E2,5.880551E2
3.929167E0,,,,,
3.933333E0,1040,-6.802154E0,-1.531985E0,7.505570E2,5.877835E2
3.937500E0,,,,,
3.941667E0,1042,-6.747405E0,-1.536075E0,7.522468E2,5.879097E2
3.945833E0,,,,,
3.950000E0,1044,-6.724346E0,-1.529456E0,7.529585E2,5.877054E2
3.954167E0,,,,,
3.958333E0,1046,-6.682407E0,-1.511914E0,7.542529E2,5.871640E2
3.962500E0,,,,,
3.966667E0,1048,-6.646886E0,-1.504198E0,7.553492E2,5.869259E2
3.970833E0,,,,,
3.975000E0,1050,-6.642591E0,-1.514813E0,7.554818E2,5.872535E2
3.979167E0,,,,,
3.983333E0,1052,-6.620255E0,-1.502680E0,7.561712E2,5.868790E2
3.987500E0,,,,,
3.991667E0,1054,-6.607512E0,-1.506497E0,7.565644E2,5.869968E2
3.995833E0,,,,,
4.000000E0,1056,-6.590890E0,-1.500236E0,7.570775E2,5.868036E2
4.004167E0,,,,,
4.008333E0,1058,-6.581893E0,-1.498225E0,7.573552E2,5.867415E2
4.012500E0,,,,,
4.016667E0,1060,-6.558132E0,-1.486263E0,7.580885E2,5.863723E2
4.020833E0,,,,,
4.025000E0,1062,-6.544410E0,-1.493875E0,7.585120E2,5.866073E2
4.029167E0,,,,,
4.033333E0,1064,-6.523010E0,-1.485464E0,7.591725E2,5.863477E2
4.037500E0,,,,,
4.041667E0,1066,-6.480567E0,-1.485668E0,7.604825E2,5.863540E2
4.045833E0,,,,,
4.050000E0,1068,-6.449858E0,-1.476334E0,7.614303E2,5.860659E2
4.054167E0,,,,,
4.058333E0,1070,-6.395833E0,-1.467946E0,7.630977E2,5.858070E2
4.062500E0,,,,,
4.066667E0,1072,-6.349909E0,-1.465087E0,7.645151E2,5.857187E2
4.070833E0,,,,,
4.075000E0,1074,-6.304475E0,-1.451823E0,7.659174E2,5.853094E2
4.079167E0,,,,,
4.083333E0,1076,-6.262167E0,-1.451160E0,7.672232E2,5.852889E2
4.087500E0,,,,,
4.091667E0,1078,-6.225445E0,-1.448338E0,7.683566E2,5.852018E2
4.095833E0,,,,,
4.100000E0,1080,-6.187624E0,-1.445226E0,7.695239E2,5.851057E2
4.104167E0,,,,,
4.108333E0,1082,-6.160795E0,-1.437321E0,7.703520E2,5.848618E2
4.112500E0,,,,,
4.116667E0,1084,-6.145489E0,-1.445864E0,7.708244E2,5.851254E2
4.120833E0,,,,,
4.125000E0,1086,-6.122187E0,-1.449987E0,7.715436E2,5.852527E2
4.129167E0,,,,,
4.133333E0,1088,-6.105426E0,-1.450443E0,7.720609E2,5.852667E2
4.137500E0,,,,,
4.141667E0,1090,-6.098746E0,-1.444501E0,7.722671E2,5.850834E2
4.145833E0,,,,,
4.150000E0,1092,-6.081110E0,-1.438523E0,7.728114E2,5.848989E2
4.154167E0,,,,,
4.158333E0,1094,-6.073820E0,-1.440289E0,7.730364E2,5.849534E2
4.162500E0,,,,,
4.166667E0,1096,-6.047803E0,-1.451352E0,7.738394E2,5.852948E2
4.170833E0,,,,,
4.175000E0,1098,-6.022202E0,-1.439188E0,7.746296E2,5.849194E2
4.179167E0,,,,,
4.183333E0,1100,-5.985444E0,-1.431035E0,7.757641E2,5.846677E2
4.187500E0,,,,,
4.191667E0,1102,-5.959026E0,-1.428312E0,7.765795E2,5.845837E2
4.195833E0,,,,,
4.200000E0,1104,-5.906195E0,-1.426317E0,7.782100E2,5.845221E2
4.204167E0,,,,,
4.208333E0,1106,-5.858833E0,-1.425040E0,7.796718E2,5.844827E2
4.212500E0,,,,,
4.216667E0,1108,-5.822525E0,-1.422241E0,7.807924E2,5.843963E2
4.220833E0,,,,,
4.225000E0,1110,-5.783074E0,-1.409291E0,7.820101E2,5.839966E2
4.229167E0,,,,,
4.233333E0,1112,-5.726163E0,-1.401354E0,7.837666E2,5.837517E2
4.237500E0,,,,,
4.241667E0,1114,-5.697186E0,-1.398973E0,7.846609E2,5.836782E2
4.245833E0,,,,,
4.250000E0,1116,-5.659538E0,-1.399482E0,7.858229E2,5.836939E2
4.254167E0,,,,,
4.258333E0,1118,-5.649781E0,-1.395820E0,7.861241E2,5.835809E2
4.262500E0,,,,,
4.266667E0,1120,-5.618387E0,-1.408800E0,7.870930E2,5.839815E2
4.270833E0,,,,,
4.275000E0,1122,-5.619013E0,-1.400650E0,7.870737E2,5.837299E2
4.279167E0,,,,,
4.283333E0,1124,-5.609152E0,-1.414120E0,7.873780E2,5.841457E2
4.287500E0,,,,,
4.291667E0,1126,-5.591443E0,-1.403984E0,7.879246E2,5.838328E2
4.295833E0,,,,,
4.300000E0,1128,-5.582635E0,-1.405920E0,7.881965E2,5.838926E2
4.304167E0,,,,,
4.308333E0,1130,-5.548887E0,-1.397487E0,7.892381E2,5.836323E2
4.312500E0,,,,,
4.316667E0,1132,-5.524315E0,-1.391335E0,7.899965E2,5.834425E2
4.320833E0,,,,,
4.325000E0,1134,-5.489137E0,-1.416105E0,7.910822E2,5.842070E2
4.329167E0,,,,,
4.333333E0,1136,-5.456885E0,-1.409687E0,7.920776E2,5.840089E2
4.337500E0,,,,,
4.341667E0,1138,-5.416463E0,-1.419993E0,7.933252E2,5.843269E2
4.345833E0,,,,,
4.350000E0,1140,-5.370056E0,-1.423109E0,7.947575E2,5.844231E2
4.354167E0,,,,,
4.358333E0,1142,-5.325243E0,-1.419387E0,7.961406E2,5.843082E2
4.362500E0,,,,,
4.366667E0,1144,-5.278156E0,-1.422886E0,7.975939E2,5.844162E2
4.370833E0,,,,,
4.375000E0,1146,-5.245763E0,-1.409259E0,7.985937E2,5.839956E2
4.379167E0,,,,,
4.383333E0,1148,-5.223461E0,-1.436279E0,7.992821E2,5.848296E2
4.387500E0,,,,,
4.391667E0,1150,-5.172191E0,-1.432372E0,8.008645E2,5.847090E2
4.395833E0,,,,,
4.400000E0,1152,-5.148416E0,-1.431354E0,8.015983E2,5.846776E2
4.404167E0,,,,,
4.408333E0,1154,-5.140578E0,-1.427823E0,8.018402E2,5.845686E2
4.412500E0,,,,,
4.416667E0,1156,-5.118172E0,-1.436429E0,8.025317E2,5.848342E2
4.420833E0,,,,,
4.425000E0,1158,-5.098421E0,-1.425946E0,8.031413E2,5.845107E2
4.429167E0,,,,,
4.433333E0,1160,-5.095158E0,-1.433040E0,8.032420E2,5.847296E2
4.437500E0,,,,,
4.441667E0,1162,-5.074673E0,-1.431729E0,8.038743E2,5.846892E2
4.445833E0,,,,,
4.450000E0,1164,-5.051969E0,-1.433607E0,8.045750E2,5.847471E2
4.454167E0,,,,,
4.458333E0,1166,-5.040354E0,-1.436522E0,8.049335E2,5.848371E2
4.462500E0,,,,,
4.466667E0,1168,-4.991538E0,-1.417901E0,8.064402E2,5.842624E2
4.470833E0,,,,,
4.475000E0,1170,-4.969621E0,-1.427987E0,8.071166E2,5.845737E2
4.479167E0,,,,,
4.483333E0,1172,-4.923557E0,-1.441845E0,8.085384E2,5.850014E2
4.487500E0,,,,,
4.491667E0,1174,-4.884514E0,-1.433139E0,8.097434E2,5.847327E2
4.495833E0,,,,,
4.500000E0,1176,-4.828106E0,-1.422977E0,8.114844E2,5.844191E2
4.504167E0,,,,,
4.508333E0,1178,-4.790857E0,-1.434297E0,8.126340E2,5.847684E2
4.512500E0,,,,,
4.516667E0,1180,-4.746847E0,-1.446215E0,8.139924E2,5.851363E2
4.520833E0,,,,,
4.525000E0,1182,-4.709116E0,-1.439282E0,8.151569E2,5.849223E2
4.529167E0,,,,,
4.533333E0,1184,-4.656758E0,-1.449477E0,8.167729E2,5.852369E2
4.537500E0,,,,,
4.541667E0,1186,-4.651974E0,-1.447240E0,8.169205E2,5.851679E2
4.545833E0,,,,,
4.550000E0,1188,-4.638450E0,-1.444533E0,8.173380E2,5.850844E2
4.554167E0,,,,,
4.558333E0,1190,-4.616043E0,-1.444904E0,8.180295E2,5.850958E2
4.562500E0,,,,,
4.566667E0,1192,-4.610243E0,-1.441422E0,8.182085E2,5.849883E2
4.570833E0,,,,,
4.575000E0,1194,-4.601446E0,-1.449625E0,8.184801E2,5.852415E2
4.579167E0,,,,,
4.583333E0,1196,-4.577942E0,-1.450907E0,8.192055E2,5.852811E2
4.587500E0,,,,,
4.591667E0,1198,-4.569827E0,-1.450208E0,8.194560E2,5.852595E2
4.595833E0,,,,,
4.600000E0,1200,-4.539945E0,-1.453918E0,8.203782E2,5.853740E2
4.604167E0,,,,,
4.608333E0,1202,-4.510321E0,-1.442698E0,8.212926E2,5.850277E2
4.612500E0,,,,,
4.616667E0,1204,-4.470940E0,-1.440525E0,8.225080E2,5.849607E2
4.620833E0,,,,,
4.625000E0,1206,-4.433595E0,-1.442877E0,8.236606E2,5.850333E2
4.629167E0,,,,,
4.633333E0,1208,-4.388929E0,-1.445560E0,8.250392E2,5.851160E2
4.637500E0,,,,,
4.641667E0,1210,-4.339203E0,-1.450579E0,8.265740E2,5.852710E2
4.645833E0,,,,,
4.650000E0,1212,-4.292610E0,-1.448400E0,8.280120E2,5.852037E2
4.654167E0,,,,,
4.658333E0,1214,-4.257284E0,-1.432025E0,8.291023E2,5.846983E2
4.662500E0,,,,,
4.666667E0,1216,-4.220902E0,-1.438472E0,8.302253E2,5.848973E2
4.670833E0,,,,,
4.675000E0,1218,-4.179319E0,-1.439656E0,8.315087E2,5.849338E2
4.679167E0,,,,,
4.683333E0,1220,-4.157414E0,-1.439698E0,8.321847E2,5.849351E2
4.687500E0,,,,,
4.691667E0,1222,-4.138178E0,-1.449808E0,8.327785E2,5.852472E2
4.695833E0,,,,,
4.700000E0,1224,-4.129701E0,-1.433709E0,8.330401E2,5.847503E2
4.704167E0,,,,,
4.708333E0,1226,-4.108641E0,-1.452476E0,8.336901E2,5.853295E2
4.712500E0,,,,,
4.716667E0,1228,-4.093698E0,-1.446707E0,8.341513E2,5.851514E2
4.720833E0,,,,,
4.725000E0,1230,-4.080431E0,-1.441472E0,8.345608E2,5.849899E2
4.729167E0,,,,,
4.733333E0,1232,-4.075462E0,-1.442774E0,8.347141E2,5.850301E2
4.737500E0,,,,,
4.741667E0,1234,-4.047195E0,-1.448945E0,8.355866E2,5.852205E2
4.745833E0,,,,,
4.750000E0,1236,-4.011543E0,-1.432982E0,8.366869E2,5.847279E2
4.754167E0,,,,,
4.758333E0,1238,-3.971602E0,-1.440533E0,8.379197E2,5.849609E2
4.762500E0,,,,,
4.766667E0,1240,-3.938532E0,-1.465663E0,8.389404E2,5.857365E2
4.770833E0,,,,,
4.775000E0,1242,-3.905492E0,-1.451545E0,8.399601E2,5.853008E2
4.779167E0,,,,,
4.783333E0,1244,-3.847858E0,-1.457865E0,8.417389E2,5.854958E2
4.787500E0,,,,,
4.791667E0,1246,-3.795852E0,-1.470368E0,8.433441E2,5.858817E2
4.795833E0,,,,,
4.800000E0,1248,-3.758121E0,-1.453253E0,8.445086E2,5.853535E2
4.804167E0,,,,,
4.808333E0,1250,-3.715522E0,-1.467206E0,8.458234E2,5.857841E2
4.812500E0,,,,,
4.816667E0,1252,-3.683916E0,-1.466089E0,8.467989E2,5.857497E2
4.820833E0,,,,,
4.825000E0,1254,-3.654756E0,-1.462898E0,8.476989E2,5.856512E2
4.829167E0,,,,,
4.833333E0,1256,-3.642172E0,-1.456284E0,8.480873E2,5.854470E2
4.837500E0,,,,,
4.841667E0,1258,-3.631627E0,-1.477537E0,8.484128E2,5.861030E2
4.845833E0,,,,,
4.850000E0,1260,-3.609511E0,-1.478356E0,8.490954E2,5.861283E2
4.854167E0,,,,,
4.858333E0,1262,-3.596625E0,-1.477964E0,8.494930E2,5.861162E2
4.862500E0,,,,,
4.866667E0,1264,-3.594089E0,-1.471560E0,8.495713E2,5.859185E2
4.870833E0,,,,,
4.875000E0,1266,-3.577588E0,-1.475102E0,8.500806E2,5.860278E2
4.879167E0,,,,,
4.883333E0,1268,-3.543972E0,-1.476718E0,8.511182E2,5.860777E2
4.887500E0,,,,,
4.891667E0,1270,-3.526182E0,-1.458771E0,8.516672E2,5.855238E2
4.895833E0,,,,,
4.900000E0,1272,-3.483194E0,-1.464342E0,8.529940E2,5.856957E2
4.904167E0,,,,,
4.908333E0,1274,-3.440878E0,-1.465336E0,8.543001E2,5.857264E2
4.912500E0,,,,,
4.916667E0,1276,-3.394633E0,-1.465038E0,8.557274E2,5.857172E2
4.920833E0,,,,,
4.925000E0,1278,-3.346363E0,-1.458410E0,8.572172E2,5.855126E2
4.929167E0,,,,,
4.933333E0,1280,-3.310915E0,-1.464049E0,8.583113E2,5.856867E2
4.937500E0,,,,,
4.941667E0,1282,-3.268970E0,-1.457035E0,8.596059E2,5.854702E2
4.945833E0,,,,,
4.950000E0,1284,-3.221072E0,-1.455664E0,8.610842E2,5.854279E2
4.954167E0,,,,,
4.958333E0,1286,-3.194633E0,-1.452973E0,8.619002E2,5.853449E2
4.962500E0,,,,,
4.966667E0,1288,-3.164445E0,-1.444772E0,8.628319E2,5.850917E2
4.970833E0,,,,,
4.975000E0,1290,-3.140307E0,-1.438067E0,8.635769E2,5.848848E2
4.979167E0,,,,,
4.983333E0,1292,-3.127164E0,-1.445856E0,8.639826E2,5.851252E2
4.987500E0,,,,,
4.991667E0,1294,-3.111605E0,-1.439530E0,8.644628E2,5.849299E2
4.995833E0,,,,,
5.000000E0,1296,-3.103063E0,-1.430619E0,8.647265E2,5.846549E2
5.004167E0,,,,,
5.008333E0,1298,-3.094303E0,-1.443343E0,8.649968E2,5.850476E2
5.012500E0,,,,,
5.016667E0,1300,-3.075839E0,-1.436511E0,8.655667E2,5.848368E2
5.020833E0,,,,,
5.025000E0,1302,-3.053400E0,-1.433568E0,8.662593E2,5.847459E2
5.029167E0,,,,,
5.033333E0,1304,-3.032089E0,-1.424602E0,8.669170E2,5.844692E2
5.037500E0,,,,,
5.041667E0,1306,-2.994431E0,-1.427104E0,8.680793E2,5.845464E2
5.045833E0,,,,,
5.050000E0,1308,-2.958309E0,-1.414354E0,8.691942E2,5.841529E2
5.054167E0,,,,,
5.058333E0,1310,-2.914047E0,-1.402449E0,8.705603E2,5.837855E2
5.062500E0,,,,,
5.066667E0,1312,-2.870562E0,-1.383536E0,8.719024E2,5.832017E2
5.070833E0,,,,,
5.075000E0,1314,-2.816747E0,-1.389686E0,8.735634E2,5.833915E2
5.079167E0,,,,,
5.083333E0,1316,-2.777029E0,-1.386920E0,8.747892E2,5.833062E2
5.087500E0,,,,,
5.091667E0,1318,-2.728820E0,-1.372132E0,8.762772E2,5.828497E2
5.095833E0,,,,,
5.100000E0,1320,-2.699051E0,-1.385696E0,8.771960E2,5.832684E2
5.104167E0,,,,,
5.108333E0,1322,-2.672666E0,-1.378799E0,8.780103E2,5.830555E2
5.112500E0,,,,,
5.116667E0,1324,-2.658457E0,-1.377091E0,8.784488E2,5.830028E2
5.120833E0,,,,,
5.125000E0,1326,-2.644407E0,-1.366618E0,8.788825E2,5.826796E2
5.129167E0,,,,,
5.133333E0,1328,-2.620794E0,-1.364515E0,8.796113E2,5.826147E2
5.137500E0,,,,,
5.141667E0,1330,-2.604316E0,-1.358591E0,8.801199E2,5.824318E2
5.145833E0,,,,,
5.150000E0,1332,-2.598021E0,-1.356012E0,8.803142E2,5.823522E2
5.154167E0,,,,,
5.158333E0,1334,-2.582327E0,-1.374567E0,8.807986E2,5.829249E2
5.162500E0,,,,,
5.166667E0,1336,-2.567766E0,-1.361437E0,8.812480E2,5.825197E2
5.170833E0,,,,,
5.175000E0,1338,-2.529617E0,-1.350225E0,8.824254E2,5.821736E2
5.179167E0,,,,,
5.183333E0,1340,-2.504725E0,-1.352408E0,8.831937E2,5.822410E2
5.187500E0,,,,,
5.191667E0,1342,-2.473717E0,-1.360408E0,8.841507E2,5.824879E2
5.195833E0,,,,,
5.200000E0,1344,-2.422253E0,-1.349435E0,8.857391E2,5.821492E2
5.204167E0,,,,,
5.208333E0,1346,-2.382630E0,-1.332234E0,8.869620E2,5.816183E2
5.212500E0,,,,,
5.216667E0,1348,-2.323629E0,-1.339719E0,8.887830E2,5.818493E2
5.220833E0,,,,,
5.225000E0,1350,-2.284593E0,-1.344031E0,8.899879E2,5.819824E2
5.229167E0,,,,,
5.233333E0,1352,-2.248096E0,-1.327996E0,8.911143E2,5.814875E2
5.237500E0,,,,,
5.241667E0,1354,-2.209690E0,-1.321097E0,8.922997E2,5.812746E2
5.245833E0,,,,,
5.250000E0,1356,-2.179046E0,-1.320686E0,8.932455E2,5.812619E2
5.254167E0,,,,,
5.258333E0,1358,-2.147442E0,-1.325832E0,8.942209E2,5.814208E2
5.262500E0,,,,,
5.266667E0,1360,-2.136669E0,-1.328931E0,8.945534E2,5.815164E2
5.270833E0,,,,,
5.275000E0,1362,-2.130313E0,-1.324932E0,8.947496E2,5.813930E2
5.279167E0,,,,,
5.283333E0,1364,-2.122393E0,-1.319812E0,8.949940E2,5.812349E2
5.287500E0,,,,,
5.291667E0,1366,-2.109144E0,-1.318259E0,8.954030E2,5.811870E2
5.295833E0,,,,,
5.300000E0,1368,-2.092899E0,-1.317678E0,8.959043E2,5.811691E2
5.304167E0,,,,,
5.308333E0,1370,-2.075147E0,-1.314237E0,8.964522E2,5.810629E2
5.312500E0,,,,,
5.316667E0,1372,-2.048565E0,-1.318373E0,8.972727E2,5.811905E2
5.320833E0,,,,,
5.325000E0,1374,-2.013309E0,-1.304429E0,8.983608E2,5.807602E2
5.329167E0,,,,,
5.333333E0,1376,-1.965871E0,-1.314326E0,8.998250E2,5.810656E2
5.337500E0,,,,,
5.341667E0,1378,-1.931415E0,-1.304567E0,9.008884E2,5.807644E2
5.345833E0,,,,,
5.350000E0,1380,-1.889692E0,-1.302273E0,9.021762E2,5.806936E2
5.354167E0,,,,,
5.358333E0,1382,-1.839727E0,-1.309570E0,9.037183E2,5.809188E2
5.362500E0,,,,,
5.366667E0,1384,-1.798255E0,-1.299515E0,9.049983E2,5.806085E2
5.370833E0,,,,,
5.375000E0,1386,-1.743649E0,-1.288915E0,9.066837E2,5.802813E2
5.379167E0,,,,,
5.383333E0,1388,-1.722445E0,-1.288008E0,9.073381E2,5.802533E2
5.387500E0,,,,,
5.391667E0,1390,-1.678946E0,-1.278846E0,9.086807E2,5.799705E2
5.395833E0,,,,,
5.400000E0,1392,-1.663568E0,-1.283694E0,9.091553E2,5.801202E2
5.404167E0,,,,,
5.408333E0,1394,-1.638402E0,-1.282323E0,9.099320E2,5.800779E2
5.412500E0,,,,,
5.416667E0,1396,-1.633970E0,-1.279431E0,9.100688E2,5.799886E2
5.420833E0,,,,,
5.425000E0,1398,-1.626188E0,-1.272755E0,9.103090E2,5.797826E2
5.429167E0,,,,,
5.433333E0,1400,-1.611689E0,-1.283987E0,9.107565E2,5.801292E2
5.437500E0,,,,,
5.441667E0,1402,-1.595101E0,-1.288248E0,9.112685E2,5.802608E2
5.445833E0,,,,,
5.450000E0,1404,-1.567620E0,-1.277443E0,9.121167E2,5.799272E2
5.454167E0,,,,,
5.458333E0,1406,-1.555964E0,-1.270996E0,9.124764E2,5.797283E2
5.462500E0,,,,,
5.466667E0,1408,-1.517539E0,-1.285604E0,9.136624E2,5.801791E2
5.470833E0,,,,,
5.475000E0,1410,-1.467981E0,-1.276420E0,9.151919E2,5.798957E2
5.479167E0,,,,,
5.483333E0,1412,-1.434637E0,-1.288673E0,9.162211E2,5.802739E2
5.487500E0,,,,,
5.491667E0,1414,-1.387100E0,-1.273257E0,9.176883E2,5.797981E2
5.495833E0,,,,,
5.500000E0,1416,-1.352478E0,-1.289749E0,9.187568E2,5.803071E2
5.504167E0,,,,,
5.508333E0,1418,-1.298395E0,-1.281324E0,9.204261E2,5.800470E2
5.512500E0,,,,,
5.516667E0,1420,-1.257988E0,-1.297707E0,9.216732E2,5.805527E2
5.520833E0,,,,,
5.525000E0,1422,-1.227855E0,-1.287453E0,9.226032E2,5.802362E2
5.529167E0,,,,,
5.533333E0,1424,-1.186879E0,-1.302021E0,9.238679E2,5.806858E2
5.537500E0,,,,,
5.541667E0,1426,-1.156536E0,-1.295626E0,9.248045E2,5.804884E2
5.545833E0,,,,,
5.550000E0,1428,-1.152263E0,-1.304452E0,9.249363E2,5.807609E2
5.554167E0,,,,,
5.558333E0,1430,-1.131132E0,-1.303941E0,9.255885E2,5.807451E2
5.562500E0,,,,,
5.566667E0,1432,-1.129853E0,-1.310620E0,9.256280E2,5.809512E2
5.570833E0,,,,,
5.575000E0,1434,-1.116650E0,-1.304753E0,9.260355E2,5.807702E2
5.579167E0,,,,,
5.583333E0,1436,-1.094184E0,-1.314224E0,9.267289E2,5.810625E2
5.587500E0,,,,,
5.591667E0,1438,-1.080278E0,-1.320097E0,9.271581E2,5.812437E2
5.595833E0,,,,,
5.600000E0,1440,-1.050614E0,-1.323609E0,9.280736E2,5.813521E2
5.604167E0,,,,,
5.608333E0,1442,-1.016941E0,-1.329917E0,9.291129E2,5.815468E2
5.612500E0,,,,,
5.616667E0,1444,-9.841690E-1,-1.326278E0,9.301244E2,5.814345E2
5.620833E0,,,,,
5.625000E0,1446,-9.500532E-1,-1.339976E0,9.311774E2,5.818573E2
5.629167E0,,,,,
5.633333E0,1448,-8.972349E-1,-1.343054E0,9.328076E2,5.819523E2
5.637500E0,,,,,
5.641667E0,1450,-8.488498E-1,-1.338621E0,9.343009E2,5.818155E2
5.645833E0,,,,,
5.650000E0,1452,-8.115727E-1,-1.349319E0,9.354515E2,5.821457E2
5.654167E0,,,,,
5.658333E0,1454,-7.569704E-1,-1.332206E0,9.371367E2,5.816175E2
5.662500E0,,,,,
5.666667E0,1456,-7.326570E-1,-1.344133E0,9.378871E2,5.819856E2
5.670833E0,,,,,
5.675000E0,1458,-6.940957E-1,-1.337531E0,9.390773E2,5.817818E2
5.679167E0,,,,,
5.683333E0,1460,-6.723939E-1,-1.339544E0,9.397471E2,5.818440E2
5.687500E0,,,,,
5.691667E0,1462,-6.527886E-1,-1.351645E0,9.403522E2,5.822174E2
5.695833E0,,,,,
5.700000E0,1464,-6.403974E-1,-1.353356E0,9.407346E2,5.822703E2
5.704167E0,,,,,
5.708333E0,1466,-6.280629E-1,-1.356191E0,9.411153E2,5.823578E2
5.712500E0,,,,,
5.716667E0,1468,-6.085069E-1,-1.342140E0,9.417189E2,5.819241E2
5.720833E0,,,,,
5.725000E0,1470,-6.008677E-1,-1.339501E0,9.419547E2,5.818426E2
5.729167E0,,,,,
5.733333E0,1472,-5.873401E-1,-1.352913E0,9.423722E2,5.822566E2
5.737500E0,,,,,
5.741667E0,1474,-5.521624E-1,-1.354956E0,9.434580E2,5.823196E2
5.745833E0,,,,,
5.750000E0,1476,-5.333859E-1,-1.347894E0,9.440375E2,5.821017E2
5.754167E0,,,,,
5.758333E0,1478,-4.941298E-1,-1.353878E0,9.452491E2,5.822864E2
5.762500E0,,,,,
5.766667E0,1480,-4.402399E-1,-1.347771E0,9.469123E2,5.820979E2
5.770833E0,,,,,
5.775000E0,1482,-4.125732E-1,-1.351818E0,9.477663E2,5.822228E2
5.779167E0,,,,,
5.783333E0,1484,-3.575317E-1,-1.318510E0,9.494651E2,5.811948E2
5.787500E0,,,,,
5.791667E0,1486,-3.036606E-1,-1.347495E0,9.511278E2,5.820894E2
5.795833E0,,,,,
5.800000E0,1488,-2.744116E-1,-1.340310E0,9.520305E2,5.818676E2
5.804167E0,,,,,
5.808333E0,1490,-2.357766E-1,-1.342744E0,9.532229E2,5.819427E2
5.812500E0,,,,,
5.816667E0,1492,-2.069723E-1,-1.329767E0,9.541120E2,5.815422E2
5.820833E0,,,,,
5.825000E0,1494,-1.737794E-1,-1.340938E0,9.551364E2,5.818870E2
5.829167E0,,,,,
5.833333E0,1496,-1.570767E-1,-1.332935E0,9.556520E2,5.816400E2
5.837500E0,,,,,
5.841667E0,1498,-1.422648E-1,-1.338403E0,9.561091E2,5.818087E2
5.845833E0,,,,,
5.850000E0,1500,-1.331908E-1,-1.338479E0,9.563892E2,5.818111E2
5.854167E0,,,,,
5.858333E0,1502,-1.157872E-1,-1.343798E0,9.569263E2,5.819753E2
5.862500E0,,,,,
5.866667E0,1504,-1.093407E-1,-1.345367E0,9.571253E2,5.820237E2
5.870833E0,,,,,
5.875000E0,1506,-8.882636E-2,-1.347020E0,9.577584E2,5.820747E2
5.879167E0,,,,,
5.883333E0,1508,-5.991752E-2,-1.343295E0,9.586507E2,5.819597E2
5.887500E0,,,,,
5.891667E0,1510,-4.952399E-2,-1.349830E0,9.589715E2,5.821614E2
5.895833E0,,,,,
5.900000E0,1512,-3.471354E-3,-1.365700E0,9.603929E2,5.826512E2
5.904167E0,,,,,
5.908333E0,1514,2.888305E-2,-1.385936E0,9.613915E2,5.832758E2
5.912500E0,,,,,
5.916667E0,1516,6.939765E-2,-1.402660E0,9.626419E2,5.837920E2
5.920833E0,,,,,
5.925000E0,1518,1.140138E-1,-1.398231E0,9.640189E2,5.836553E2
5.929167E0,,,,,
5.933333E0,1520,1.584905E-1,-1.417260E0,9.653917E2,5.842426E2
5.937500E0,,,,,
5.941667E0,1522,2.014691E-1,-1.440072E0,9.667182E2,5.849467E2
5.945833E0,,,,,
5.950000E0,1524,2.405848E-1,-1.449769E0,9.679255E2,5.852459E2
5.954167E0,,,,,
5.958333E0,1526,2.748347E-1,-1.457940E0,9.689826E2,5.854982E2
5.962500E0,,,,,
5.966667E0,1528,2.996498E-1,-1.482103E0,9.697485E2,5.862439E2
5.970833E0,,,,,
5.975000E0,1530,3.241746E-1,-1.478309E0,9.705054E2,5.861268E2
5.979167E0,,,,,
5.983333E0,1532,3.321197E-1,-1.495577E0,9.707506E2,5.866598E2
5.987500E0,,,,,
5.991667E0,1534,3.534022E-1,-1.496086E0,9.714075E2,5.866755E2
5.995833E0,,,,,
6.000000E0,1536,3.658314E-1,-1.495296E0,9.717911E2,5.866511E2
6.004167E0,,,,,
6.008333E0,1538,3.713039E-1,-1.510814E0,9.719600E2,5.871301E2
6.012500E0,,,,,
6.016667E0,1540,3.792789E-1,-1.512523E0,9.722061E2,5.871828E2
6.020833E0,,,,,
6.025000E0,1542,3.994087E-1,-1.522194E0,9.728274E2,5.874813E2
6.029167E0,,,,,
6.033333E0,1544,4.321640E-1,-1.533153E0,9.738384E2,5.878196E2
6.037500E0,,,,,
6.041667E0,1546,4.659589E-1,-1.551744E0,9.748814E2,5.883933E2
6.045833E0,,,,,
6.050000E0,1548,4.889890E-1,-1.563020E0,9.755923E2,5.887414E2
6.054167E0,,,,,
6.058333E0,1550,5.387166E-1,-1.582747E0,9.771271E2,5.893502E2
6.062500E0,,,,,
6.066667E0,1552,5.675826E-1,-1.614460E0,9.780180E2,5.903290E2
6.070833E0,,,,,
6.075000E0,1554,6.132603E-1,-1.624604E0,9.794278E2,5.906421E2
6.079167E0,,,,,
6.083333E0,1556,6.418664E-1,-1.645873E0,9.803107E2,5.912985E2
6.087500E0,,,,,
6.091667E0,1558,6.852296E-1,-1.674068E0,9.816491E2,5.921688E2
6.095833E0,,,,,
6.100000E0,1560,7.227562E-1,-1.680337E0,9.828073E2,5.923623E2
6.104167E0,,,,,
6.108333E0,1562,7.411188E-1,-1.692893E0,9.833740E2,5.927498E2
6.112500E0,,,,,
6.116667E0,1564,7.563616E-1,-1.707503E0,9.838445E2,5.932007E2
6.120833E0,,,,,
6.125000E0,1566,7.752275E-1,-1.704994E0,9.844268E2,5.931233E2
6.129167E0,,,,,
6.133333E0,1568,7.964592E-1,-1.712641E0,9.850821E2,5.933593E2
6.137500E0,,,,,
6.141667E0,1570,7.916794E-1,-1.727999E0,9.849346E2,5.938333E2
6.145833E0,,,,,
6.150000E0,1572,8.013994E-1,-1.728262E0,9.852346E2,5.938414E2
6.154167E0,,,,,
6.158333E0,1574,8.245633E-1,-1.744827E0,9.859495E2,5.943527E2
6.162500E0,,,,,
6.166667E0,1576,8.381536E-1,-1.747256E0,9.863689E2,5.944276E2
6.170833E0,,,,,
6.175000E0,1578,8.553399E-1,-1.768350E0,9.868994E2,5.950787E2
6.179167E0,,,,,
6.183333E0,1580,8.903625E-1,-1.778713E0,9.879803E2,5.953986E2
6.187500E0,,,,,
6.191667E0,1582,9.198032E-1,-1.799664E0,9.888890E2,5.960452E2
6.195833E0,,,,,
6.200000E0,1584,9.524404E-1,-1.841239E0,9.898963E2,5.973284E2
6.204167E0,,,,,
6.208333E0,1586,1.001005E0,-1.862399E0,9.913952E2,5.979815E2
6.212500E0,,,,,
6.216667E0,1588,1.032776E0,-1.880522E0,9.923758E2,5.985408E2
6.220833E0,,,,,
6.225000E0,1590,1.079309E0,-1.905291E0,9.938120E2,5.993053E2
6.229167E0,,,,,
6.233333E0,1592,1.105090E0,-1.931175E0,9.946077E2,6.001042E2
6.237500E0,,,,,
6.241667E0,1594,1.125327E0,-1.962312E0,9.952323E2,6.010652E2
6.245833E0,,,,,
6.250000E0,1596,1.157832E0,-1.978109E0,9.962355E2,6.015527E2
6.254167E0,,,,,
6.258333E0,1598,1.161321E0,-1.989495E0,9.963432E2,6.019042E2
6.262500E0,,,,,
6.266667E0,1600,1.185711E0,-2.001683E0,9.970960E2,6.022803E2
6.270833E0,,,,,
6.275000E0,1602,1.207097E0,-2.019901E0,9.977561E2,6.028426E2
6.279167E0,,,,,
6.283333E0,1604,1.214433E0,-2.010583E0,9.979825E2,6.025550E2
6.287500E0,,,,,
6.291667E0,1606,1.202129E0,-2.031849E0,9.976027E2,6.032114E2
6.295833E0,,,,,
6.300000E0,1608,1.228338E0,-2.041690E0,9.984117E2,6.035151E2
6.304167E0,,,,,
6.308333E0,1610,1.241285E0,-2.048296E0,9.988113E2,6.037190E2
6.312500E0,,,,,
6.316667E0,1612,1.265427E0,-2.069817E0,9.995564E2,6.043832E2
6.320833E0,,,,,
6.325000E0,1614,1.285462E0,-2.080449E0,1.000175E3,6.047114E2
6.329167E0,,,,,
6.333333E0,1616,1.312582E0,-2.112560E0,1.001012E3,6.057025E2
6.337500E0,,,,,
6.341667E0,1618,1.344698E0,-2.140350E0,1.002003E3,6.065602E2
6.345833E0,,,,,
6.350000E0,1620,1.382976E0,-2.177741E0,1.003184E3,6.077142E2
6.354167E0,,,,,
6.358333E0,1622,1.421852E0,-2.204008E0,1.004384E3,6.085249E2
6.362500E0,,,,,
6.366667E0,1624,1.441838E0,-2.225986E0,1.005001E3,6.092033E2
6.370833E0,,,,,
6.375000E0,1626,1.479551E0,-2.247920E0,1.006165E3,6.098802E2
6.379167E0,,,,,
6.383333E0,1628,1.525251E0,-2.267766E0,1.007576E3,6.104928E2
6.387500E0,,,,,
6.391667E0,1630,1.533923E0,-2.287946E0,1.007843E3,6.111156E2
6.395833E0,,,,,
6.400000E0,1632,1.559235E0,-2.307761E0,1.008625E3,6.117272E2
6.404167E0,,,,,
6.408333E0,1634,1.556669E0,-2.316900E0,1.008545E3,6.120092E2
6.412500E0,,,,,
6.416667E0,1636,1.581009E0,-2.328728E0,1.009297E3,6.123743E2
6.420833E0,,,,,
6.425000E0,1638,1.597277E0,-2.320834E0,1.009799E3,6.121307E2
6.429167E0,,,,,
6.433333E0,1640,1.584801E0,-2.331222E0,1.009414E3,6.124513E2
6.437500E0,,,,,
6.441667E0,1642,1.610707E0,-2.345543E0,1.010213E3,6.128933E2
6.445833E0,,,,,
6.450000E0,1644,1.621716E0,-2.353875E0,1.010553E3,6.131505E2
6.454167E0,,,,,
6.458333E0,1646,1.654580E0,-2.358657E0,1.011567E3,6.132980E2
6.462500E0,,,,,
6.466667E0,1648,1.684101E0,-2.374015E0,1.012478E3,6.137721E2
6.470833E0,,,,,
6.475000E0,1650,1.709856E0,-2.383467E0,1.013273E3,6.140638E2
6.479167E0,,,,,
6.483333E0,1652,1.749014E0,-2.404972E0,1.014482E3,6.147275E2
6.487500E0,,,,,
6.491667E0,1654,1.794427E0,-2.425426E0,1.015884E3,6.153588E2
6.495833E0,,,,,
6.500000E0,1656,1.838545E0,-2.442426E0,1.017245E3,6.158835E2
6.504167E0,,,,,
6.508333E0,1658,1.878418E0,-2.462378E0,1.018476E3,6.164993E2
6.512500E0,,,,,
6.516667E0,1660,1.927454E0,-2.463786E0,1.019989E3,6.165428E2
6.520833E0,,,,,
6.525000E0,1662,1.960034E0,-2.483668E0,1.020995E3,6.171564E2
6.529167E0,,,,,
6.533333E0,1664,1.981689E0,-2.479363E0,1.021663E3,6.170235E2
6.537500E0,,,,,
6.541667E0,1666,2.007609E0,-2.483262E0,1.022463E3,6.171439E2
6.545833E0,,,,,
6.550000E0,1668,2.035058E0,-2.505214E0,1.023310E3,6.178214E2
6.554167E0,,,,,
6.558333E0,1670,2.037304E0,-2.490468E0,1.023380E3,6.173663E2
6.562500E0,,,,,
6.566667E0,1672,2.059280E0,-2.483530E0,1.024058E3,6.171521E2
6.570833E0,,,,,
6.575000E0,1674,2.069152E0,-2.487539E0,1.024363E3,6.172759E2
6.579167E0,,,,,
6.583333E0,1676,2.079605E0,-2.506206E0,1.024685E3,6.178520E2
6.587500E0,,,,,
6.591667E0,1678,2.096061E0,-2.507115E0,1.025193E3,6.178801E2
6.595833E0,,,,,
6.600000E0,1680,2.129114E0,-2.518777E0,1.026213E3,6.182400E2
6.604167E0,,,,,
6.608333E0,1682,2.157916E0,-2.525957E0,1.027102E3,6.184616E2
6.612500E0,,,,,
6.616667E0,1684,2.196828E0,-2.529931E0,1.028303E3,6.185843E2
6.620833E0,,,,,
6.625000E0,1686,2.231459E0,-2.531980E0,1.029372E3,6.186475E2
6.629167E0,,,,,
6.633333E0,1688,2.280139E0,-2.545000E0,1.030875E3,6.190494E2
6.637500E0,,,,,
6.641667E0,1690,2.327751E0,-2.561548E0,1.032344E3,6.195601E2
6.645833E0,,,,,
6.650000E0,1692,2.370776E0,-2.572332E0,1.033672E3,6.198930E2
6.654167E0,,,,,
6.658333E0,1694,2.409823E0,-2.580925E0,1.034877E3,6.201582E2
6.662500E0,,,,,
6.666667E0,1696,2.441012E0,-2.597327E0,1.035840E3,6.206644E2
6.670833E0,,,,,
6.675000E0,1698,2.473500E0,-2.602832E0,1.036843E3,6.208343E2
6.679167E0,,,,,
6.683333E0,1700,2.495245E0,-2.603065E0,1.037514E3,6.208415E2
6.687500E0,,,,,
6.691667E0,1702,2.504053E0,-2.612242E0,1.037786E3,6.211248E2
6.695833E0,,,,,
6.700000E0,1704,2.522594E0,-2.605056E0,1.038358E3,6.209030E2
6.704167E0,,,,,
6.708333E0,1706,2.538548E0,-2.616255E0,1.038850E3,6.212486E2
6.712500E0,,,,,
6.716667E0,1708,2.558628E0,-2.622463E0,1.039470E3,6.214402E2
6.720833E0,,,,,
6.725000E0,1710,2.575153E0,-2.614914E0,1.039980E3,6.212072E2
6.729167E0,,,,,
6.733333E0,1712,2.580167E0,-2.625799E0,1.040135E3,6.215432E2
6.737500E0,,,,,
6.741667E0,1714,2.605057E0,-2.634944E0,1.040903E3,6.218254E2
6.745833E0,,,,,
6.750000E0,1716,2.638976E0,-2.637516E0,1.041950E3,6.219048E2
6.754167E0,,,,,
6.758333E0,1718,2.672708E0,-2.631245E0,1.042991E3,6.217113E2
6.762500E0,,,,,
6.766667E0,1720,2.713594E0,-2.646902E0,1.044253E3,6.221945E2
6.770833E0,,,,,
6.775000E0,1722,2.755412E0,-2.650814E0,1.045544E3,6.223152E2
6.779167E0,,,,,
6.783333E0,1724,2.794479E0,-2.653904E0,1.046749E3,6.224106E2
6.787500E0,,,,,
6.791667E0,1726,2.852798E0,-2.672397E0,1.048549E3,6.229814E2
6.795833E0,,,,,
6.800000E0,1728,2.896825E0,-2.674670E0,1.049908E3,6.230515E2
6.804167E0,,,,,
6.808333E0,1730,2.926121E0,-2.678683E0,1.050812E3,6.231754E2
6.812500E0,,,,,
6.816667E0,1732,2.940633E0,-2.700407E0,1.051260E3,6.238459E2
6.820833E0,,,,,
6.825000E0,1734,2.978929E0,-2.694358E0,1.052442E3,6.236592E2
6.829167E0,,,,,
6.833333E0,1736,2.984645E0,-2.706253E0,1.052619E3,6.240263E2
6.837500E0,,,,,
6.841667E0,1738,3.013771E0,-2.708679E0,1.053518E3,6.241012E2
6.845833E0,,,,,
6.850000E0,1740,3.033377E0,-2.712648E0,1.054123E3,6.242237E2
6.854167E0,,,,,
6.858333E0,1742,3.032745E0,-2.721818E0,1.054103E3,6.245067E2
6.862500E0,,,,,
6.866667E0,1744,3.045578E0,-2.718589E0,1.054499E3,6.244071E2
6.870833E0,,,,,
6.875000E0,1746,3.066518E0,-2.715165E0,1.055146E3,6.243014E2
6.879167E0,,,,,
6.883333E0,1748,3.086733E0,-2.729468E0,1.055770E3,6.247428E2
6.887500E0,,,,,
6.891667E0,1750,3.114855E0,-2.727324E0,1.056638E3,6.246767E2
6.895833E0,,,,,
6.900000E0,1752,3.162926E0,-2.742342E0,1.058121E3,6.251402E2
6.904167E0,,,,,
6.908333E0,1754,3.184586E0,-2.754711E0,1.058790E3,6.255220E2
6.912500E0,,,,,
6.916667E0,1756,3.242966E0,-2.761750E0,1.060592E3,6.257392E2
6.920833E0,,,,,
6.925000E0,1758,3.266521E0,-2.777812E0,1.061319E3,6.262349E2
6.929167E0,,,,,
6.933333E0,1760,3.327655E0,-2.797184E0,1.063205E3,6.268328E2
6.937500E0,,,,,
6.941667E0,1762,3.367227E0,-2.796718E0,1.064427E3,6.268184E2
6.945833E0,,,,,
6.950000E0,1764,3.404680E0,-2.822320E0,1.065583E3,6.276086E2
6.954167E0,,,,,
6.958333E0,1766,3.433030E0,-2.836962E0,1.066458E3,6.280605E2
6.962500E0,,,,,
6.966667E0,1768,3.453948E0,-2.836267E0,1.067103E3,6.280391E2
6.970833E0,,,,,
6.975000E0,1770,3.480506E0,-2.847162E0,1.067923E3,6.283754E2
6.979167E0,,,,,
6.983333E0,1772,3.485476E0,-2.845319E0,1.068076E3,6.283185E2
6.987500E0,,,,,
6.991667E0,1774,3.495878E0,-2.858772E0,1.068397E3,6.287337E2
6.995833E0,,,,,
7.000000E0,1776,3.516912E0,-2.870400E0,1.069047E3,6.290926E2
7.004167E0,,,,,
7.008333E0,1778,3.523129E0,-2.854607E0,1.069239E3,6.286051E2
7.012500E0,,,,,
7.016667E0,1780,3.534604E0,-2.865508E0,1.069593E3,6.289416E2
7.020833E0,,,,,
7.025000E0,1782,3.564018E0,-2.870875E0,1.070501E3,6.291073E2
7.029167E0,,,,,
7.033333E0,1784,3.584380E0,-2.896967E0,1.071129E3,6.299126E2
7.037500E0,,,,,
7.041667E0,1786,3.627594E0,-2.898071E0,1.072463E3,6.299466E2
7.045833E0,,,,,
7.050000E0,1788,3.652264E0,-2.915693E0,1.073224E3,6.304905E2
7.054167E0,,,,,
7.058333E0,1790,3.697036E0,-2.923077E0,1.074606E3,6.307184E2
7.062500E0,,,,,
7.066667E0,1792,3.744781E0,-2.940688E0,1.076080E3,6.312620E2
7.070833E0,,,,,
7.075000E0,1794,3.784265E0,-2.964539E0,1.077298E3,6.319981E2
7.079167E0,,,,,
7.083333E0,1796,3.835232E0,-2.988548E0,1.078871E3,6.327391E2
7.087500E0,,,,,
7.091667E0,1798,3.861426E0,-3.000576E0,1.079680E3,6.331104E2
7.095833E0,,,,,
7.100000E0,1800,3.901035E0,-3.013517E0,1.080902E3,6.335098E2
7.104167E0,,,,,
7.108333E0,1802,3.935122E0,-3.009260E0,1.081954E3,6.333784E2
7.112500E0,,,,,
7.116667E0,1804,3.956525E0,-3.025742E0,1.082615E3,6.338871E2
7.120833E0,,,,,
7.125000E0,1806,3.939503E0,-3.028998E0,1.082090E3,6.339876E2
7.129167E0,,,,,
7.133333E0,1808,3.972503E0,-3.043205E0,1.083108E3,6.344261E2
7.137500E0,,,,,
7.141667E0,1810,3.973505E0,-3.038876E0,1.083139E3,6.342925E2
7.145833E0,,,,,
7.150000E0,1812,3.992121E0,-3.037422E0,1.083714E3,6.342476E2
7.154167E0,,,,,
7.158333E0,1814,4.001098E0,-3.051218E0,1.083991E3,6.346734E2
7.162500E0,,,,,
7.166667E0,1816,4.031414E0,-3.053497E0,1.084926E3,6.347437E2
7.170833E0,,,,,
7.175000E0,1818,4.052123E0,-3.085190E0,1.085566E3,6.357219E2
7.179167E0,,,,,
7.183333E0,1820,4.076538E0,-3.091208E0,1.086319E3,6.359077E2
7.187500E0,,,,,
7.191667E0,1822,4.108010E0,-3.095653E0,1.087290E3,6.360448E2
7.195833E0,,,,,
7.200000E0,1824,4.158789E0,-3.146747E0,1.088858E3,6.376218E2
7.204167E0,,,,,
7.208333E0,1826,4.202282E0,-3.146746E0,1.090200E3,6.376218E2
7.212500E0,,,,,
7.216667E0,1828,4.241369E0,-3.175448E0,1.091406E3,6.385077E2
7.220833E0,,,,,
7.225000E0,1830,4.267736E0,-3.189808E0,1.092220E3,6.389509E2
7.229167E0,,,,,
7.233333E0,1832,4.311384E0,-3.210170E0,1.093567E3,6.395793E2
7.237500E0,,,,,
7.241667E0,1834,4.334257E0,-3.225548E0,1.094273E3,6.400539E2
7.245833E0,,,,,
7.250000E0,1836,4.368914E0,-3.257418E0,1.095343E3,6.410376E2
7.254167E0,,,,,
7.258333E0,1838,4.382998E0,-3.243090E0,1.095778E3,6.405954E2
7.262500E0,,,,,
7.266667E0,1840,4.394017E0,-3.254205E0,1.096118E3,6.409384E2
7.270833E0,,,,,
7.275000E0,1842,4.415627E0,-3.271684E0,1.096785E3,6.414779E2
7.279167E0,,,,,
7.283333E0,1844,4.437193E0,-3.265602E0,1.097450E3,6.412902E2
7.287500E0,,,,,
7.291667E0,1846,4.432179E0,-3.263625E0,1.097296E3,6.412292E2
7.295833E0,,,,,
7.300000E0,1848,4.436514E0,-3.277656E0,1.097429E3,6.416622E2
7.304167E0,,,,,
7.308333E0,1850,4.470651E0,-3.294971E0,1.098483E3,6.421966E2
7.312500E0,,,,,
7.316667E0,1852,4.483486E0,-3.300412E0,1.098879E3,6.423646E2
7.320833E0,,,,,
7.325000E0,1854,4.513087E0,-3.318542E0,1.099793E3,6.429241E2
7.329167E0,,,,,
7.333333E0,1856,4.557316E0,-3.329187E0,1.101158E3,6.432527E2
7.337500E0,,,,,
7.341667E0,1858,4.582173E0,-3.362264E0,1.101925E3,6.442736E2
7.345833E0,,,,,
7.350000E0,1860,4.619788E0,-3.390105E0,1.103086E3,6.451329E2
7.354167E0,,,,,
7.358333E0,1862,4.678338E0,-3.408540E0,1.104893E3,6.457018E2
7.362500E0,,,,,
7.366667E0,1864,4.701318E0,-3.440668E0,1.105602E3,6.466935E2
7.370833E0,,,,,
7.375000E0,1866,4.740564E0,-3.446591E0,1.106814E3,6.468763E2
7.379167E0,,,,,
7.383333E0,1868,4.776641E0,-3.463947E0,1.107927E3,6.474119E2
7.387500E0,,,,,
7.391667E0,1870,4.795557E0,-3.477065E0,1.108511E3,6.478168E2
7.395833E0,,,,,
7.400000E0,1872,4.816302E0,-3.493030E0,1.109151E3,6.483096E2
7.404167E0,,,,,
7.408333E0,1874,4.844559E0,-3.486335E0,1.110023E3,6.481029E2
7.412500E0,,,,,
7.416667E0,1876,4.840951E0,-3.511466E0,1.109912E3,6.488786E2
7.420833E0,,,,,
7.425000E0,1878,4.855449E0,-3.511438E0,1.110360E3,6.488777E2
7.429167E0,,,,,
7.433333E0,1880,4.871972E0,-3.518907E0,1.110870E3,6.491082E2
7.437500E0,,,,,
7.441667E0,1882,4.881507E0,-3.525587E0,1.111164E3,6.493144E2
7.445833E0,,,,,
7.450000E0,1884,4.895978E0,-3.528119E0,1.111610E3,6.493926E2
7.454167E0,,,,,
7.458333E0,1886,4.916389E0,-3.534998E0,1.112240E3,6.496049E2
7.462500E0,,,,,
7.466667E0,1888,4.942932E0,-3.553388E0,1.113060E3,6.501725E2
7.470833E0,,,,,
7.475000E0,1890,4.974741E0,-3.575924E0,1.114041E3,6.508680E2
7.479167E0,,,,,
7.483333E0,1892,5.022367E0,-3.596257E0,1.115511E3,6.514956E2
7.487500E0,,,,,
7.491667E0,1894,5.054924E0,-3.626167E0,1.116516E3,6.524187E2
7.495833E0,,,,,
7.500000E0,1896,5.097075E0,-3.631279E0,1.117817E3,6.525765E2
7.504167E0,,,,,
7.508333E0,1898,5.144941E0,-3.660776E0,1.119294E3,6.534869E2
7.512500E0,,,,,
7.516667E0,1900,5.159134E0,-3.705682E0,1.119733E3,6.548729E2
7.520833E0,,,,,
7.525000E0,1902,5.192454E0,-3.722953E0,1.120761E3,6.554060E2
7.529167E0,,,,,
7.533333E0,1904,5.213450E0,-3.737257E0,1.121409E3,6.558474E2
7.537500E0,,,,,
7.541667E0,1906,5.244804E0,-3.754096E0,1.122377E3,6.563672E2
7.545833E0,,,,,
7.550000E0,1908,5.258857E0,-3.782949E0,1.122810E3,6.572577E2
7.554167E0,,,,,
7.558333E0,1910,5.266174E0,-3.780269E0,1.123036E3,6.571750E2
7.562500E0,,,,,
7.566667E0,1912,5.267940E0,-3.782815E0,1.123091E3,6.572536E2
7.570833E0,,,,,
7.575000E0,1914,5.282863E0,-3.788647E0,1.123551E3,6.574335E2
7.579167E0,,,,,
7.583333E0,1916,5.299378E0,-3.804901E0,1.124061E3,6.579352E2
7.587500E0,,,,,
7.591667E0,1918,5.307206E0,-3.811467E0,1.124303E3,6.581379E2
7.595833E0,,,,,
7.600000E0,1920,5.317468E0,-3.834429E0,1.124619E3,6.588466E2
7.604167E0,,,,,
7.608333E0,1922,5.342736E0,-3.839673E0,1.125399E3,6.590084E2
7.612500E0,,,,,
7.616667E0,1924,5.377841E0,-3.866959E0,1.126483E3,6.598506E2
7.620833E0,,,,,
7.625000E0,1926,5.399317E0,-3.890009E0,1.127146E3,6.605620E2
7.629167E0,,,,,
7.633333E0,1928,5.434400E0,-3.938083E0,1.128228E3,6.620458E2
7.637500E0,,,,,
7.641667E0,1930,5.468920E0,-3.958353E0,1.129294E3,6.626714E2
7.645833E0,,,,,
7.650000E0,1932,5.510321E0,-3.988664E0,1.130572E3,6.636069E2
7.654167E0,,,,,
7.658333E0,1934,5.538773E0,-4.027306E0,1.131450E3,6.647996E2
7.662500E0,,,,,
7.666667E0,1936,5.567521E0,-4.055821E0,1.132337E3,6.656797E2
7.670833E0,,,,,
7.675000E0,1938,5.585980E0,-4.064609E0,1.132907E3,6.659509E2
7.679167E0,,,,,
7.683333E0,1940,5.606263E0,-4.078604E0,1.133533E3,6.663829E2
7.687500E0,,,,,
7.691667E0,1942,5.627919E0,-4.095479E0,1.134201E3,6.669037E2
7.695833E0,,,,,
7.700000E0,1944,5.643549E0,-4.102107E0,1.134684E3,6.671082E2
7.704167E0,,,,,
7.708333E0,1946,5.658294E0,-4.103366E0,1.135139E3,6.671471E2
7.712500E0,,,,,
7.716667E0,1948,5.660717E0,-4.111798E0,1.135213E3,6.674074E2
7.720833E0,,,,,
7.725000E0,1950,5.662182E0,-4.118772E0,1.135259E3,6.676226E2
7.729167E0,,,,,
7.733333E0,1952,5.683135E0,-4.124391E0,1.135905E3,6.677960E2
7.737500E0,,,,,
7.741667E0,1954,5.709011E0,-4.126009E0,1.136704E3,6.678460E2
7.745833E0,,,,,
7.750000E0,1956,5.732869E0,-4.152874E0,1.137440E3,6.686751E2
7.754167E0,,,,,
7.758333E0,1958,5.764141E0,-4.167936E0,1.138406E3,6.691400E2
7.762500E0,,,,,
7.766667E0,1960,5.800794E0,-4.199389E0,1.139537E3,6.701108E2
7.770833E0,,,,,
7.775000E0,1962,5.826865E0,-4.223452E0,1.140342E3,6.708535E2
7.779167E0,,,,,
7.783333E0,1964,5.886526E0,-4.243030E0,1.142183E3,6.714577E2
7.787500E0,,,,,
7.791667E0,1966,5.921096E0,-4.273061E0,1.143250E3,6.723846E2
7.795833E0,,,,,
7.800000E0,1968,5.944750E0,-4.297616E0,1.143980E3,6.731425E2
7.804167E0,,,,,
7.808333E0,1970,5.978594E0,-4.327722E0,1.145024E3,6.740717E2
7.812500E0,,,,,
7.816667E0,1972,6.000502E0,-4.346038E0,1.145701E3,6.746370E2
7.820833E0,,,,,
7.825000E0,1974,6.019391E0,-4.362902E0,1.146284E3,6.751575E2
7.829167E0,,,,,
7.833333E0,1976,6.045089E0,-4.370220E0,1.147077E3,6.753833E2
7.837500E0,,,,,
7.841667E0,1978,6.046920E0,-4.380022E0,1.147133E3,6.756859E2
7.845833E0,,,,,
7.850000E0,1980,6.070013E0,-4.381061E0,1.147846E3,6.757179E2
7.854167E0,,,,,
7.858333E0,1982,6.075866E0,-4.391909E0,1.148027E3,6.760528E2
7.862500E0,,,,,
7.866667E0,1984,6.094284E0,-4.406766E0,1.148595E3,6.765113E2
7.870833E0,,,,,
7.875000E0,1986,6.100358E0,-4.410415E0,1.148783E3,6.766239E2
7.879167E0,,,,,
7.883333E0,1988,6.118821E0,-4.413893E0,1.149352E3,6.767313E2
7.887500E0,,,,,
7.891667E0,1990,6.145714E0,-4.435131E0,1.150183E3,6.773868E2
7.895833E0,,,,,
7.900000E0,1992,6.165604E0,-4.444084E0,1.150796E3,6.776631E2
7.904167E0,,,,,
7.908333E0,1994,6.203918E0,-4.473469E0,1.151979E3,6.785700E2
7.912500E0,,,,,
7.916667E0,1996,6.246081E0,-4.487207E0,1.153280E3,6.789941E2
7.920833E0,,,,,
7.925000E0,1998,6.292263E0,-4.492258E0,1.154706E3,6.791499E2
7.929167E0,,,,,
7.933333E0,2000,6.328712E0,-4.513594E0,1.155831E3,6.798084E2
7.937500E0,,,,,
7.941667E0,2002,6.368546E0,-4.545862E0,1.157060E3,6.808044E2
7.945833E0,,,,,
7.950000E0,2004,6.406832E0,-4.569613E0,1.158242E3,6.815374E2
7.954167E0,,,,,
7.958333E0,2006,6.442657E0,-4.571119E0,1.159347E3,6.815839E2
7.962500E0,,,,,
7.966667E0,2008,6.464185E0,-4.586793E0,1.160012E3,6.820677E2
7.970833E0,,,,,
7.975000E0,2010,6.491719E0,-4.587963E0,1.160862E3,6.821038E2
7.979167E0,,,,,
7.983333E0,2012,6.484206E0,-4.610268E0,1.160630E3,6.827922E2
7.987500E0,,,,,
7.991667E0,2014,6.519778E0,-4.613205E0,1.161728E3,6.828829E2
7.995833E0,,,,,
8.000000E0,2016,6.518360E0,-4.622597E0,1.161684E3,6.831728E2
8.004167E0,,,,,
8.008333E0,2018,6.538394E0,-4.623416E0,1.162302E3,6.831980E2
8.012500E0,,,,,
8.016667E0,2020,6.550071E0,-4.623728E0,1.162663E3,6.832077E2
8.020833E0,,,,,
8.025000E0,2022,6.554415E0,-4.638094E0,1.162797E3,6.836510E2
8.029167E0,,,,,
8.033333E0,2024,6.601008E0,-4.647510E0,1.164235E3,6.839417E2
8.037500E0,,,,,
8.041667E0,2026,6.620038E0,-4.655476E0,1.164822E3,6.841875E2
8.045833E0,,,,,
8.050000E0,2028,6.651623E0,-4.674835E0,1.165797E3,6.847850E2
8.054167E0,,,,,
8.058333E0,2030,6.706866E0,-4.696171E0,1.167502E3,6.854435E2
8.062500E0,,,,,
8.066667E0,2032,6.728847E0,-4.704145E0,1.168180E3,6.856897E2
8.070833E0,,,,,
8.075000E0,2034,6.786967E0,-4.718776E0,1.169974E3,6.861412E2
8.079167E0,,,,,
8.083333E0,2036,6.826988E0,-4.735833E0,1.171210E3,6.866677E2
8.087500E0,,,,,
8.091667E0,2038,6.868941E0,-4.743475E0,1.172504E3,6.869036E2
8.095833E0,,,,,
8.100000E0,2040,6.899292E0,-4.761374E0,1.173441E3,6.874560E2
8.104167E0,,,,,
8.108333E0,2042,6.916097E0,-4.781502E0,1.173960E3,6.880772E2
8.112500E0,,,,,
8.116667E0,2044,6.950028E0,-4.776084E0,1.175007E3,6.879100E2
8.120833E0,,,,,
8.125000E0,2046,6.956913E0,-4.777930E0,1.175220E3,6.879670E2
8.129167E0,,,,,
8.133333E0,2048,6.967228E0,-4.788156E0,1.175538E3,6.882826E2
8.137500E0,,,,,
8.141667E0,2050,6.980355E0,-4.797459E0,1.175943E3,6.885697E2
8.145833E0,,,,,
8.150000E0,2052,6.995399E0,-4.795713E0,1.176407E3,6.885158E2
8.154167E0,,,,,
8.158333E0,2054,7.011518E0,-4.806071E0,1.176905E3,6.888355E2
8.162500E0,,,,,
8.166667E0,2056,7.034005E0,-4.819352E0,1.177599E3,6.892454E2
8.170833E0,,,,,
8.175000E0,2058,7.053979E0,-4.818007E0,1.178215E3,6.892039E2
8.179167E0,,,,,
8.183333E0,2060,7.084092E0,-4.831978E0,1.179145E3,6.896351E2
8.187500E0,,,,,
8.191667E0,2062,7.131511E0,-4.840890E0,1.180608E3,6.899102E2
8.195833E0,,,,,
8.200000E0,2064,7.160307E0,-4.865786E0,1.181497E3,6.906786E2
8.204167E0,,,,,
8.208333E0,2066,7.213436E0,-4.876414E0,1.183137E3,6.910066E2
8.212500E0,,,,,
8.216667E0,2068,7.245009E0,-4.884023E0,1.184111E3,6.912414E2
8.220833E0,,,,,
8.225000E0,2070,7.290434E0,-4.898625E0,1.185513E3,6.916921E2
8.229167E0,,,,,
8.233333E0,2072,7.325848E0,-4.920183E0,1.186606E3,6.923575E2
8.237500E0,,,,,
8.241667E0,2074,7.367294E0,-4.924784E0,1.187886E3,6.924995E2
8.245833E0,,,,,
8.250000E0,2076,7.393789E0,-4.933773E0,1.188703E3,6.927769E2
8.254167E0,,,,,
8.258333E0,2078,7.413528E0,-4.955266E0,1.189313E3,6.934403E2
8.262500E0,,,,,
8.266667E0,2080,7.421396E0,-4.950909E0,1.189555E3,6.933058E2
8.270833E0,,,,,
8.275000E0,2082,7.429700E0,-4.947493E0,1.189812E3,6.932004E2
8.279167E0,,,,,
8.283333E0,2084,7.454461E0,-4.956043E0,1.190576E3,6.934643E2
8.287500E0,,,,,
8.291667E0,2086,7.470046E0,-4.965946E0,1.191057E3,6.937699E2
8.295833E0,,,,,
8.300000E0,2088,7.481207E0,-4.957584E0,1.191401E3,6.935119E2
8.304167E0,,,,,
8.308333E0,2090,7.491682E0,-4.977706E0,1.191725E3,6.941329E2
8.312500E0,,,,,
8.316667E0,2092,7.523860E0,-4.981592E0,1.192718E3,6.942528E2
8.320833E0,,,,,
8.325000E0,2094,7.556556E0,-4.997700E0,1.193727E3,6.947500E2
8.329167E0,,,,,
8.333333E0,2096,7.592564E0,-4.991411E0,1.194838E3,6.945559E2
8.337500E0,,,,,
8.341667E0,2098,7.637212E0,-5.022725E0,1.196216E3,6.955224E2
8.345833E0,,,,,
8.350000E0,2100,7.666489E0,-5.030346E0,1.197120E3,6.957576E2
8.354167E0,,,,,
8.358333E0,2102,7.727767E0,-5.049204E0,1.199011E3,6.963396E2
8.362500E0,,,,,
8.366667E0,2104,7.754934E0,-5.052591E0,1.199850E3,6.964442E2
8.370833E0,,,,,
8.375000E0,2106,7.806347E0,-5.077079E0,1.201437E3,6.972000E2
8.379167E0,,,,,
8.383333E0,2108,7.838070E0,-5.083272E0,1.202416E3,6.973911E2
8.387500E0,,,,,
8.391667E0,2110,7.866929E0,-5.081165E0,1.203306E3,6.973261E2
8.395833E0,,,,,
8.400000E0,2112,7.887050E0,-5.098784E0,1.203927E3,6.978699E2
8.404167E0,,,,,
8.408333E0,2114,7.899160E0,-5.117236E0,1.204301E3,6.984394E2
8.412500E0,,,,,
8.416667E0,2116,7.907234E0,-5.119951E0,1.204550E3,6.985232E2
8.420833E0,,,,,
8.425000E0,2118,7.929720E0,-5.115814E0,1.205244E3,6.983955E2
8.429167E0,,,,,
8.433333E0,2120,7.937182E0,-5.116316E0,1.205475E3,6.984110E2
8.437500E0,,,,,
8.441667E0,2122,7.954620E0,-5.114204E0,1.206013E3,6.983458E2
8.445833E0,,,,,
8.450000E0,2124,7.968977E0,-5.123826E0,1.206456E3,6.986428E2
8.454167E0,,,,,
8.458333E0,2126,7.996002E0,-5.128545E0,1.207290E3,6.987884E2
8.462500E0,,,,,
8.466667E0,2128,8.030926E0,-5.142444E0,1.208368E3,6.992174E2
8.470833E0,,,,,
8.475000E0,2130,8.055839E0,-5.156751E0,1.209137E3,6.996590E2
8.479167E0,,,,,
8.483333E0,2132,8.100195E0,-5.156890E0,1.210506E3,6.996633E2
8.487500E0,,,,,
8.491667E0,2134,8.142672E0,-5.179112E0,1.211817E3,7.003491E2
8.495833E0,,,,,
8.500000E0,2136,8.178998E0,-5.193658E0,1.212938E3,7.007981E2
8.504167E0,,,,,
8.508333E0,2138,8.233393E0,-5.215699E0,1.214617E3,7.014784E2
8.512500E0,,,,,
8.516667E0,2140,8.270710E0,-5.224473E0,1.215769E3,7.017492E2
8.520833E0,,,,,
8.525000E0,2142,8.290353E0,-5.228408E0,1.216375E3,7.018706E2
8.529167E0,,,,,
8.533333E0,2144,8.335466E0,-5.245582E0,1.217767E3,7.024007E2
8.537500E0,,,,,
8.541667E0,2146,8.358145E0,-5.255965E0,1.218467E3,7.027211E2
8.545833E0,,,,,
8.550000E0,2148,8.376940E0,-5.253554E0,1.219048E3,7.026467E2
8.554167E0,,,,,
8.558333E0,2150,8.386335E0,-5.250069E0,1.219338E3,7.025392E2
8.562500E0,,,,,
8.566667E0,2152,8.400232E0,-5.267729E0,1.219766E3,7.030842E2
8.570833E0,,,,,
8.575000E0,2154,8.410385E0,-5.272842E0,1.220080E3,7.032420E2
8.579167E0,,,,,
8.583333E0,2156,8.424987E0,-5.260639E0,1.220530E3,7.028654E2
8.587500E0,,,,,
8.591667E0,2158,8.440678E0,-5.279173E0,1.221015E3,7.034374E2
8.595833E0,,,,,
8.600000E0,2160,8.467512E0,-5.293531E0,1.221843E3,7.038806E2
8.604167E0,,,,,
8.608333E0,2162,8.496702E0,-5.305079E0,1.222744E3,7.042370E2
8.612500E0,,,,,
8.616667E0,2164,8.537044E0,-5.320169E0,1.223989E3,7.047027E2
8.620833E0,,,,,
8.625000E0,2166,8.563266E0,-5.339178E0,1.224798E3,7.052894E2
8.629167E0,,,,,
8.633333E0,2168,8.603802E0,-5.350029E0,1.226049E3,7.056243E2
8.637500E0,,,,,
8.641667E0,2170,8.649677E0,-5.363315E0,1.227465E3,7.060344E2
8.645833E0,,,,,
8.650000E0,2172,8.692941E0,-5.387884E0,1.228801E3,7.067927E2
8.654167E0,,,,,
8.658333E0,2174,8.728139E0,-5.402321E0,1.229887E3,7.072383E2
8.662500E0,,,,,
8.666667E0,2176,8.764000E0,-5.409984E0,1.230994E3,7.074748E2
8.670833E0,,,,,
8.675000E0,2178,8.798037E0,-5.430011E0,1.232044E3,7.080929E2
8.679167E0,,,,,
8.683333E0,2180,8.813381E0,-5.442370E0,1.232518E3,7.084744E2
8.687500E0,,,,,
8.691667E0,2182,8.836645E0,-5.452274E0,1.233236E3,7.087801E2
8.695833E0,,,,,
8.700000E0,2184,8.850484E0,-5.464022E0,1.233663E3,7.091426E2
8.704167E0,,,,,
8.708333E0,2186,8.865193E0,-5.470566E0,1.234117E3,7.093446E2
8.712500E0,,,,,
8.716667E0,2188,8.862190E0,-5.470186E0,1.234024E3,7.093329E2
8.720833E0,,,,,
8.725000E0,2190,8.879869E0,-5.481123E0,1.234570E3,7.096705E2
8.729167E0,,,,,
8.733333E0,2192,8.899889E0,-5.478695E0,1.235188E3,7.095955E2
8.737500E0,,,,,
8.741667E0,2194,8.920250E0,-5.497445E0,1.235816E3,7.101742E2
8.745833E0,,,,,
8.750000E0,2196,8.946372E0,-5.504673E0,1.236623E3,7.103973E2
8.754167E0,,,,,
8.758333E0,2198,8.983266E0,-5.509889E0,1.237761E3,7.105583E2
8.762500E0,,,,,
8.766667E0,2200,9.010503E0,-5.530792E0,1.238602E3,7.112035E2
8.770833E0,,,,,
8.775000E0,2202,9.054701E0,-5.560766E0,1.239966E3,7.121286E2
8.779167E0,,,,,
8.783333E0,2204,9.097455E0,-5.571935E0,1.241286E3,7.124733E2
8.787500E0,,,,,
8.791667E0,2206,9.145928E0,-5.607560E0,1.242782E3,7.135728E2
8.795833E0,,,,,
8.800000E0,2208,9.183284E0,-5.611274E0,1.243935E3,7.136875E2
8.804167E0,,,,,
8.808333E0,2210,9.218393E0,-5.623848E0,1.245018E3,7.140756E2
8.812500E0,,,,,
8.816667E0,2212,9.250398E0,-5.637761E0,1.246006E3,7.145050E2
8.820833E0,,,,,
8.825000E0,2214,9.269310E0,-5.652823E0,1.246590E3,7.149699E2
8.829167E0,,,,,
8.833333E0,2216,9.285939E0,-5.649831E0,1.247103E3,7.148775E2
8.837500E0,,,,,
8.841667E0,2218,9.295282E0,-5.665339E0,1.247391E3,7.153562E2
8.845833E0,,,,,
8.850000E0,2220,9.314357E0,-5.658524E0,1.247980E3,7.151458E2
8.854167E0,,,,,
8.858333E0,2222,9.325284E0,-5.662475E0,1.248317E3,7.152678E2
8.862500E0,,,,,
8.866667E0,2224,9.347370E0,-5.663818E0,1.248999E3,7.153092E2
8.870833E0,,,,,
8.875000E0,2226,9.344845E0,-5.677347E0,1.248921E3,7.157268E2
8.879167E0,,,,,
8.883333E0,2228,9.363811E0,-5.676506E0,1.249507E3,7.157008E2
8.887500E0,,,,,
8.891667E0,2230,9.407714E0,-5.687545E0,1.250862E3,7.160415E2
8.895833E0,,,,,
8.900000E0,2232,9.434188E0,-5.708218E0,1.251679E3,7.166796E2
8.904167E0,,,,,
8.908333E0,2234,9.467695E0,-5.715671E0,1.252713E3,7.169096E2
8.912500E0,,,,,
8.916667E0,2236,9.515997E0,-5.734377E0,1.254204E3,7.174869E2
8.920833E0,,,,,
8.925000E0,2238,9.561874E0,-5.750445E0,1.255620E3,7.179829E2
8.929167E0,,,,,
8.933333E0,2240,9.608182E0,-5.760402E0,1.257049E3,7.182902E2
8.937500E0,,,,,
8.941667E0,2242,9.648309E0,-5.770838E0,1.258287E3,7.186123E2
8.945833E0,,,,,
8.950000E0,2244,9.687316E0,-5.793161E0,1.259491E3,7.193013E2
8.954167E0,,,,,
8.958333E0,2246,9.712889E0,-5.803773E0,1.260281E3,7.196288E2
8.962500E0,,,,,
8.966667E0,2248,9.726119E0,-5.804300E0,1.260689E3,7.196451E2
8.970833E0,,,,,
8.975000E0,2250,9.749971E0,-5.815296E0,1.261425E3,7.199844E2
8.979167E0,,,,,
8.983333E0,2252,9.776548E0,-5.816252E0,1.262245E3,7.200139E2
8.987500E0,,,,,
8.991667E0,2254,9.776840E0,-5.827103E0,1.262254E3,7.203489E2
8.995833E0,,,,,
9.000000E0,2256,9.791419E0,-5.819030E0,1.262704E3,7.200997E2
9.004167E0,,,,,
9.008333E0,2258,9.812261E0,-5.840217E0,1.263348E3,7.207536E2
9.012500E0,,,,,
9.016667E0,2260,9.827412E0,-5.850344E0,1.263815E3,7.210662E2
9.020833E0,,,,,
9.025000E0,2262,9.855187E0,-5.852603E0,1.264672E3,7.211359E2
9.029167E0,,,,,
9.033333E0,2264,9.873005E0,-5.860743E0,1.265222E3,7.213871E2
9.037500E0,,,,,
9.041667E0,2266,9.912439E0,-5.857535E0,1.266439E3,7.212881E2
9.045833E0,,,,,
9.050000E0,2268,9.942414E0,-5.877860E0,1.267365E3,7.219154E2
9.054167E0,,,,,
9.058333E0,2270,9.979613E0,-5.894144E0,1.268513E3,7.224180E2
9.062500E0,,,,,
9.066667E0,2272,1.003580E1,-5.909699E0,1.270247E3,7.228981E2
9.070833E0,,,,,
9.075000E0,2274,1.007137E1,-5.909742E0,1.271345E3,7.228994E2
9.079167E0,,,,,
9.083333E0,2276,1.011409E1,-5.910191E0,1.272663E3,7.229133E2
9.087500E0,,,,,
9.091667E0,2278,1.015187E1,-5.931327E0,1.273829E3,7.235656E2
9.095833E0,,,,,
9.100000E0,2280,1.019308E1,-5.933663E0,1.275101E3,7.236377E2
9.104167E0,,,,,
9.108333E0,2282,1.022079E1,-5.939295E0,1.275957E3,7.238116E2
9.112500E0,,,,,
9.116667E0,2284,1.023878E1,-5.940100E0,1.276512E3,7.238364E2
9.120833E0,,,,,
9.125000E0,2286,1.025501E1,-5.957417E0,1.277013E3,7.243709E2
9.129167E0,,,,,
9.133333E0,2288,1.025987E1,-5.948311E0,1.277163E3,7.240898E2
9.137500E0,,,,,
9.141667E0,2290,1.028451E1,-5.943354E0,1.277923E3,7.239369E2
9.145833E0,,,,,
9.150000E0,2292,1.028589E1,-5.944110E0,1.277966E3,7.239602E2
9.154167E0,,,,,
9.158333E0,2294,1.030745E1,-5.955749E0,1.278631E3,7.243194E2
9.162500E0,,,,,
9.166667E0,2296,1.032188E1,-5.949903E0,1.279077E3,7.241390E2
9.170833E0,,,,,
9.175000E0,2298,1.035178E1,-5.978289E0,1.279999E3,7.250151E2
9.179167E0,,,,,
9.183333E0,2300,1.038192E1,-5.971009E0,1.280930E3,7.247904E2
9.187500E0,,,,,
9.191667E0,2302,1.041767E1,-5.973971E0,1.282033E3,7.248818E2
9.195833E0,,,,,
9.200000E0,2304,1.047383E1,-5.993610E0,1.283766E3,7.254880E2
9.204167E0,,,,,
9.208333E0,2306,1.051004E1,-5.991655E0,1.284884E3,7.254276E2
9.212500E0,,,,,
9.216667E0,2308,1.055520E1,-6.003421E0,1.286278E3,7.257908E2
9.220833E0,,,,,
9.225000E0,2310,1.060344E1,-6.010761E0,1.287767E3,7.260173E2
9.229167E0,,,,,
9.233333E0,2312,1.064424E1,-6.023809E0,1.289026E3,7.264200E2
9.237500E0,,,,,
9.241667E0,2314,1.068187E1,-6.022976E0,1.290187E3,7.263943E2
9.245833E0,,,,,
9.250000E0,2316,1.070633E1,-6.035066E0,1.290942E3,7.267675E2
9.254167E0,,,,,
9.258333E0,2318,1.071805E1,-6.041840E0,1.291304E3,7.269765E2
9.262500E0,,,,,
9.266667E0,2320,1.072452E1,-6.040793E0,1.291504E3,7.269442E2
9.270833E0,,,,,
9.275000E0,2322,1.074312E1,-6.040957E0,1.292078E3,7.269493E2
9.279167E0,,,,,
9.283333E0,2324,1.076546E1,-6.050095E0,1.292767E3,7.272313E2
9.287500E0,,,,,
9.291667E0,2326,1.076999E1,-6.052149E0,1.292907E3,7.272947E2
9.295833E0,,,,,
9.300000E0,2328,1.079283E1,-6.062593E0,1.293612E3,7.276171E2
9.304167E0,,,,,
9.308333E0,2330,1.081179E1,-6.052089E0,1.294197E3,7.272929E2
9.312500E0,,,,,
9.316667E0,2332,1.083510E1,-6.070905E0,1.294917E3,7.278736E2
9.320833E0,,,,,
9.325000E0,2334,1.086656E1,-6.059514E0,1.295888E3,7.275220E2
9.329167E0,,,,,
9.333333E0,2336,1.090348E1,-6.058314E0,1.297027E3,7.274850E2
9.337500E0,,,,,
9.341667E0,2338,1.095041E1,-6.074460E0,1.298476E3,7.279833E2
9.345833E0,,,,,
9.350000E0,2340,1.099520E1,-6.073908E0,1.299858E3,7.279663E2
9.354167E0,,,,,
9.358333E0,2342,1.104703E1,-6.067504E0,1.301458E3,7.277686E2
9.362500E0,,,,,
9.366667E0,2344,1.109228E1,-6.080110E0,1.302854E3,7.281577E2
9.370833E0,,,,,
9.375000E0,2346,1.113340E1,-6.084201E0,1.304123E3,7.282840E2
9.379167E0,,,,,
9.383333E0,2348,1.116527E1,-6.086383E0,1.305107E3,7.283513E2
9.387500E0,,,,,
9.391667E0,2350,1.120407E1,-6.085179E0,1.306305E3,7.283142E2
9.395833E0,,,,,
9.400000E0,2352,1.121811E1,-6.092692E0,1.306738E3,7.285461E2
9.404167E0,,,,,
9.408333E0,2354,1.122621E1,-6.091504E0,1.306988E3,7.285094E2
9.412500E0,,,,,
9.416667E0,2356,1.123821E1,-6.091792E0,1.307358E3,7.285183E2
9.420833E0,,,,,
9.425000E0,2358,1.126106E1,-6.094349E0,1.308064E3,7.285972E2
9.429167E0,,,,,
9.433333E0,2360,1.127065E1,-6.106611E0,1.308360E3,7.289756E2
9.437500E0,,,,,
9.441667E0,2362,1.128818E1,-6.102278E0,1.308901E3,7.288419E2
9.445833E0,,,,,
9.450000E0,2364,1.131598E1,-6.100788E0,1.309759E3,7.287959E2
9.454167E0,,,,,
9.458333E0,2366,1.132894E1,-6.106212E0,1.310158E3,7.289633E2
9.462500E0,,,,,
9.466667E0,2368,1.135771E1,-6.104537E0,1.311047E3,7.289116E2
9.470833E0,,,,,
9.475000E0,2370,1.139925E1,-6.104151E0,1.312329E3,7.288997E2
9.479167E0,,,,,
9.483333E0,2372,1.144386E1,-6.117426E0,1.313706E3,7.293095E2
9.487500E0,,,,,
9.491667E0,2374,1.149564E1,-6.092944E0,1.315304E3,7.285538E2
9.495833E0,,,,,
9.500000E0,2376,1.152663E1,-6.093633E0,1.316260E3,7.285751E2
9.504167E0,,,,,
9.508333E0,2378,1.157517E1,-6.094895E0,1.317758E3,7.286140E2
9.512500E0,,,,,
9.516667E0,2380,1.162247E1,-6.090738E0,1.319218E3,7.284857E2
9.520833E0,,,,,
9.525000E0,2382,1.166470E1,-6.088081E0,1.320522E3,7.284037E2
9.529167E0,,,,,
9.533333E0,2384,1.168640E1,-6.088683E0,1.321191E3,7.284223E2
9.537500E0,,,,,
9.541667E0,2386,1.171797E1,-6.080125E0,1.322166E3,7.281582E2
9.545833E0,,,,,
9.550000E0,2388,1.173105E1,-6.080839E0,1.322570E3,7.281802E2
9.554167E0,,,,,
9.558333E0,2390,1.174412E1,-6.057402E0,1.322973E3,7.274568E2
9.562500E0,,,,,
9.566667E0,2392,1.174892E1,-6.082972E0,1.323121E3,7.282460E2
9.570833E0,,,,,
9.575000E0,2394,1.176584E1,-6.071241E0,1.323643E3,7.278840E2
9.579167E0,,,,,
9.583333E0,2396,1.178402E1,-6.072326E0,1.324204E3,7.279175E2
9.587500E0,,,,,
9.591667E0,2398,1.180483E1,-6.081616E0,1.324847E3,7.282042E2
9.595833E0,,,,,
9.600000E0,2400,1.181677E1,-6.075164E0,1.325215E3,7.280051E2
9.604167E0,,,,,
9.608333E0,2402,1.185517E1,-6.057374E0,1.326400E3,7.274560E2
9.612500E0,,,,,
9.616667E0,2404,1.188833E1,-6.047578E0,1.327424E3,7.271536E2
9.620833E0,,,,,
9.625000E0,2406,1.193018E1,-6.051494E0,1.328715E3,7.272745E2
9.629167E0,,,,,
9.633333E0,2408,1.197958E1,-6.046891E0,1.330240E3,7.271324E2
9.637500E0,,,,,
9.641667E0,2410,1.201937E1,-6.029648E0,1.331468E3,7.266003E2
9.645833E0,,,,,
9.650000E0,2412,1.205643E1,-6.016785E0,1.332612E3,7.262033E2
9.654167E0,,,,,
9.658333E0,2414,1.210450E1,-6.032549E0,1.334096E3,7.266898E2
9.662500E0,,,,,
9.666667E0,2416,1.215039E1,-6.006699E0,1.335512E3,7.258919E2
9.670833E0,,,,,
9.675000E0,2418,1.217744E1,-6.015814E0,1.336347E3,7.261733E2
9.679167E0,,,,,
9.683333E0,2420,1.220912E1,-5.995586E0,1.337325E3,7.255489E2
9.687500E0,,,,,
9.691667E0,2422,1.222654E1,-6.001073E0,1.337862E3,7.257183E2
9.695833E0,,,,,
9.700000E0,2424,1.222913E1,-5.998555E0,1.337942E3,7.256406E2
9.704167E0,,,,,
9.708333E0,2426,1.224417E1,-6.007201E0,1.338406E3,7.259074E2
9.712500E0,,,,,
9.716667E0,2428,1.227500E1,-5.983532E0,1.339358E3,7.251769E2
9.720833E0,,,,,
9.725000E0,2430,1.227490E1,-5.984204E0,1.339355E3,7.251976E2
9.729167E0,,,,,
9.733333E0,2432,1.228582E1,-5.985766E0,1.339692E3,7.252459E2
9.737500E0,,,,,
9.741667E0,2434,1.231584E1,-5.992566E0,1.340619E3,7.254557E2
9.745833E0,,,,,
9.750000E0,2436,1.234425E1,-5.975610E0,1.341495E3,7.249324E2
9.754167E0,,,,,
9.758333E0,2438,1.238895E1,-5.964463E0,1.342875E3,7.245884E2
9.762500E0,,,,,
9.766667E0,2440,1.241596E1,-5.961468E0,1.343709E3,7.244959E2
9.770833E0,,,,,
9.775000E0,2442,1.247022E1,-5.960612E0,1.345383E3,7.244695E2
9.779167E0,,,,,
9.783333E0,2444,1.251680E1,-5.931968E0,1.346821E3,7.235854E2
9.787500E0,,,,,
9.791667E0,2446,1.255672E1,-5.928450E0,1.348053E3,7.234769E2
9.795833E0,,,,,
9.800000E0,2448,1.259608E1,-5.910209E0,1.349268E3,7.229139E2
9.804167E0,,,,,
9.808333E0,2450,1.264522E1,-5.896113E0,1.350785E3,7.224788E2
9.812500E0,,,,,
9.816667E0,2452,1.266251E1,-5.886466E0,1.351318E3,7.221811E2
9.820833E0,,,,,
9.825000E0,2454,1.267934E1,-5.875978E0,1.351838E3,7.218573E2
9.829167E0,,,,,
9.833333E0,2456,1.271262E1,-5.876101E0,1.352865E3,7.218611E2
9.837500E0,,,,,
9.841667E0,2458,1.271459E1,-5.865500E0,1.352926E3,7.215339E2
9.845833E0,,,,,
9.850000E0,2460,1.272742E1,-5.872237E0,1.353322E3,7.217419E2
9.854167E0,,,,,
9.858333E0,2462,1.273562E1,-5.863169E0,1.353575E3,7.214620E2
9.862500E0,,,,,
9.866667E0,2464,1.274763E1,-5.858504E0,1.353945E3,7.213180E2
9.870833E0,,,,,
9.875000E0,2466,1.277870E1,-5.856226E0,1.354904E3,7.212477E2
9.879167E0,,,,,
9.883333E0,2468,1.279141E1,-5.849331E0,1.355297E3,7.210349E2
9.887500E0,,,,,
9.891667E0,2470,1.282236E1,-5.834877E0,1.356252E3,7.205888E2
9.895833E0,,,,,
9.900000E0,2472,1.285227E1,-5.827628E0,1.357175E3,7.203651E2
9.904167E0,,,,,
9.908333E0,2474,1.288942E1,-5.817472E0,1.358322E3,7.200516E2
9.912500E0,,,,,
9.916667E0,2476,1.293782E1,-5.812162E0,1.359815E3,7.198877E2
9.920833E0,,,,,
9.925000E0,2478,1.297288E1,-5.795422E0,1.360897E3,7.193711E2
9.929167E0,,,,,
9.933333E0,2480,1.301897E1,-5.790236E0,1.362320E3,7.192110E2
9.937500E0,,,,,
9.941667E0,2482,1.305980E1,-5.765106E0,1.363580E3,7.184354E2
9.945833E0,,,,,
9.950000E0,2484,1.310219E1,-5.763549E0,1.364889E3,7.183873E2
9.954167E0,,,,,
9.958333E0,2486,1.312908E1,-5.761896E0,1.365719E3,7.183363E2
9.962500E0,,,,,
9.966667E0,2488,1.316055E1,-5.736666E0,1.366690E3,7.175576E2
9.970833E0,,,,,
9.975000E0,2490,1.318498E1,-5.738829E0,1.367444E3,7.176243E2
9.979167E0,,,,,
9.983333E0,2492,1.319803E1,-5.736542E0,1.367847E3,7.175538E2
9.987500E0,,,,,
9.991667E0,2494,1.321506E1,-5.732195E0,1.368372E3,7.174196E2
