,F,,,,,
t,frame,x,y,pixelx,pixely,
0.000000E0,96,2.003075E0,2.003680E0,1.022323E3,4.786580E2
4.166667E-3,,,,,
8.333333E-3,98,2.042295E0,1.962949E0,1.023534E3,4.799152E2
1.250000E-2,,,,,
1.666667E-2,100,2.079112E0,1.931509E0,1.024670E3,4.808855E2
2.083333E-2,,,,,
2.500000E-2,102,2.128655E0,1.906887E0,1.026199E3,4.816455E2
2.916667E-2,,,,,
3.333333E-2,104,2.182622E0,1.866947E0,1.027865E3,4.828782E2
3.750000E-2,,,,,
4.166667E-2,106,2.230658E0,1.825965E0,1.029347E3,4.841430E2
4.583333E-2,,,,,
5.000000E-2,108,2.288457E0,1.790232E0,1.031131E3,4.852459E2
5.416667E-2,,,,,
5.833333E-2,110,2.333138E0,1.743157E0,1.032510E3,4.866989E2
6.250000E-2,,,,,
6.666667E-2,112,2.365780E0,1.719218E0,1.033518E3,4.874377E2
7.083333E-2,,,,,
7.500000E-2,114,2.409551E0,1.697713E0,1.034869E3,4.881015E2
7.916667E-2,,,,,
8.333333E-2,116,2.418089E0,1.684614E0,1.035132E3,4.885058E2
8.750000E-2,,,,,
9.166667E-2,118,2.437253E0,1.661121E0,1.035724E3,4.892308E2
9.583333E-2,,,,,
1.000000E-1,120,2.461943E0,1.651498E0,1.036486E3,4.895279E2
1.041667E-1,,,,,
1.083333E-1,122,2.468594E0,1.659962E0,1.036691E3,4.892666E2
1.125000E-1,,,,,
1.166667E-1,124,2.488453E0,1.625215E0,1.037304E3,4.903390E2
1.208333E-1,,,,,
1.250000E-1,126,2.502933E0,1.606843E0,1.037751E3,4.909061E2
1.291667E-1,,,,,
1.333333E-1,128,2.543427E0,1.602777E0,1.039001E3,4.910316E2
1.375000E-1,,,,,
1.416667E-1,130,2.578433E0,1.572807E0,1.040081E3,4.919566E2
1.458333E-1,,,,,
1.500000E-1,132,2.618147E0,1.552726E0,1.041307E3,4.925764E2
1.541667E-1,,,,,
1.583333E-1,134,2.670816E0,1.516714E0,1.042933E3,4.936878E2
1.625000E-1,,,,,
1.666667E-1,136,2.714747E0,1.465126E0,1.044288E3,4.952801E2
1.708333E-1,,,,,
1.750000E-1,138,2.778923E0,1.441905E0,1.046269E3,4.959968E2
1.791667E-1,,,,,
1.833333E-1,140,2.833459E0,1.412514E0,1.047952E3,4.969039E2
1.875000E-1,,,,,
1.916667E-1,142,2.880065E0,1.368697E0,1.049391E3,4.982563E2
1.958333E-1,,,,,
2.000000E-1,144,2.924435E0,1.359638E0,1.050760E3,4.985359E2
2.041667E-1,,,,,
2.083333E-1,146,2.957148E0,1.345694E0,1.051770E3,4.989662E2
2.125000E-1,,,,,
2.166667E-1,148,2.973266E0,1.320994E0,1.052267E3,4.997286E2
2.208333E-1,,,,,
2.250000E-1,150,2.990083E0,1.300345E0,1.052787E3,5.003659E2
2.291667E-1,,,,,
2.333333E-1,152,3.010905E0,1.300589E0,1.053429E3,5.003584E2
2.375000E-1,,,,,
2.416667E-1,154,3.020269E0,1.287350E0,1.053718E3,5.007670E2
2.458333E-1,,,,,
2.500000E-1,156,3.048208E0,1.278145E0,1.054581E3,5.010511E2
2.541667E-1,,,,,
2.583333E-1,158,3.063445E0,1.265887E0,1.055051E3,5.014294E2
2.625000E-1,,,,,
2.666667E-1,160,3.095865E0,1.252574E0,1.056051E3,5.018403E2
2.708333E-1,,,,,
2.750000E-1,162,3.126173E0,1.220194E0,1.056987E3,5.028397E2
2.791667E-1,,,,,
2.833333E-1,164,3.185165E0,1.181944E0,1.058808E3,5.040203E2
2.875000E-1,,,,,
2.916667E-1,166,3.215993E0,1.146287E0,1.059759E3,5.051208E2
2.958333E-1,,,,,
3.000000E-1,168,3.270727E0,1.112481E0,1.061448E3,5.061642E2
3.041667E-1,,,,,
3.083333E-1,170,3.337781E0,1.074571E0,1.063518E3,5.073342E2
3.125000E-1,,,,,
3.166667E-1,172,3.374519E0,1.027273E0,1.064652E3,5.087940E2
3.208333E-1,,,,,
3.250000E-1,174,3.420477E0,9.835380E-1,1.066070E3,5.101439E2
3.291667E-1,,,,,
3.333333E-1,176,3.467610E0,9.724682E-1,1.067525E3,5.104856E2
3.375000E-1,,,,,
3.416667E-1,178,3.483630E0,9.216984E-1,1.068019E3,5.120525E2
3.458333E-1,,,,,
3.500000E-1,180,3.506592E0,9.165918E-1,1.068728E3,5.122101E2
3.541667E-1,,,,,
3.583333E-1,182,3.529798E0,8.879924E-1,1.069444E3,5.130928E2
3.625000E-1,,,,,
3.666667E-1,184,3.536690E0,8.998356E-1,1.069657E3,5.127273E2
3.708333E-1,,,,,
3.750000E-1,186,3.562186E0,8.781315E-1,1.070444E3,5.133972E2
3.791667E-1,,,,,
3.833333E-1,188,3.564636E0,8.642204E-1,1.070520E3,5.138265E2
3.875000E-1,,,,,
3.916667E-1,190,3.589393E0,8.540606E-1,1.071284E3,5.141401E2
3.958333E-1,,,,,
4.000000E-1,192,3.623402E0,8.255388E-1,1.072333E3,5.150204E2
4.041667E-1,,,,,
4.083333E-1,194,3.640585E0,8.005793E-1,1.072864E3,5.157908E2
4.125000E-1,,,,,
4.166667E-1,196,3.691827E0,7.699072E-1,1.074445E3,5.167374E2
4.208333E-1,,,,,
4.250000E-1,198,3.741572E0,7.259152E-1,1.075981E3,5.180952E2
4.291667E-1,,,,,
4.333333E-1,200,3.786233E0,6.897654E-1,1.077359E3,5.192109E2
4.375000E-1,,,,,
4.416667E-1,202,3.838351E0,6.478938E-1,1.078968E3,5.205033E2
4.458333E-1,,,,,
4.500000E-1,204,3.905220E0,6.061100E-1,1.081031E3,5.217929E2
4.541667E-1,,,,,
4.583333E-1,206,3.934458E0,5.693073E-1,1.081934E3,5.229288E2
4.625000E-1,,,,,
4.666667E-1,208,3.977803E0,5.390759E-1,1.083272E3,5.238619E2
4.708333E-1,,,,,
4.750000E-1,210,4.003793E0,5.054047E-1,1.084074E3,5.249011E2
4.791667E-1,,,,,
4.833333E-1,212,4.027449E0,4.969015E-1,1.084804E3,5.251635E2
4.875000E-1,,,,,
4.916667E-1,214,4.049503E0,4.706612E-1,1.085485E3,5.259734E2
4.958333E-1,,,,,
5.000000E-1,216,4.055130E0,4.561065E-1,1.085658E3,5.264226E2
5.041667E-1,,,,,
5.083333E-1,218,4.078377E0,4.595256E-1,1.086376E3,5.263171E2
5.125000E-1,,,,,
5.166667E-1,220,4.077380E0,4.391369E-1,1.086345E3,5.269464E2
5.208333E-1,,,,,
5.250000E-1,222,4.111196E0,4.333304E-1,1.087389E3,5.271256E2
5.291667E-1,,,,,
5.333333E-1,224,4.130053E0,4.093271E-1,1.087971E3,5.278664E2
5.375000E-1,,,,,
5.416667E-1,226,4.165397E0,3.751230E-1,1.089062E3,5.289221E2
5.458333E-1,,,,,
5.500000E-1,228,4.215125E0,3.372932E-1,1.090596E3,5.300897E2
5.541667E-1,,,,,
5.583333E-1,230,4.254656E0,3.124113E-1,1.091817E3,5.308577E2
5.625000E-1,,,,,
5.666667E-1,232,4.314350E0,2.696228E-1,1.093659E3,5.321783E2
5.708333E-1,,,,,
5.750000E-1,234,4.361044E0,2.238616E-1,1.095100E3,5.335907E2
5.791667E-1,,,,,
5.833333E-1,236,4.414170E0,2.002681E-1,1.096740E3,5.343189E2
5.875000E-1,,,,,
5.916667E-1,238,4.467300E0,1.717901E-1,1.098380E3,5.351978E2
5.958333E-1,,,,,
6.000000E-1,240,4.507299E0,1.500736E-1,1.099614E3,5.358681E2
6.041667E-1,,,,,
6.083333E-1,242,4.550973E0,1.310278E-1,1.100962E3,5.364559E2
6.125000E-1,,,,,
6.166667E-1,244,4.567190E0,1.132132E-1,1.101463E3,5.370058E2
6.208333E-1,,,,,
6.250000E-1,246,4.588959E0,8.663615E-2,1.102135E3,5.378260E2
6.291667E-1,,,,,
6.333333E-1,248,4.603156E0,8.517320E-2,1.102573E3,5.378712E2
6.375000E-1,,,,,
6.416667E-1,250,4.615630E0,7.788945E-2,1.102958E3,5.380960E2
6.458333E-1,,,,,
6.500000E-1,252,4.634555E0,6.556592E-2,1.103542E3,5.384764E2
6.541667E-1,,,,,
6.583333E-1,254,4.657000E0,5.192693E-2,1.104235E3,5.388973E2
6.625000E-1,,,,,
6.666667E-1,256,4.677538E0,2.275837E-2,1.104868E3,5.397976E2
6.708333E-1,,,,,
6.750000E-1,258,4.719291E0,1.171164E-2,1.106157E3,5.401385E2
6.791667E-1,,,,,
6.833333E-1,260,4.763615E0,-3.489464E-3,1.107525E3,5.406077E2
6.875000E-1,,,,,
6.916667E-1,262,4.818126E0,-3.987024E-2,1.109208E3,5.417306E2
6.958333E-1,,,,,
7.000000E-1,264,4.891061E0,-6.453426E-2,1.111459E3,5.424918E2
7.041667E-1,,,,,
7.083333E-1,266,4.945805E0,-1.038276E-1,1.113148E3,5.437046E2
7.125000E-1,,,,,
7.166667E-1,268,5.011959E0,-1.247709E-1,1.115190E3,5.443510E2
7.208333E-1,,,,,
7.250000E-1,270,5.047568E0,-1.567024E-1,1.116289E3,5.453365E2
7.291667E-1,,,,,
7.333333E-1,272,5.087671E0,-1.774789E-1,1.117527E3,5.459777E2
7.375000E-1,,,,,
7.416667E-1,274,5.130305E0,-2.020000E-1,1.118843E3,5.467346E2
7.458333E-1,,,,,
7.500000E-1,276,5.164870E0,-2.075286E-1,1.119910E3,5.469052E2
7.541667E-1,,,,,
7.583333E-1,278,5.166676E0,-2.155011E-1,1.119965E3,5.471513E2
7.625000E-1,,,,,
7.666667E-1,280,5.190702E0,-2.229781E-1,1.120707E3,5.473820E2
7.708333E-1,,,,,
7.750000E-1,282,5.196164E0,-2.392556E-1,1.120875E3,5.478844E2
7.791667E-1,,,,,
7.833333E-1,284,5.213565E0,-2.569006E-1,1.121412E3,5.484290E2
7.875000E-1,,,,,
7.916667E-1,286,5.236083E0,-2.569018E-1,1.122107E3,5.484291E2
7.958333E-1,,,,,
8.000000E-1,288,5.254162E0,-2.756738E-1,1.122665E3,5.490085E2
8.041667E-1,,,,,
8.083333E-1,290,5.316657E0,-2.984802E-1,1.124594E3,5.497124E2
8.125000E-1,,,,,
8.166667E-1,292,5.350907E0,-3.302985E-1,1.125651E3,5.506944E2
8.208333E-1,,,,,
8.250000E-1,294,5.421198E0,-3.498153E-1,1.127821E3,5.512968E2
8.291667E-1,,,,,
8.333333E-1,296,5.473036E0,-3.880123E-1,1.129421E3,5.524757E2
8.375000E-1,,,,,
8.416667E-1,298,5.524199E0,-4.218197E-1,1.131000E3,5.535191E2
8.458333E-1,,,,,
8.500000E-1,300,5.571858E0,-4.608732E-1,1.132471E3,5.547245E2
8.541667E-1,,,,,
8.583333E-1,302,5.640328E0,-4.868730E-1,1.134584E3,5.555269E2
8.625000E-1,,,,,
8.666667E-1,304,5.679372E0,-5.072437E-1,1.135789E3,5.561557E2
8.708333E-1,,,,,
8.750000E-1,306,5.701635E0,-5.153130E-1,1.136476E3,5.564047E2
8.791667E-1,,,,,
8.833333E-1,308,5.750716E0,-5.303391E-1,1.137991E3,5.568685E2
8.875000E-1,,,,,
8.916667E-1,310,5.753856E0,-5.483935E-1,1.138088E3,5.574257E2
8.958333E-1,,,,,
9.000000E-1,312,5.773360E0,-5.481874E-1,1.138690E3,5.574194E2
9.041667E-1,,,,,
9.083333E-1,314,5.782177E0,-5.585684E-1,1.138962E3,5.577398E2
9.125000E-1,,,,,
9.166667E-1,316,5.807549E0,-5.688535E-1,1.139745E3,5.580572E2
9.208333E-1,,,,,
9.250000E-1,318,5.822361E0,-5.763940E-1,1.140203E3,5.582899E2
9.291667E-1,,,,,
9.333333E-1,320,5.862917E0,-5.994435E-1,1.141454E3,5.590013E2
9.375000E-1,,,,,
9.416667E-1,322,5.900599E0,-6.102562E-1,1.142617E3,5.593351E2
9.458333E-1,,,,,
9.500000E-1,324,5.949041E0,-6.301824E-1,1.144112E3,5.599501E2
9.541667E-1,,,,,
9.583333E-1,326,5.999461E0,-6.615059E-1,1.145669E3,5.609168E2
9.625000E-1,,,,,
9.666667E-1,328,6.069185E0,-6.893809E-1,1.147821E3,5.617772E2
9.708333E-1,,,,,
9.750000E-1,330,6.120015E0,-7.066657E-1,1.149389E3,5.623107E2
9.791667E-1,,,,,
9.833333E-1,332,6.179818E0,-7.325451E-1,1.151235E3,5.631094E2
9.875000E-1,,,,,
9.916667E-1,334,6.234266E0,-7.620715E-1,1.152916E3,5.640207E2
9.958333E-1,,,,,
1.000000E0,336,6.275527E0,-7.704765E-1,1.154189E3,5.642801E2
1.004167E0,,,,,
1.008333E0,338,6.323718E0,-7.910872E-1,1.155676E3,5.649163E2
1.012500E0,,,,,
1.016667E0,340,6.341236E0,-7.964222E-1,1.156217E3,5.650809E2
1.020833E0,,,,,
1.025000E0,342,6.373123E0,-7.932860E-1,1.157201E3,5.649841E2
1.029167E0,,,,,
1.033333E0,344,6.391665E0,-8.049589E-1,1.157774E3,5.653444E2
1.037500E0,,,,,
1.041667E0,346,6.405500E0,-8.195873E-1,1.158201E3,5.657959E2
1.045833E0,,,,,
1.050000E0,348,6.426221E0,-8.238613E-1,1.158840E3,5.659278E2
1.054167E0,,,,,
1.058333E0,350,6.435734E0,-8.310369E-1,1.159134E3,5.661493E2
1.062500E0,,,,,
1.066667E0,352,6.477761E0,-8.449735E-1,1.160431E3,5.665794E2
1.070833E0,,,,,
1.075000E0,354,6.519032E0,-8.670556E-1,1.161705E3,5.672610E2
1.079167E0,,,,,
1.083333E0,356,6.577708E0,-8.742151E-1,1.163516E3,5.674819E2
1.087500E0,,,,,
1.091667E0,358,6.623689E0,-8.938365E-1,1.164935E3,5.680875E2
1.095833E0,,,,,
1.100000E0,360,6.689175E0,-9.115406E-1,1.166956E3,5.686340E2
1.104167E0,,,,,
1.108333E0,362,6.752150E0,-9.330724E-1,1.168900E3,5.692985E2
1.112500E0,,,,,
1.116667E0,364,6.832407E0,-9.464457E-1,1.171377E3,5.697113E2
1.120833E0,,,,,
1.125000E0,366,6.875573E0,-9.637172E-1,1.172709E3,5.702444E2
1.129167E0,,,,,
1.133333E0,368,6.919409E0,-9.839982E-1,1.174062E3,5.708703E2
1.137500E0,,,,,
1.141667E0,370,6.962398E0,-9.977367E-1,1.175389E3,5.712943E2
1.145833E0,,,,,
1.150000E0,372,6.977718E0,-1.010954E0,1.175862E3,5.717023E2
1.154167E0,,,,,
1.158333E0,374,6.989893E0,-1.022067E0,1.176237E3,5.720453E2
1.162500E0,,,,,
1.166667E0,376,7.015115E0,-1.026933E0,1.177016E3,5.721955E2
1.170833E0,,,,,
1.175000E0,378,7.030421E0,-1.033687E0,1.177488E3,5.724039E2
1.179167E0,,,,,
1.183333E0,380,7.042819E0,-1.034558E0,1.177871E3,5.724308E2
1.187500E0,,,,,
1.191667E0,382,7.071769E0,-1.045360E0,1.178764E3,5.727642E2
1.195833E0,,,,,
1.200000E0,384,7.103132E0,-1.069645E0,1.179732E3,5.735137E2
1.204167E0,,,,,
1.208333E0,386,7.146652E0,-1.081770E0,1.181076E3,5.738880E2
1.212500E0,,,,,
1.216667E0,388,7.193333E0,-1.116041E0,1.182516E3,5.749457E2
1.220833E0,,,,,
1.225000E0,390,7.250910E0,-1.134168E0,1.184294E3,5.755052E2
1.229167E0,,,,,
1.233333E0,392,7.299204E0,-1.175222E0,1.185784E3,5.767723E2
1.237500E0,,,,,
1.241667E0,394,7.360977E0,-1.192445E0,1.187691E3,5.773039E2
1.245833E0,,,,,
1.250000E0,396,7.421201E0,-1.222583E0,1.189549E3,5.782341E2
1.254167E0,,,,,
1.258333E0,398,7.472539E0,-1.243015E0,1.191134E3,5.788647E2
1.262500E0,,,,,
1.266667E0,400,7.520935E0,-1.256809E0,1.192628E3,5.792904E2
1.270833E0,,,,,
1.275000E0,402,7.550227E0,-1.270600E0,1.193532E3,5.797161E2
1.279167E0,,,,,
1.283333E0,404,7.584635E0,-1.301577E0,1.194594E3,5.806721E2
1.287500E0,,,,,
1.291667E0,406,7.598855E0,-1.302371E0,1.195033E3,5.806966E2
1.295833E0,,,,,
1.300000E0,408,7.617072E0,-1.315677E0,1.195595E3,5.811073E2
1.304167E0,,,,,
1.308333E0,410,7.626735E0,-1.333780E0,1.195893E3,5.816660E2
1.312500E0,,,,,
1.316667E0,412,7.642045E0,-1.333324E0,1.196366E3,5.816520E2
1.320833E0,,,,,
1.325000E0,414,7.666781E0,-1.343354E0,1.197129E3,5.819615E2
1.329167E0,,,,,
1.333333E0,416,7.702773E0,-1.373793E0,1.198240E3,5.829010E2
1.337500E0,,,,,
1.341667E0,418,7.744824E0,-1.392246E0,1.199538E3,5.834705E2
1.345833E0,,,,,
1.350000E0,420,7.776597E0,-1.418381E0,1.200518E3,5.842772E2
1.354167E0,,,,,
1.358333E0,422,7.829736E0,-1.447892E0,1.202159E3,5.851880E2
1.362500E0,,,,,
1.366667E0,424,7.889146E0,-1.497472E0,1.203992E3,5.867183E2
1.370833E0,,,,,
1.375000E0,426,7.938909E0,-1.531774E0,1.205528E3,5.877770E2
1.379167E0,,,,,
1.383333E0,428,7.983943E0,-1.560440E0,1.206918E3,5.886617E2
1.387500E0,,,,,
1.391667E0,430,8.032368E0,-1.604913E0,1.208413E3,5.900344E2
1.395833E0,,,,,
1.400000E0,432,8.082512E0,-1.626961E0,1.209960E3,5.907148E2
1.404167E0,,,,,
1.408333E0,434,8.108809E0,-1.649115E0,1.210772E3,5.913986E2
1.412500E0,,,,,
1.416667E0,436,8.136334E0,-1.665505E0,1.211621E3,5.919045E2
1.420833E0,,,,,
1.425000E0,438,8.159703E0,-1.685676E0,1.212343E3,5.925270E2
1.429167E0,,,,,
1.433333E0,440,8.162627E0,-1.705109E0,1.212433E3,5.931268E2
1.437500E0,,,,,
1.441667E0,442,8.170061E0,-1.705782E0,1.212662E3,5.931476E2
1.445833E0,,,,,
1.450000E0,444,8.194591E0,-1.714760E0,1.213419E3,5.934247E2
1.454167E0,,,,,
1.458333E0,446,8.224838E0,-1.740025E0,1.214353E3,5.942045E2
1.462500E0,,,,,
1.466667E0,448,8.247024E0,-1.757082E0,1.215038E3,5.947309E2
1.470833E0,,,,,
1.475000E0,450,8.263217E0,-1.783873E0,1.215538E3,5.955578E2
1.479167E0,,,,,
1.483333E0,452,8.295604E0,-1.828851E0,1.216537E3,5.969460E2
1.487500E0,,,,,
1.491667E0,454,8.352633E0,-1.861648E0,1.218297E3,5.979583E2
1.495833E0,,,,,
1.500000E0,456,8.392655E0,-1.917184E0,1.219533E3,5.996723E2
1.504167E0,,,,,
1.508333E0,458,8.447459E0,-1.965320E0,1.221224E3,6.011580E2
1.512500E0,,,,,
1.516667E0,460,8.469875E0,-2.017829E0,1.221916E3,6.027787E2
1.520833E0,,,,,
1.525000E0,462,8.532472E0,-2.048680E0,1.223848E3,6.037309E2
1.529167E0,,,,,
1.533333E0,464,8.553229E0,-2.089318E0,1.224489E3,6.049851E2
1.537500E0,,,,,
1.541667E0,466,8.577991E0,-2.120662E0,1.225253E3,6.059525E2
1.545833E0,,,,,
1.550000E0,468,8.595921E0,-2.139294E0,1.225806E3,6.065276E2
1.554167E0,,,,,
1.558333E0,470,8.609796E0,-2.161119E0,1.226234E3,6.072012E2
1.562500E0,,,,,
1.566667E0,472,8.626510E0,-2.177831E0,1.226750E3,6.077170E2
1.570833E0,,,,,
1.575000E0,474,8.625604E0,-2.191638E0,1.226722E3,6.081432E2
1.579167E0,,,,,
1.583333E0,476,8.645109E0,-2.201393E0,1.227324E3,6.084442E2
1.587500E0,,,,,
1.591667E0,478,8.659491E0,-2.218405E0,1.227768E3,6.089693E2
1.595833E0,,,,,
1.600000E0,480,8.674311E0,-2.265881E0,1.228226E3,6.104346E2
1.604167E0,,,,,
1.608333E0,482,8.710239E0,-2.280308E0,1.229335E3,6.108799E2
1.612500E0,,,,,
1.616667E0,484,8.735026E0,-2.338384E0,1.230100E3,6.126723E2
1.620833E0,,,,,
1.625000E0,486,8.785791E0,-2.386050E0,1.231666E3,6.141435E2
1.629167E0,,,,,
1.633333E0,488,8.816726E0,-2.434129E0,1.232621E3,6.156275E2
1.637500E0,,,,,
1.641667E0,490,8.867448E0,-2.483516E0,1.234187E3,6.171517E2
1.645833E0,,,,,
1.650000E0,492,8.904455E0,-2.531957E0,1.235329E3,6.186468E2
1.654167E0,,,,,
1.658333E0,494,8.931201E0,-2.586223E0,1.236154E3,6.203217E2
1.662500E0,,,,,
1.666667E0,496,8.951032E0,-2.622912E0,1.236766E3,6.214541E2
1.670833E0,,,,,
1.675000E0,498,8.976368E0,-2.647105E0,1.237548E3,6.222008E2
1.679167E0,,,,,
1.683333E0,500,8.987695E0,-2.681966E0,1.237898E3,6.232767E2
1.687500E0,,,,,
1.691667E0,502,9.014945E0,-2.700428E0,1.238739E3,6.238466E2
1.695833E0,,,,,
1.700000E0,504,9.012145E0,-2.703396E0,1.238653E3,6.239381E2
1.704167E0,,,,,
1.708333E0,506,9.034507E0,-2.726564E0,1.239343E3,6.246532E2
1.712500E0,,,,,
1.716667E0,508,9.034814E0,-2.737490E0,1.239352E3,6.249904E2
1.720833E0,,,,,
1.725000E0,510,9.048290E0,-2.760444E0,1.239768E3,6.256989E2
1.729167E0,,,,,
1.733333E0,512,9.074845E0,-2.791910E0,1.240588E3,6.266701E2
1.737500E0,,,,,
1.741667E0,514,9.092085E0,-2.818848E0,1.241120E3,6.275015E2
1.745833E0,,,,,
1.750000E0,516,9.133436E0,-2.872114E0,1.242396E3,6.291455E2
1.754167E0,,,,,
1.758333E0,518,9.155112E0,-2.916585E0,1.243065E3,6.305181E2
1.762500E0,,,,,
1.766667E0,520,9.197223E0,-2.978719E0,1.244365E3,6.324358E2
1.770833E0,,,,,
1.775000E0,522,9.234045E0,-3.032598E0,1.245501E3,6.340987E2
1.779167E0,,,,,
1.783333E0,524,9.273864E0,-3.080859E0,1.246730E3,6.355883E2
1.787500E0,,,,,
1.791667E0,526,9.296975E0,-3.139903E0,1.247444E3,6.374106E2
1.795833E0,,,,,
1.800000E0,528,9.330734E0,-3.180110E0,1.248486E3,6.386515E2
1.804167E0,,,,,
1.808333E0,530,9.343854E0,-3.223941E0,1.248891E3,6.400043E2
1.812500E0,,,,,
1.816667E0,532,9.350869E0,-3.227643E0,1.249107E3,6.401186E2
1.820833E0,,,,,
1.825000E0,534,9.364836E0,-3.250061E0,1.249538E3,6.408105E2
1.829167E0,,,,,
1.833333E0,536,9.384570E0,-3.273325E0,1.250147E3,6.415285E2
1.837500E0,,,,,
1.841667E0,538,9.391165E0,-3.274298E0,1.250351E3,6.415586E2
1.845833E0,,,,,
1.850000E0,540,9.402670E0,-3.301899E0,1.250706E3,6.424105E2
1.854167E0,,,,,
1.858333E0,542,9.423253E0,-3.326079E0,1.251341E3,6.431568E2
1.862500E0,,,,,
1.866667E0,544,9.455291E0,-3.334166E0,1.252330E3,6.434064E2
1.870833E0,,,,,
1.875000E0,546,9.473672E0,-3.380785E0,1.252897E3,6.448452E2
1.879167E0,,,,,
1.883333E0,548,9.502560E0,-3.428773E0,1.253789E3,6.463263E2
1.887500E0,,,,,
1.891667E0,550,9.535379E0,-3.464827E0,1.254802E3,6.474391E2
1.895833E0,,,,,
1.900000E0,552,9.578787E0,-3.521560E0,1.256142E3,6.491901E2
1.904167E0,,,,,
1.908333E0,554,9.629464E0,-3.583680E0,1.257706E3,6.511074E2
1.912500E0,,,,,
1.916667E0,556,9.664749E0,-3.618015E0,1.258795E3,6.521671E2
1.920833E0,,,,,
1.925000E0,558,9.697220E0,-3.678595E0,1.259797E3,6.540369E2
1.929167E0,,,,,
1.933333E0,560,9.718746E0,-3.712572E0,1.260461E3,6.550856E2
1.937500E0,,,,,
1.941667E0,562,9.751870E0,-3.748119E0,1.261484E3,6.561827E2
1.945833E0,,,,,
1.950000E0,564,9.759021E0,-3.755618E0,1.261704E3,6.564141E2
1.954167E0,,,,,
1.958333E0,566,9.788590E0,-3.781117E0,1.262617E3,6.572011E2
1.962500E0,,,,,
1.966667E0,568,9.785255E0,-3.799657E0,1.262514E3,6.577734E2
1.970833E0,,,,,
1.975000E0,570,9.809997E0,-3.803894E0,1.263278E3,6.579042E2
1.979167E0,,,,,
1.983333E0,572,9.820280E0,-3.829146E0,1.263595E3,6.586835E2
1.987500E0,,,,,
1.991667E0,574,9.842719E0,-3.846291E0,1.264288E3,6.592127E2
1.995833E0,,,,,
2.000000E0,576,9.851084E0,-3.880592E0,1.264546E3,6.602713E2
2.004167E0,,,,,
2.008333E0,578,9.879350E0,-3.907604E0,1.265418E3,6.611051E2
2.012500E0,,,,,
2.016667E0,580,9.908268E0,-3.947034E0,1.266311E3,6.623220E2
2.020833E0,,,,,
2.025000E0,582,9.944454E0,-4.004631E0,1.267428E3,6.640997E2
2.029167E0,,,,,
2.033333E0,584,9.988175E0,-4.049283E0,1.268777E3,6.654779E2
2.037500E0,,,,,
2.041667E0,586,1.002689E1,-4.115347E0,1.269972E3,6.675169E2
2.045833E0,,,,,
2.050000E0,588,1.005775E1,-4.162895E0,1.270924E3,6.689844E2
2.054167E0,,,,,
2.058333E0,590,1.009306E1,-4.205005E0,1.272014E3,6.702841E2
2.062500E0,,,,,
2.066667E0,592,1.012269E1,-4.233251E0,1.272929E3,6.711559E2
2.070833E0,,,,,
2.075000E0,594,1.014262E1,-4.272856E0,1.273544E3,6.723783E2
2.079167E0,,,,,
2.083333E0,596,1.016090E1,-4.303547E0,1.274108E3,6.733255E2
2.087500E0,,,,,
2.091667E0,598,1.017063E1,-4.324847E0,1.274408E3,6.739829E2
2.095833E0,,,,,
2.100000E0,600,1.017918E1,-4.336559E0,1.274672E3,6.743444E2
2.104167E0,,,,,
2.108333E0,602,1.019276E1,-4.352239E0,1.275091E3,6.748284E2
2.112500E0,,,,,
2.116667E0,604,1.020397E1,-4.365452E0,1.275437E3,6.752362E2
2.120833E0,,,,,
2.125000E0,606,1.022505E1,-4.391998E0,1.276088E3,6.760555E2
2.129167E0,,,,,
2.133333E0,608,1.023448E1,-4.420795E0,1.276379E3,6.769443E2
2.137500E0,,,,,
2.141667E0,610,1.026421E1,-4.459089E0,1.277297E3,6.781262E2
2.145833E0,,,,,
2.150000E0,612,1.029146E1,-4.495193E0,1.278138E3,6.792405E2
2.154167E0,,,,,
2.158333E0,614,1.033268E1,-4.545437E0,1.279410E3,6.807913E2
2.162500E0,,,,,
2.166667E0,616,1.036981E1,-4.591971E0,1.280556E3,6.822275E2
2.170833E0,,,,,
2.175000E0,618,1.041154E1,-4.641143E0,1.281844E3,6.837452E2
2.179167E0,,,,,
2.183333E0,620,1.044508E1,-4.688992E0,1.282879E3,6.852220E2
2.187500E0,,,,,
2.191667E0,622,1.049624E1,-4.743874E0,1.284458E3,6.869159E2
2.195833E0,,,,,
2.200000E0,624,1.051424E1,-4.792899E0,1.285014E3,6.884290E2
2.204167E0,,,,,
2.208333E0,626,1.053245E1,-4.820234E0,1.285576E3,6.892727E2
2.212500E0,,,,,
2.216667E0,628,1.055748E1,-4.846843E0,1.286348E3,6.900939E2
2.220833E0,,,,,
2.225000E0,630,1.057158E1,-4.864270E0,1.286783E3,6.906318E2
2.229167E0,,,,,
2.233333E0,632,1.057982E1,-4.874725E0,1.287038E3,6.909545E2
2.237500E0,,,,,
2.241667E0,634,1.058531E1,-4.890652E0,1.287207E3,6.914460E2
2.245833E0,,,,,
2.250000E0,636,1.060168E1,-4.897603E0,1.287712E3,6.916606E2
2.254167E0,,,,,
2.258333E0,638,1.061794E1,-4.927405E0,1.288214E3,6.925804E2
2.262500E0,,,,,
2.266667E0,640,1.063892E1,-4.939102E0,1.288862E3,6.929414E2
2.270833E0,,,,,
2.275000E0,642,1.066484E1,-4.991617E0,1.289662E3,6.945623E2
2.279167E0,,,,,
2.283333E0,644,1.071263E1,-5.025196E0,1.291137E3,6.955986E2
2.287500E0,,,,,
2.291667E0,646,1.074487E1,-5.074576E0,1.292132E3,6.971227E2
2.295833E0,,,,,
2.300000E0,648,1.078609E1,-5.118970E0,1.293404E3,6.984929E2
2.304167E0,,,,,
2.308333E0,650,1.081827E1,-5.174372E0,1.294397E3,7.002028E2
2.312500E0,,,,,
2.316667E0,652,1.086357E1,-5.216713E0,1.295795E3,7.015097E2
2.320833E0,,,,,
2.325000E0,654,1.090365E1,-5.267540E0,1.297032E3,7.030784E2
2.329167E0,,,,,
2.333333E0,656,1.094186E1,-5.304892E0,1.298212E3,7.042312E2
2.337500E0,,,,,
2.341667E0,658,1.095497E1,-5.334106E0,1.298616E3,7.051329E2
2.345833E0,,,,,
2.350000E0,660,1.097373E1,-5.353914E0,1.299195E3,7.057443E2
2.354167E0,,,,,
2.358333E0,662,1.097477E1,-5.384031E0,1.299227E3,7.066738E2
2.362500E0,,,,,
2.366667E0,664,1.099064E1,-5.401400E0,1.299717E3,7.072099E2
2.370833E0,,,,,
2.375000E0,666,1.100969E1,-5.409274E0,1.300305E3,7.074529E2
2.379167E0,,,,,
2.383333E0,668,1.101114E1,-5.423529E0,1.300350E3,7.078929E2
2.387500E0,,,,,
2.391667E0,670,1.103799E1,-5.444595E0,1.301179E3,7.085431E2
2.395833E0,,,,,
2.400000E0,672,1.105511E1,-5.469639E0,1.301707E3,7.093160E2
2.404167E0,,,,,
2.408333E0,674,1.110292E1,-5.498480E0,1.303183E3,7.102062E2
2.412500E0,,,,,
2.416667E0,676,1.111792E1,-5.545890E0,1.303646E3,7.116695E2
2.420833E0,,,,,
2.425000E0,678,1.115748E1,-5.589236E0,1.304867E3,7.130073E2
2.429167E0,,,,,
2.433333E0,680,1.121021E1,-5.641393E0,1.306494E3,7.146171E2
2.437500E0,,,,,
2.441667E0,682,1.124603E1,-5.700730E0,1.307600E3,7.164485E2
2.445833E0,,,,,
2.450000E0,684,1.127624E1,-5.739394E0,1.308532E3,7.176418E2
2.454167E0,,,,,
2.458333E0,686,1.131402E1,-5.795955E0,1.309698E3,7.193875E2
2.462500E0,,,,,
2.466667E0,688,1.135630E1,-5.815211E0,1.311003E3,7.199818E2
2.470833E0,,,,,
2.475000E0,690,1.137643E1,-5.862234E0,1.311624E3,7.214331E2
2.479167E0,,,,,
2.483333E0,692,1.138695E1,-5.877745E0,1.311949E3,7.219119E2
2.487500E0,,,,,
2.491667E0,694,1.140107E1,-5.897910E0,1.312385E3,7.225343E2
2.495833E0,,,,,
2.500000E0,696,1.141967E1,-5.922857E0,1.312959E3,7.233042E2
2.504167E0,,,,,
2.508333E0,698,1.142996E1,-5.932533E0,1.313277E3,7.236029E2
2.512500E0,,,,,
2.516667E0,700,1.142405E1,-5.934103E0,1.313094E3,7.236513E2
2.520833E0,,,,,
2.525000E0,702,1.144493E1,-5.960609E0,1.313739E3,7.244694E2
2.529167E0,,,,,
2.533333E0,704,1.146753E1,-5.991944E0,1.314436E3,7.254365E2
2.537500E0,,,,,
2.541667E0,706,1.149457E1,-6.026203E0,1.315271E3,7.264939E2
2.545833E0,,,,,
2.550000E0,708,1.152780E1,-6.068908E0,1.316296E3,7.278120E2
2.554167E0,,,,,
2.558333E0,710,1.155425E1,-6.118661E0,1.317113E3,7.293476E2
2.562500E0,,,,,
2.566667E0,712,1.160551E1,-6.164831E0,1.318695E3,7.307726E2
2.570833E0,,,,,
2.575000E0,714,1.164162E1,-6.210919E0,1.319809E3,7.321950E2
2.579167E0,,,,,
2.583333E0,716,1.167242E1,-6.283505E0,1.320760E3,7.344353E2
2.587500E0,,,,,
2.591667E0,718,1.171034E1,-6.315877E0,1.321930E3,7.354345E2
2.595833E0,,,,,
2.600000E0,720,1.174737E1,-6.364172E0,1.323073E3,7.369251E2
2.604167E0,,,,,
2.608333E0,722,1.175794E1,-6.398130E0,1.323400E3,7.379731E2
2.612500E0,,,,,
2.616667E0,724,1.178887E1,-6.413052E0,1.324354E3,7.384337E2
2.620833E0,,,,,
2.625000E0,726,1.179123E1,-6.432342E0,1.324427E3,7.390291E2
2.629167E0,,,,,
2.633333E0,728,1.181463E1,-6.446737E0,1.325149E3,7.394734E2
2.637500E0,,,,,
2.641667E0,730,1.181942E1,-6.466570E0,1.325297E3,7.400855E2
2.645833E0,,,,,
2.650000E0,732,1.183208E1,-6.462204E0,1.325688E3,7.399507E2
2.654167E0,,,,,
2.658333E0,734,1.185938E1,-6.487016E0,1.326530E3,7.407166E2
2.662500E0,,,,,
2.666667E0,736,1.187394E1,-6.513401E0,1.326980E3,7.415309E2
2.670833E0,,,,,
2.675000E0,738,1.189451E1,-6.552664E0,1.327615E3,7.427427E2
2.679167E0,,,,,
2.683333E0,740,1.193746E1,-6.606116E0,1.328940E3,7.443925E2
2.687500E0,,,,,
2.691667E0,742,1.198199E1,-6.629685E0,1.330315E3,7.451199E2
2.695833E0,,,,,
2.700000E0,744,1.202932E1,-6.684007E0,1.331775E3,7.467965E2
2.704167E0,,,,,
2.708333E0,746,1.206198E1,-6.741230E0,1.332783E3,7.485627E2
2.712500E0,,,,,
2.716667E0,748,1.212058E1,-6.775763E0,1.334592E3,7.496285E2
2.720833E0,,,,,
2.725000E0,750,1.213748E1,-6.833416E0,1.335114E3,7.514079E2
2.729167E0,,,,,
2.733333E0,752,1.217319E1,-6.847957E0,1.336216E3,7.518567E2
2.737500E0,,,,,
2.741667E0,754,1.219772E1,-6.895810E0,1.336973E3,7.533336E2
2.745833E0,,,,,
2.750000E0,756,1.222685E1,-6.923356E0,1.337872E3,7.541838E2
2.754167E0,,,,,
2.758333E0,758,1.223194E1,-6.943171E0,1.338029E3,7.547954E2
2.762500E0,,,,,
2.766667E0,760,1.225446E1,-6.962307E0,1.338724E3,7.553860E2
2.770833E0,,,,,
2.775000E0,762,1.225219E1,-6.953906E0,1.338654E3,7.551267E2
2.779167E0,,,,,
2.783333E0,764,1.227701E1,-6.979774E0,1.339420E3,7.559251E2
2.787500E0,,,,,
2.791667E0,766,1.228152E1,-7.000206E0,1.339559E3,7.565557E2
2.795833E0,,,,,
2.800000E0,768,1.229988E1,-7.034004E0,1.340126E3,7.575989E2
2.804167E0,,,,,
2.808333E0,770,1.233503E1,-7.056086E0,1.341211E3,7.582804E2
2.812500E0,,,,,
2.816667E0,772,1.235693E1,-7.109115E0,1.341887E3,7.599171E2
2.820833E0,,,,,
2.825000E0,774,1.240790E1,-7.143177E0,1.343460E3,7.609684E2
2.829167E0,,,,,
2.833333E0,776,1.244861E1,-7.200226E0,1.344716E3,7.627292E2
2.837500E0,,,,,
2.841667E0,778,1.249686E1,-7.244271E0,1.346206E3,7.640886E2
2.845833E0,,,,,
2.850000E0,780,1.254718E1,-7.286937E0,1.347759E3,7.654055E2
2.854167E0,,,,,
2.858333E0,782,1.258176E1,-7.339884E0,1.348826E3,7.670396E2
2.862500E0,,,,,
2.866667E0,784,1.261852E1,-7.367139E0,1.349961E3,7.678808E2
2.870833E0,,,,,
2.875000E0,786,1.263995E1,-7.399645E0,1.350622E3,7.688841E2
2.879167E0,,,,,
2.883333E0,788,1.265766E1,-7.421883E0,1.351168E3,7.695705E2
2.887500E0,,,,,
2.891667E0,790,1.268428E1,-7.436711E0,1.351990E3,7.700281E2
2.895833E0,,,,,
2.900000E0,792,1.267607E1,-7.452780E0,1.351737E3,7.705241E2
2.904167E0,,,,,
2.908333E0,794,1.270920E1,-7.466466E0,1.352759E3,7.709465E2
2.912500E0,,,,,
2.916667E0,796,1.271442E1,-7.469167E0,1.352920E3,7.710298E2
2.920833E0,,,,,
2.925000E0,798,1.273197E1,-7.480772E0,1.353462E3,7.713880E2
2.929167E0,,,,,
2.933333E0,800,1.276965E1,-7.515040E0,1.354625E3,7.724457E2
2.937500E0,,,,,
2.941667E0,802,1.279208E1,-7.553896E0,1.355317E3,7.736449E2
2.945833E0,,,,,
2.950000E0,804,1.283399E1,-7.581823E0,1.356611E3,7.745069E2
2.954167E0,,,,,
2.958333E0,806,1.288516E1,-7.626242E0,1.358190E3,7.758778E2
2.962500E0,,,,,
2.966667E0,808,1.287862E1,-7.630682E0,1.357988E3,7.760149E2
2.970833E0,,,,,
2.975000E0,810,1.283344E1,-7.579819E0,1.356594E3,7.744450E2
2.979167E0,,,,,
2.983333E0,812,1.277751E1,-7.527955E0,1.354868E3,7.728443E2
2.987500E0,,,,,
2.991667E0,814,1.274229E1,-7.480259E0,1.353780E3,7.713722E2
2.995833E0,,,,,
3.000000E0,816,1.270867E1,-7.440910E0,1.352743E3,7.701577E2
3.004167E0,,,,,
3.008333E0,818,1.268804E1,-7.423620E0,1.352106E3,7.696241E2
3.012500E0,,,,,
3.016667E0,820,1.266571E1,-7.400900E0,1.351417E3,7.689229E2
3.020833E0,,,,,
3.025000E0,822,1.265167E1,-7.386195E0,1.350984E3,7.684690E2
3.029167E0,,,,,
3.033333E0,824,1.264705E1,-7.376129E0,1.350841E3,7.681583E2
3.037500E0,,,,,
3.041667E0,826,1.261902E1,-7.355801E0,1.349976E3,7.675309E2
3.045833E0,,,,,
3.050000E0,828,1.260437E1,-7.339402E0,1.349524E3,7.670248E2
3.054167E0,,,,,
3.058333E0,830,1.259378E1,-7.320189E0,1.349197E3,7.664318E2
3.062500E0,,,,,
3.066667E0,832,1.258002E1,-7.291721E0,1.348772E3,7.655531E2
3.070833E0,,,,,
3.075000E0,834,1.254778E1,-7.256276E0,1.347777E3,7.644591E2
3.079167E0,,,,,
3.083333E0,836,1.252190E1,-7.222870E0,1.346978E3,7.634281E2
3.087500E0,,,,,
3.091667E0,838,1.248274E1,-7.173930E0,1.345770E3,7.619176E2
3.095833E0,,,,,
3.100000E0,840,1.244859E1,-7.119626E0,1.344716E3,7.602415E2
3.104167E0,,,,,
3.108333E0,842,1.240613E1,-7.059601E0,1.343405E3,7.583889E2
3.112500E0,,,,,
3.116667E0,844,1.236577E1,-7.010659E0,1.342159E3,7.568783E2
3.120833E0,,,,,
3.125000E0,846,1.233382E1,-6.966113E0,1.341174E3,7.555035E2
3.129167E0,,,,,
3.133333E0,848,1.229961E1,-6.922970E0,1.340117E3,7.541719E2
3.137500E0,,,,,
3.141667E0,850,1.227647E1,-6.894324E0,1.339403E3,7.532878E2
3.145833E0,,,,,
3.150000E0,852,1.225896E1,-6.867154E0,1.338863E3,7.524492E2
3.154167E0,,,,,
3.158333E0,854,1.224535E1,-6.852125E0,1.338443E3,7.519853E2
3.162500E0,,,,,
3.166667E0,856,1.223092E1,-6.836586E0,1.337998E3,7.515057E2
3.170833E0,,,,,
3.175000E0,858,1.222895E1,-6.829836E0,1.337937E3,7.512974E2
3.179167E0,,,,,
3.183333E0,860,1.220544E1,-6.805270E0,1.337211E3,7.505392E2
3.187500E0,,,,,
3.191667E0,862,1.220208E1,-6.799140E0,1.337107E3,7.503500E2
3.195833E0,,,,,
3.200000E0,864,1.216527E1,-6.774111E0,1.335971E3,7.495775E2
3.204167E0,,,,,
3.208333E0,866,1.215189E1,-6.717535E0,1.335558E3,7.478313E2
3.212500E0,,,,,
3.216667E0,868,1.211905E1,-6.682619E0,1.334545E3,7.467537E2
3.220833E0,,,,,
3.225000E0,870,1.209358E1,-6.627484E0,1.333759E3,7.450520E2
3.229167E0,,,,,
3.233333E0,872,1.206112E1,-6.576560E0,1.332757E3,7.434802E2
3.237500E0,,,,,
3.241667E0,874,1.201075E1,-6.530155E0,1.331202E3,7.420480E2
3.245833E0,,,,,
3.250000E0,876,1.196780E1,-6.474263E0,1.329876E3,7.403229E2
3.254167E0,,,,,
3.258333E0,878,1.194160E1,-6.425494E0,1.329068E3,7.388177E2
3.262500E0,,,,,
3.266667E0,880,1.190699E1,-6.374390E0,1.328000E3,7.372404E2
3.270833E0,,,,,
3.275000E0,882,1.189502E1,-6.346062E0,1.327630E3,7.363661E2
3.279167E0,,,,,
3.283333E0,884,1.188001E1,-6.327218E0,1.327167E3,7.357845E2
3.287500E0,,,,,
3.291667E0,886,1.186205E1,-6.317581E0,1.326613E3,7.354871E2
3.295833E0,,,,,
3.300000E0,888,1.185568E1,-6.303843E0,1.326416E3,7.350631E2
3.304167E0,,,,,
3.308333E0,890,1.184100E1,-6.294364E0,1.325963E3,7.347705E2
3.312500E0,,,,,
3.316667E0,892,1.183045E1,-6.263586E0,1.325637E3,7.338205E2
3.320833E0,,,,,
3.325000E0,894,1.181994E1,-6.242911E0,1.325313E3,7.331824E2
3.329167E0,,,,,
3.333333E0,896,1.178990E1,-6.210935E0,1.324386E3,7.321955E2
3.337500E0,,,,,
3.341667E0,898,1.176835E1,-6.181200E0,1.323721E3,7.312778E2
3.345833E0,,,,,
3.350000E0,900,1.173701E1,-6.141017E0,1.322753E3,7.300376E2
3.354167E0,,,,,
3.358333E0,902,1.169174E1,-6.092185E0,1.321356E3,7.285304E2
3.362500E0,,,,,
3.366667E0,904,1.165181E1,-6.042949E0,1.320124E3,7.270108E2
3.370833E0,,,,,
3.375000E0,906,1.161060E1,-5.991727E0,1.318852E3,7.254298E2
3.379167E0,,,,,
3.383333E0,908,1.157126E1,-5.944730E0,1.317638E3,7.239793E2
3.387500E0,,,,,
3.391667E0,910,1.152483E1,-5.908428E0,1.316205E3,7.228589E2
3.395833E0,,,,,
3.400000E0,912,1.149909E1,-5.860521E0,1.315410E3,7.213803E2
3.404167E0,,,,,
3.408333E0,914,1.147169E1,-5.847054E0,1.314565E3,7.209646E2
3.412500E0,,,,,
3.416667E0,916,1.144280E1,-5.826657E0,1.313673E3,7.203351E2
3.420833E0,,,,,
3.425000E0,918,1.142879E1,-5.809924E0,1.313240E3,7.198186E2
3.429167E0,,,,,
3.433333E0,920,1.141170E1,-5.795269E0,1.312713E3,7.193663E2
3.437500E0,,,,,
3.441667E0,922,1.140098E1,-5.787227E0,1.312382E3,7.191181E2
3.445833E0,,,,,
3.450000E0,924,1.138838E1,-5.760312E0,1.311993E3,7.182874E2
3.454167E0,,,,,
3.458333E0,926,1.136506E1,-5.763453E0,1.311273E3,7.183843E2
3.462500E0,,,,,
3.466667E0,928,1.133145E1,-5.730458E0,1.310236E3,7.173660E2
3.470833E0,,,,,
3.475000E0,930,1.130306E1,-5.698806E0,1.309360E3,7.163891E2
3.479167E0,,,,,
3.483333E0,932,1.127362E1,-5.665665E0,1.308451E3,7.153662E2
3.487500E0,,,,,
3.491667E0,934,1.122727E1,-5.622704E0,1.307021E3,7.140402E2
3.495833E0,,,,,
3.500000E0,936,1.116650E1,-5.594012E0,1.305145E3,7.131547E2
3.504167E0,,,,,
3.508333E0,938,1.112588E1,-5.542559E0,1.303891E3,7.115666E2
3.512500E0,,,,,
3.516667E0,940,1.107963E1,-5.480281E0,1.302464E3,7.096445E2
3.520833E0,,,,,
3.525000E0,942,1.102873E1,-5.457808E0,1.300893E3,7.089509E2
3.529167E0,,,,,
3.533333E0,944,1.099392E1,-5.417553E0,1.299819E3,7.077084E2
3.537500E0,,,,,
3.541667E0,946,1.095348E1,-5.407525E0,1.298570E3,7.073989E2
3.545833E0,,,,,
3.550000E0,948,1.093900E1,-5.379620E0,1.298123E3,7.065377E2
3.554167E0,,,,,
3.558333E0,950,1.093241E1,-5.369349E0,1.297920E3,7.062207E2
3.562500E0,,,,,
3.566667E0,952,1.091239E1,-5.357660E0,1.297302E3,7.058599E2
3.570833E0,,,,,
3.575000E0,954,1.089082E1,-5.362273E0,1.296636E3,7.060023E2
3.579167E0,,,,,
3.583333E0,956,1.089338E1,-5.331236E0,1.296716E3,7.050443E2
3.587500E0,,,,,
3.591667E0,958,1.085539E1,-5.313214E0,1.295543E3,7.044881E2
3.595833E0,,,,,
3.600000E0,960,1.083828E1,-5.297819E0,1.295015E3,7.040129E2
3.604167E0,,,,,
3.608333E0,962,1.080326E1,-5.267821E0,1.293934E3,7.030871E2
3.612500E0,,,,,
3.616667E0,964,1.077297E1,-5.224713E0,1.292999E3,7.017566E2
3.620833E0,,,,,
3.625000E0,966,1.071718E1,-5.192948E0,1.291277E3,7.007762E2
3.629167E0,,,,,
3.633333E0,968,1.066048E1,-5.160949E0,1.289527E3,6.997885E2
3.637500E0,,,,,
3.641667E0,970,1.060912E1,-5.111218E0,1.287942E3,6.982536E2
3.645833E0,,,,,
3.650000E0,972,1.056417E1,-5.061785E0,1.286555E3,6.967279E2
3.654167E0,,,,,
3.658333E0,974,1.051851E1,-5.033863E0,1.285145E3,6.958661E2
3.662500E0,,,,,
3.666667E0,976,1.048278E1,-4.993472E0,1.284043E3,6.946195E2
3.670833E0,,,,,
3.675000E0,978,1.046372E1,-4.970075E0,1.283454E3,6.938974E2
3.679167E0,,,,,
3.683333E0,980,1.042862E1,-4.951016E0,1.282371E3,6.933091E2
3.687500E0,,,,,
3.691667E0,982,1.040900E1,-4.942166E0,1.281766E3,6.930360E2
3.695833E0,,,,,
3.700000E0,984,1.039970E1,-4.925051E0,1.281478E3,6.925077E2
3.704167E0,,,,,
3.708333E0,986,1.039083E1,-4.900856E0,1.281205E3,6.917610E2
3.712500E0,,,,,
3.716667E0,988,1.037499E1,-4.914731E0,1.280716E3,6.921892E2
3.720833E0,,,,,
3.725000E0,990,1.035887E1,-4.885376E0,1.280218E3,6.912832E2
3.729167E0,,,,,
3.733333E0,992,1.033969E1,-4.866178E0,1.279626E3,6.906907E2
3.737500E0,,,,,
3.741667E0,994,1.028009E1,-4.833321E0,1.277787E3,6.896766E2
3.745833E0,,,,,
3.750000E0,996,1.025153E1,-4.804913E0,1.276905E3,6.887998E2
3.754167E0,,,,,
3.758333E0,998,1.020515E1,-4.766192E0,1.275474E3,6.876047E2
3.762500E0,,,,,
3.766667E0,1000,1.015460E1,-4.734420E0,1.273914E3,6.866241E2
3.770833E0,,,,,
3.775000E0,1002,1.010145E1,-4.680249E0,1.272273E3,6.849521E2
3.779167E0,,,,,
3.783333E0,1004,1.005848E1,-4.641964E0,1.270947E3,6.837705E2
3.787500E0,,,,,
3.791667E0,1006,1.001349E1,-4.602897E0,1.269558E3,6.825647E2
3.795833E0,,,,,
3.800000E0,1008,9.973005E0,-4.567360E0,1.268309E3,6.814679E2
3.804167E0,,,,,
3.808333E0,1010,9.927736E0,-4.546498E0,1.266912E3,6.808240E2
3.812500E0,,,,,
3.816667E0,1012,9.920156E0,-4.542881E0,1.266678E3,6.807124E2
3.820833E0,,,,,
3.825000E0,1014,9.896477E0,-4.521642E0,1.265947E3,6.800569E2
3.829167E0,,,,,
3.833333E0,1016,9.888348E0,-4.514373E0,1.265696E3,6.798325E2
3.837500E0,,,,,
3.841667E0,1018,9.869686E0,-4.501703E0,1.265120E3,6.794415E2
3.845833E0,,,,,
3.850000E0,1020,9.849771E0,-4.488458E0,1.264505E3,6.790327E2
3.854167E0,,,,,
3.858333E0,1022,9.838556E0,-4.473913E0,1.264159E3,6.785837E2
3.862500E0,,,,,
3.866667E0,1024,9.812612E0,-4.451550E0,1.263358E3,6.778935E2
3.870833E0,,,,,
3.875000E0,1026,9.764973E0,-4.419298E0,1.261888E3,6.768981E2
3.879167E0,,,,,
3.883333E0,1028,9.731575E0,-4.374537E0,1.260857E3,6.755166E2
3.887500E0,,,,,
3.891667E0,1030,9.680842E0,-4.352950E0,1.259291E3,6.748503E2
3.895833E0,,,,,
3.900000E0,1032,9.623468E0,-4.325682E0,1.257521E3,6.740087E2
3.904167E0,,,,,
3.908333E0,1034,9.572033E0,-4.279708E0,1.255933E3,6.725898E2
3.912500E0,,,,,
3.916667E0,1036,9.527887E0,-4.226091E0,1.254571E3,6.709349E2
3.920833E0,,,,,
3.925000E0,1038,9.468152E0,-4.204478E0,1.252727E3,6.702678E2
3.929167E0,,,,,
3.933333E0,1040,9.430408E0,-4.179070E0,1.251562E3,6.694836E2
3.937500E0,,,,,
3.941667E0,1042,9.397353E0,-4.175327E0,1.250542E3,6.693681E2
3.945833E0,,,,,
3.950000E0,1044,9.363108E0,-4.150882E0,1.249485E3,6.686136E2
3.954167E0,,,,,
3.958333E0,1046,9.353200E0,-4.138614E0,1.249179E3,6.682350E2
3.962500E0,,,,,
3.966667E0,1048,9.322054E0,-4.134272E0,1.248218E3,6.681010E2
3.970833E0,,,,,
3.975000E0,1050,9.318029E0,-4.111560E0,1.248093E3,6.674000E2
3.979167E0,,,,,
3.983333E0,1052,9.306407E0,-4.112030E0,1.247735E3,6.674145E2
3.987500E0,,,,,
3.991667E0,1054,9.280699E0,-4.090753E0,1.246941E3,6.667578E2
3.995833E0,,,,,
4.000000E0,1056,9.246359E0,-4.081613E0,1.245881E3,6.664757E2
4.004167E0,,,,,
4.008333E0,1058,9.221573E0,-4.048919E0,1.245116E3,6.654666E2
4.012500E0,,,,,
4.016667E0,1060,9.176000E0,-4.025524E0,1.243710E3,6.647446E2
4.020833E0,,,,,
4.025000E0,1062,9.123355E0,-3.996077E0,1.242085E3,6.638357E2
4.029167E0,,,,,
4.033333E0,1064,9.062720E0,-3.955841E0,1.240214E3,6.625939E2
4.037500E0,,,,,
4.041667E0,1066,9.006532E0,-3.927639E0,1.238479E3,6.617234E2
4.045833E0,,,,,
4.050000E0,1068,8.950529E0,-3.882677E0,1.236751E3,6.603357E2
4.054167E0,,,,,
4.058333E0,1070,8.901287E0,-3.867212E0,1.235231E3,6.598584E2
4.062500E0,,,,,
4.066667E0,1072,8.861217E0,-3.833475E0,1.233994E3,6.588171E2
4.070833E0,,,,,
4.075000E0,1074,8.833163E0,-3.811672E0,1.233128E3,6.581442E2
4.079167E0,,,,,
4.083333E0,1076,8.798531E0,-3.797406E0,1.232060E3,6.577039E2
4.087500E0,,,,,
4.091667E0,1078,8.786601E0,-3.786125E0,1.231691E3,6.573557E2
4.095833E0,,,,,
4.100000E0,1080,8.764773E0,-3.778366E0,1.231018E3,6.571162E2
4.104167E0,,,,,
4.108333E0,1082,8.761152E0,-3.762911E0,1.230906E3,6.566392E2
4.112500E0,,,,,
4.116667E0,1084,8.743400E0,-3.750683E0,1.230358E3,6.562618E2
4.120833E0,,,,,
4.125000E0,1086,8.718712E0,-3.740137E0,1.229596E3,6.559363E2
4.129167E0,,,,,
4.133333E0,1088,8.687778E0,-3.721487E0,1.228641E3,6.553607E2
4.137500E0,,,,,
4.141667E0,1090,8.658859E0,-3.697013E0,1.227749E3,6.546054E2
4.145833E0,,,,,
4.150000E0,1092,8.606751E0,-3.667862E0,1.226140E3,6.537056E2
4.154167E0,,,,,
4.158333E0,1094,8.551707E0,-3.630529E0,1.224442E3,6.525534E2
4.162500E0,,,,,
4.166667E0,1096,8.496814E0,-3.602143E0,1.222747E3,6.516772E2
4.170833E0,,,,,
4.175000E0,1098,8.446625E0,-3.576615E0,1.221198E3,6.508893E2
4.179167E0,,,,,
4.183333E0,1100,8.383066E0,-3.520513E0,1.219237E3,6.491578E2
4.187500E0,,,,,
4.191667E0,1102,8.339490E0,-3.501249E0,1.217892E3,6.485632E2
4.195833E0,,,,,
4.200000E0,1104,8.303627E0,-3.480532E0,1.216785E3,6.479238E2
4.204167E0,,,,,
4.208333E0,1106,8.276638E0,-3.448019E0,1.215952E3,6.469204E2
4.212500E0,,,,,
4.216667E0,1108,8.239197E0,-3.439070E0,1.214796E3,6.466441E2
4.220833E0,,,,,
4.225000E0,1110,8.229432E0,-3.424337E0,1.214495E3,6.461894E2
4.229167E0,,,,,
4.233333E0,1112,8.212555E0,-3.396829E0,1.213974E3,6.453404E2
4.237500E0,,,,,
4.241667E0,1114,8.204935E0,-3.389881E0,1.213739E3,6.451260E2
4.245833E0,,,,,
4.250000E0,1116,8.186650E0,-3.384709E0,1.213174E3,6.449663E2
4.254167E0,,,,,
4.258333E0,1118,8.174349E0,-3.372042E0,1.212795E3,6.445754E2
4.262500E0,,,,,
4.266667E0,1120,8.140572E0,-3.337348E0,1.211752E3,6.435046E2
4.270833E0,,,,,
4.275000E0,1122,8.118122E0,-3.324071E0,1.211059E3,6.430948E2
4.279167E0,,,,,
4.283333E0,1124,8.063262E0,-3.288170E0,1.209366E3,6.419867E2
4.287500E0,,,,,
4.291667E0,1126,8.020714E0,-3.242372E0,1.208053E3,6.405732E2
4.295833E0,,,,,
4.300000E0,1128,7.972298E0,-3.208643E0,1.206559E3,6.395322E2
4.304167E0,,,,,
4.308333E0,1130,7.919293E0,-3.163087E0,1.204923E3,6.381262E2
4.312500E0,,,,,
4.316667E0,1132,7.861822E0,-3.133599E0,1.203149E3,6.372160E2
4.320833E0,,,,,
4.325000E0,1134,7.811482E0,-3.088809E0,1.201595E3,6.358336E2
4.329167E0,,,,,
4.333333E0,1136,7.780416E0,-3.053231E0,1.200636E3,6.347355E2
4.337500E0,,,,,
4.341667E0,1138,7.739309E0,-3.037029E0,1.199368E3,6.342355E2
4.345833E0,,,,,
4.350000E0,1140,7.713104E0,-3.030667E0,1.198559E3,6.340391E2
4.354167E0,,,,,
4.358333E0,1142,7.710161E0,-3.008496E0,1.198468E3,6.333548E2
4.362500E0,,,,,
4.366667E0,1144,7.683410E0,-2.994104E0,1.197642E3,6.329106E2
4.370833E0,,,,,
4.375000E0,1146,7.681419E0,-2.988172E0,1.197581E3,6.327275E2
4.379167E0,,,,,
4.383333E0,1148,7.661529E0,-2.970183E0,1.196967E3,6.321723E2
4.387500E0,,,,,
4.391667E0,1150,7.636425E0,-2.958011E0,1.196192E3,6.317966E2
4.395833E0,,,,,
4.400000E0,1152,7.609705E0,-2.945162E0,1.195367E3,6.314001E2
4.404167E0,,,,,
4.408333E0,1154,7.566587E0,-2.924816E0,1.194037E3,6.307721E2
4.412500E0,,,,,
4.416667E0,1156,7.531555E0,-2.895653E0,1.192955E3,6.298720E2
4.420833E0,,,,,
4.425000E0,1158,7.488270E0,-2.861376E0,1.191619E3,6.288141E2
4.429167E0,,,,,
4.433333E0,1160,7.429174E0,-2.818501E0,1.189795E3,6.274908E2
4.437500E0,,,,,
4.441667E0,1162,7.369341E0,-2.782473E0,1.187949E3,6.263788E2
4.445833E0,,,,,
4.450000E0,1164,7.316501E0,-2.743035E0,1.186318E3,6.251616E2
4.454167E0,,,,,
4.458333E0,1166,7.266557E0,-2.728119E0,1.184776E3,6.247012E2
4.462500E0,,,,,
4.466667E0,1168,7.223246E0,-2.699083E0,1.183440E3,6.238050E2
4.470833E0,,,,,
4.475000E0,1170,7.190139E0,-2.678940E0,1.182418E3,6.231833E2
4.479167E0,,,,,
4.483333E0,1172,7.160767E0,-2.670487E0,1.181511E3,6.229224E2
4.487500E0,,,,,
4.491667E0,1174,7.139844E0,-2.658150E0,1.180866E3,6.225417E2
4.495833E0,,,,,
4.500000E0,1176,7.119408E0,-2.651353E0,1.180235E3,6.223319E2
4.504167E0,,,,,
4.508333E0,1178,7.115825E0,-2.635763E0,1.180124E3,6.218507E2
4.512500E0,,,,,
4.516667E0,1180,7.099583E0,-2.638548E0,1.179623E3,6.219367E2
4.520833E0,,,,,
4.525000E0,1182,7.080793E0,-2.612236E0,1.179043E3,6.211246E2
4.529167E0,,,,,
4.533333E0,1184,7.038386E0,-2.596561E0,1.177734E3,6.206408E2
4.537500E0,,,,,
4.541667E0,1186,7.001454E0,-2.584288E0,1.176594E3,6.202620E2
4.545833E0,,,,,
4.550000E0,1188,6.949498E0,-2.561295E0,1.174991E3,6.195523E2
4.554167E0,,,,,
4.558333E0,1190,6.893690E0,-2.542899E0,1.173268E3,6.189845E2
4.562500E0,,,,,
4.566667E0,1192,6.842735E0,-2.502771E0,1.171696E3,6.177460E2
4.570833E0,,,,,
4.575000E0,1194,6.778146E0,-2.470549E0,1.169702E3,6.167515E2
4.579167E0,,,,,
4.583333E0,1196,6.715630E0,-2.454480E0,1.167773E3,6.162556E2
4.587500E0,,,,,
4.591667E0,1198,6.666746E0,-2.432639E0,1.166264E3,6.155815E2
4.595833E0,,,,,
4.600000E0,1200,6.626061E0,-2.407520E0,1.165008E3,6.148062E2
4.604167E0,,,,,
4.608333E0,1202,6.582459E0,-2.393196E0,1.163662E3,6.143641E2
4.612500E0,,,,,
4.616667E0,1204,6.556983E0,-2.370143E0,1.162876E3,6.136526E2
4.620833E0,,,,,
4.625000E0,1206,6.540201E0,-2.367928E0,1.162358E3,6.135842E2
4.629167E0,,,,,
4.633333E0,1208,6.523329E0,-2.357326E0,1.161837E3,6.132570E2
4.637500E0,,,,,
4.641667E0,1210,6.509206E0,-2.340215E0,1.161401E3,6.127289E2
4.645833E0,,,,,
4.650000E0,1212,6.491348E0,-2.341581E0,1.160850E3,6.127710E2
4.654167E0,,,,,
4.658333E0,1214,6.479051E0,-2.332340E0,1.160471E3,6.124858E2
4.662500E0,,,,,
4.666667E0,1216,6.440176E0,-2.317172E0,1.159271E3,6.120177E2
4.670833E0,,,,,
4.675000E0,1218,6.403860E0,-2.286513E0,1.158150E3,6.110714E2
4.679167E0,,,,,
4.683333E0,1220,6.339570E0,-2.262968E0,1.156166E3,6.103447E2
4.687500E0,,,,,
4.691667E0,1222,6.302624E0,-2.247547E0,1.155025E3,6.098687E2
4.695833E0,,,,,
4.700000E0,1224,6.245678E0,-2.214727E0,1.153268E3,6.088558E2
4.704167E0,,,,,
4.708333E0,1226,6.183150E0,-2.170866E0,1.151338E3,6.075020E2
4.712500E0,,,,,
4.716667E0,1228,6.127339E0,-2.139870E0,1.149615E3,6.065454E2
4.720833E0,,,,,
4.725000E0,1230,6.070762E0,-2.123902E0,1.147869E3,6.060525E2
4.729167E0,,,,,
4.733333E0,1232,6.034431E0,-2.092922E0,1.146748E3,6.050963E2
4.737500E0,,,,,
4.741667E0,1234,5.989118E0,-2.061773E0,1.145349E3,6.041350E2
4.745833E0,,,,,
4.750000E0,1236,5.970218E0,-2.059966E0,1.144766E3,6.040792E2
4.754167E0,,,,,
4.758333E0,1238,5.943440E0,-2.052781E0,1.143939E3,6.038574E2
4.762500E0,,,,,
4.766667E0,1240,5.932862E0,-2.045581E0,1.143613E3,6.036352E2
4.770833E0,,,,,
4.775000E0,1242,5.919637E0,-2.027884E0,1.143205E3,6.030890E2
4.779167E0,,,,,
4.783333E0,1244,5.891977E0,-2.042249E0,1.142351E3,6.035324E2
4.787500E0,,,,,
4.791667E0,1246,5.878257E0,-2.024630E0,1.141928E3,6.029886E2
4.795833E0,,,,,
4.800000E0,1248,5.852131E0,-2.004346E0,1.141121E3,6.023625E2
4.804167E0,,,,,
4.808333E0,1250,5.818489E0,-1.991296E0,1.140083E3,6.019598E2
4.812500E0,,,,,
4.816667E0,1252,5.761143E0,-1.962902E0,1.138313E3,6.010834E2
4.820833E0,,,,,
4.825000E0,1254,5.710338E0,-1.934181E0,1.136745E3,6.001969E2
4.829167E0,,,,,
4.833333E0,1256,5.645035E0,-1.907746E0,1.134729E3,5.993811E2
4.837500E0,,,,,
4.841667E0,1258,5.585274E0,-1.875507E0,1.132885E3,5.983860E2
4.845833E0,,,,,
4.850000E0,1260,5.524477E0,-1.855049E0,1.131009E3,5.977546E2
4.854167E0,,,,,
4.858333E0,1262,5.465966E0,-1.840329E0,1.129203E3,5.973003E2
4.862500E0,,,,,
4.866667E0,1264,5.427550E0,-1.812327E0,1.128017E3,5.964360E2
4.870833E0,,,,,
4.875000E0,1266,5.392540E0,-1.804780E0,1.126936E3,5.962031E2
4.879167E0,,,,,
4.883333E0,1268,5.360840E0,-1.797924E0,1.125958E3,5.959915E2
4.887500E0,,,,,
4.891667E0,1270,5.334269E0,-1.789635E0,1.125138E3,5.957356E2
4.895833E0,,,,,
4.900000E0,1272,5.332444E0,-1.780956E0,1.125082E3,5.954678E2
4.904167E0,,,,,
4.908333E0,1274,5.311348E0,-1.777273E0,1.124430E3,5.953541E2
4.912500E0,,,,,
4.916667E0,1276,5.290284E0,-1.777034E0,1.123780E3,5.953467E2
4.920833E0,,,,,
4.925000E0,1278,5.264724E0,-1.762300E0,1.122991E3,5.948920E2
4.929167E0,,,,,
4.933333E0,1280,5.223696E0,-1.751238E0,1.121725E3,5.945505E2
4.937500E0,,,,,
4.941667E0,1282,5.194648E0,-1.737740E0,1.120829E3,5.941339E2
4.945833E0,,,,,
4.950000E0,1284,5.148072E0,-1.731075E0,1.119391E3,5.939282E2
4.954167E0,,,,,
4.958333E0,1286,5.073625E0,-1.713083E0,1.117093E3,5.933729E2
4.962500E0,,,,,
4.966667E0,1288,5.023787E0,-1.698732E0,1.115555E3,5.929300E2
4.970833E0,,,,,
4.975000E0,1290,4.945564E0,-1.664625E0,1.113141E3,5.918773E2
4.979167E0,,,,,
4.983333E0,1292,4.897789E0,-1.646094E0,1.111666E3,5.913054E2
4.987500E0,,,,,
4.991667E0,1294,4.850485E0,-1.629223E0,1.110206E3,5.907846E2
4.995833E0,,,,,
5.000000E0,1296,4.784264E0,-1.610870E0,1.108162E3,5.902182E2
5.004167E0,,,,,
5.008333E0,1298,4.757553E0,-1.591994E0,1.107338E3,5.896356E2
5.012500E0,,,,,
5.016667E0,1300,4.731758E0,-1.586990E0,1.106542E3,5.894812E2
5.020833E0,,,,,
5.025000E0,1302,4.715337E0,-1.581441E0,1.106035E3,5.893099E2
5.029167E0,,,,,
5.033333E0,1304,4.682718E0,-1.567520E0,1.105028E3,5.888802E2
5.037500E0,,,,,
5.041667E0,1306,4.672938E0,-1.576410E0,1.104726E3,5.891546E2
5.045833E0,,,,,
5.050000E0,1308,4.650692E0,-1.557409E0,1.104040E3,5.885682E2
5.054167E0,,,,,
5.058333E0,1310,4.637969E0,-1.548780E0,1.103647E3,5.883019E2
5.062500E0,,,,,
5.066667E0,1312,4.598781E0,-1.536297E0,1.102438E3,5.879166E2
5.070833E0,,,,,
5.075000E0,1314,4.567800E0,-1.524075E0,1.101481E3,5.875394E2
5.079167E0,,,,,
5.083333E0,1316,4.506666E0,-1.507432E0,1.099595E3,5.870257E2
5.087500E0,,,,,
5.091667E0,1318,4.439611E0,-1.497315E0,1.097525E3,5.867134E2
5.095833E0,,,,,
5.100000E0,1320,4.381713E0,-1.480412E0,1.095738E3,5.861917E2
5.104167E0,,,,,
5.108333E0,1322,4.319744E0,-1.464585E0,1.093825E3,5.857032E2
5.112500E0,,,,,
5.116667E0,1324,4.254759E0,-1.445466E0,1.091820E3,5.851131E2
5.120833E0,,,,,
5.125000E0,1326,4.206241E0,-1.419802E0,1.090322E3,5.843210E2
5.129167E0,,,,,
5.133333E0,1328,4.160232E0,-1.407939E0,1.088902E3,5.839549E2
5.137500E0,,,,,
5.141667E0,1330,4.107234E0,-1.404792E0,1.087266E3,5.838578E2
5.145833E0,,,,,
5.150000E0,1332,4.087656E0,-1.400379E0,1.086662E3,5.837216E2
5.154167E0,,,,,
5.158333E0,1334,4.078762E0,-1.381494E0,1.086388E3,5.831387E2
5.162500E0,,,,,
5.166667E0,1336,4.059029E0,-1.383681E0,1.085779E3,5.832062E2
5.170833E0,,,,,
5.175000E0,1338,4.035660E0,-1.375216E0,1.085057E3,5.829449E2
5.179167E0,,,,,
5.183333E0,1340,4.021125E0,-1.358056E0,1.084609E3,5.824153E2
5.187500E0,,,,,
5.191667E0,1342,3.996552E0,-1.362642E0,1.083850E3,5.825568E2
5.195833E0,,,,,
5.200000E0,1344,3.955463E0,-1.339303E0,1.082582E3,5.818365E2
5.204167E0,,,,,
5.208333E0,1346,3.910520E0,-1.328183E0,1.081195E3,5.814933E2
5.212500E0,,,,,
5.216667E0,1348,3.869755E0,-1.322160E0,1.079937E3,5.813074E2
5.220833E0,,,,,
5.225000E0,1350,3.799919E0,-1.312337E0,1.077781E3,5.810042E2
5.229167E0,,,,,
5.233333E0,1352,3.740142E0,-1.279251E0,1.075936E3,5.799831E2
5.237500E0,,,,,
5.241667E0,1354,3.688380E0,-1.262215E0,1.074339E3,5.794572E2
5.245833E0,,,,,
5.250000E0,1356,3.631542E0,-1.233723E0,1.072585E3,5.785779E2
5.254167E0,,,,,
5.258333E0,1358,3.566212E0,-1.228952E0,1.070568E3,5.784306E2
5.262500E0,,,,,
5.266667E0,1360,3.521771E0,-1.208412E0,1.069197E3,5.777967E2
5.270833E0,,,,,
5.275000E0,1362,3.483374E0,-1.187411E0,1.068012E3,5.771485E2
5.279167E0,,,,,
5.283333E0,1364,3.461702E0,-1.166715E0,1.067343E3,5.765097E2
5.287500E0,,,,,
5.291667E0,1366,3.436200E0,-1.184967E0,1.066556E3,5.770731E2
5.295833E0,,,,,
5.300000E0,1368,3.419304E0,-1.176948E0,1.066034E3,5.768255E2
5.304167E0,,,,,
5.308333E0,1370,3.407027E0,-1.157570E0,1.065655E3,5.762275E2
5.312500E0,,,,,
5.316667E0,1372,3.387842E0,-1.148173E0,1.065063E3,5.759374E2
5.320833E0,,,,,
5.325000E0,1374,3.358371E0,-1.147110E0,1.064153E3,5.759046E2
5.329167E0,,,,,
5.333333E0,1376,3.336856E0,-1.127238E0,1.063489E3,5.752913E2
5.337500E0,,,,,
5.341667E0,1378,3.292321E0,-1.115390E0,1.062115E3,5.749256E2
5.345833E0,,,,,
5.350000E0,1380,3.241857E0,-1.098776E0,1.060557E3,5.744128E2
5.354167E0,,,,,
5.358333E0,1382,3.176941E0,-1.079750E0,1.058554E3,5.738256E2
5.362500E0,,,,,
5.366667E0,1384,3.122336E0,-1.049061E0,1.056868E3,5.728784E2
5.370833E0,,,,,
5.375000E0,1386,3.065380E0,-1.050243E0,1.055110E3,5.729149E2
5.379167E0,,,,,
5.383333E0,1388,2.999555E0,-1.019625E0,1.053079E3,5.719699E2
5.387500E0,,,,,
5.391667E0,1390,2.934155E0,-9.959371E-1,1.051060E3,5.712388E2
5.395833E0,,,,,
5.400000E0,1392,2.895517E0,-9.925827E-1,1.049868E3,5.711353E2
5.404167E0,,,,,
5.408333E0,1394,2.862276E0,-9.677857E-1,1.048842E3,5.703699E2
5.412500E0,,,,,
5.416667E0,1396,2.845602E0,-9.545015E-1,1.048327E3,5.699599E2
5.420833E0,,,,,
5.425000E0,1398,2.806345E0,-9.365045E-1,1.047116E3,5.694045E2
5.429167E0,,,,,
5.433333E0,1400,2.789774E0,-9.333674E-1,1.046604E3,5.693076E2
5.437500E0,,,,,
5.441667E0,1402,2.780740E0,-9.284337E-1,1.046325E3,5.691554E2
5.445833E0,,,,,
5.450000E0,1404,2.769317E0,-9.290510E-1,1.045973E3,5.691744E2
5.454167E0,,,,,
5.458333E0,1406,2.741753E0,-9.049410E-1,1.045122E3,5.684303E2
5.462500E0,,,,,
5.466667E0,1408,2.704760E0,-8.957731E-1,1.043980E3,5.681473E2
5.470833E0,,,,,
5.475000E0,1410,2.661426E0,-8.742492E-1,1.042643E3,5.674830E2
5.479167E0,,,,,
5.483333E0,1412,2.617065E0,-8.506034E-1,1.041274E3,5.667532E2
5.487500E0,,,,,
5.491667E0,1414,2.568755E0,-8.248853E-1,1.039783E3,5.659594E2
5.495833E0,,,,,
5.500000E0,1416,2.510248E0,-8.102018E-1,1.037977E3,5.655062E2
5.504167E0,,,,,
5.508333E0,1418,2.447028E0,-7.720357E-1,1.036026E3,5.643283E2
5.512500E0,,,,,
5.516667E0,1420,2.398736E0,-7.370973E-1,1.034535E3,5.632499E2
5.520833E0,,,,,
5.525000E0,1422,2.338466E0,-7.160229E-1,1.032675E3,5.625995E2
5.529167E0,,,,,
5.533333E0,1424,2.304866E0,-6.937859E-1,1.031638E3,5.619131E2
5.537500E0,,,,,
5.541667E0,1426,2.262468E0,-6.714706E-1,1.030329E3,5.612244E2
5.545833E0,,,,,
5.550000E0,1428,2.247571E0,-6.551038E-1,1.029869E3,5.607193E2
5.554167E0,,,,,
5.558333E0,1430,2.221922E0,-6.398295E-1,1.029078E3,5.602478E2
5.562500E0,,,,,
5.566667E0,1432,2.205146E0,-6.408285E-1,1.028560E3,5.602787E2
5.570833E0,,,,,
5.575000E0,1434,2.199795E0,-6.314815E-1,1.028395E3,5.599902E2
5.579167E0,,,,,
5.583333E0,1436,2.173329E0,-6.145486E-1,1.027578E3,5.594675E2
5.587500E0,,,,,
5.591667E0,1438,2.148349E0,-5.994975E-1,1.026807E3,5.590030E2
5.595833E0,,,,,
5.600000E0,1440,2.124180E0,-5.943139E-1,1.026061E3,5.588430E2
5.604167E0,,,,,
5.608333E0,1442,2.092803E0,-5.470509E-1,1.025093E3,5.573843E2
5.612500E0,,,,,
5.616667E0,1444,2.023193E0,-5.201355E-1,1.022944E3,5.565536E2
5.620833E0,,,,,
5.625000E0,1446,1.995371E0,-4.942646E-1,1.022086E3,5.557551E2
5.629167E0,,,,,
5.633333E0,1448,1.936557E0,-4.564591E-1,1.020270E3,5.545882E2
5.637500E0,,,,,
5.641667E0,1450,1.877122E0,-4.199022E-1,1.018436E3,5.534599E2
5.645833E0,,,,,
5.650000E0,1452,1.829301E0,-3.903040E-1,1.016960E3,5.525464E2
5.654167E0,,,,,
5.658333E0,1454,1.780705E0,-3.581542E-1,1.015460E3,5.515541E2
5.662500E0,,,,,
5.666667E0,1456,1.733852E0,-3.353425E-1,1.014014E3,5.508501E2
5.670833E0,,,,,
5.675000E0,1458,1.718431E0,-3.101698E-1,1.013538E3,5.500731E2
5.679167E0,,,,,
5.683333E0,1460,1.676520E0,-2.903279E-1,1.012244E3,5.494607E2
5.687500E0,,,,,
5.691667E0,1462,1.662378E0,-2.729717E-1,1.011808E3,5.489251E2
5.695833E0,,,,,
5.700000E0,1464,1.656030E0,-2.725477E-1,1.011612E3,5.489120E2
5.704167E0,,,,,
5.708333E0,1466,1.625318E0,-2.616018E-1,1.010664E3,5.485741E2
5.712500E0,,,,,
5.716667E0,1468,1.616253E0,-2.443164E-1,1.010384E3,5.480406E2
5.720833E0,,,,,
5.725000E0,1470,1.593966E0,-2.418434E-1,1.009696E3,5.479643E2
5.729167E0,,,,,
5.733333E0,1472,1.578454E0,-2.188839E-1,1.009218E3,5.472557E2
5.737500E0,,,,,
5.741667E0,1474,1.533672E0,-1.865998E-1,1.007836E3,5.462593E2
5.745833E0,,,,,
5.750000E0,1476,1.490629E0,-1.648818E-1,1.006507E3,5.455889E2
5.754167E0,,,,,
5.758333E0,1478,1.426802E0,-1.469154E-1,1.004537E3,5.450344E2
5.762500E0,,,,,
5.766667E0,1480,1.372781E0,-9.938027E-2,1.002870E3,5.435673E2
5.770833E0,,,,,
5.775000E0,1482,1.317079E0,-6.526384E-2,1.001151E3,5.425143E2
5.779167E0,,,,,
5.783333E0,1484,1.261251E0,-2.385586E-2,9.994275E2,5.412363E2
5.787500E0,,,,,
5.791667E0,1486,1.218795E0,1.012162E-3,9.981171E2,5.404688E2
5.795833E0,,,,,
5.800000E0,1488,1.176044E0,2.714150E-2,9.967976E2,5.396623E2
5.804167E0,,,,,
5.808333E0,1490,1.149454E0,5.667848E-2,9.959770E2,5.387507E2
5.812500E0,,,,,
5.816667E0,1492,1.112660E0,7.079927E-2,9.948414E2,5.383148E2
5.820833E0,,,,,
5.825000E0,1494,1.087591E0,7.987084E-2,9.940676E2,5.380349E2
5.829167E0,,,,,
5.833333E0,1496,1.086414E0,7.698359E-2,9.940313E2,5.381240E2
5.837500E0,,,,,
5.841667E0,1498,1.067464E0,8.483042E-2,9.934464E2,5.378818E2
5.845833E0,,,,,
5.850000E0,1500,1.048125E0,1.074246E-1,9.928495E2,5.371844E2
5.854167E0,,,,,
5.858333E0,1502,1.023588E0,1.080933E-1,9.920922E2,5.371638E2
5.862500E0,,,,,
5.866667E0,1504,9.952334E-1,1.327081E-1,9.912171E2,5.364041E2
5.870833E0,,,,,
5.875000E0,1506,9.625977E-1,1.619909E-1,9.902098E2,5.355003E2
5.879167E0,,,,,
5.883333E0,1508,9.212823E-1,1.906227E-1,9.889346E2,5.346166E2
5.887500E0,,,,,
5.891667E0,1510,8.599282E-1,2.220241E-1,9.870410E2,5.336474E2
5.895833E0,,,,,
5.900000E0,1512,8.012782E-1,2.551296E-1,9.852308E2,5.326256E2
5.904167E0,,,,,
5.908333E0,1514,7.494532E-1,2.719843E-1,9.836313E2,5.321054E2
5.912500E0,,,,,
5.916667E0,1516,6.815829E-1,3.078574E-1,9.815365E2,5.309982E2
5.920833E0,,,,,
5.925000E0,1518,6.354322E-1,3.395681E-1,9.801121E2,5.300195E2
5.929167E0,,,,,
5.933333E0,1520,5.993284E-1,3.756588E-1,9.789978E2,5.289056E2
5.937500E0,,,,,
5.941667E0,1522,5.740569E-1,3.918650E-1,9.782178E2,5.284054E2
5.945833E0,,,,,
5.950000E0,1524,5.422553E-1,4.128799E-1,9.772363E2,5.277568E2
5.954167E0,,,,,
5.958333E0,1526,5.266705E-1,4.354572E-1,9.767553E2,5.270600E2
5.962500E0,,,,,
5.966667E0,1528,5.101262E-1,4.435376E-1,9.762446E2,5.268106E2
5.970833E0,,,,,
5.975000E0,1530,5.031576E-1,4.461534E-1,9.760296E2,5.267298E2
5.979167E0,,,,,
5.983333E0,1532,4.824208E-1,4.450949E-1,9.753895E2,5.267625E2
5.987500E0,,,,,
5.991667E0,1534,4.590614E-1,4.753186E-1,9.746686E2,5.258297E2
5.995833E0,,,,,
6.000000E0,1536,4.328891E-1,4.783395E-1,9.738608E2,5.257364E2
6.004167E0,,,,,
6.008333E0,1538,3.917684E-1,5.106796E-1,9.725916E2,5.247383E2
6.012500E0,,,,,
6.016667E0,1540,3.525311E-1,5.313500E-1,9.713806E2,5.241003E2
6.020833E0,,,,,
6.025000E0,1542,2.931188E-1,5.717009E-1,9.695469E2,5.228549E2
6.029167E0,,,,,
6.033333E0,1544,2.502954E-1,5.971253E-1,9.682252E2,5.220702E2
6.037500E0,,,,,
6.041667E0,1546,1.838530E-1,6.439936E-1,9.661745E2,5.206237E2
6.045833E0,,,,,
6.050000E0,1548,1.405959E-1,6.616490E-1,9.648394E2,5.200787E2
6.054167E0,,,,,
6.058333E0,1550,8.634096E-2,7.031366E-1,9.631648E2,5.187983E2
6.062500E0,,,,,
6.066667E0,1552,4.146373E-2,7.339182E-1,9.617797E2,5.178482E2
6.070833E0,,,,,
6.075000E0,1554,3.835192E-3,7.553122E-1,9.606184E2,5.171879E2
6.079167E0,,,,,
6.083333E0,1556,-1.590321E-2,7.720802E-1,9.600092E2,5.166704E2
6.087500E0,,,,,
6.091667E0,1558,-3.527817E-2,7.870218E-1,9.594112E2,5.162092E2
6.095833E0,,,,,
6.100000E0,1560,-3.388835E-2,8.074970E-1,9.594541E2,5.155773E2
6.104167E0,,,,,
6.108333E0,1562,-5.579954E-2,8.096906E-1,9.587778E2,5.155095E2
6.112500E0,,,,,
6.116667E0,1564,-7.929391E-2,8.036050E-1,9.580527E2,5.156974E2
6.120833E0,,,,,
6.125000E0,1566,-8.863698E-2,8.226578E-1,9.577643E2,5.151093E2
6.129167E0,,,,,
6.133333E0,1568,-1.333230E-1,8.466662E-1,9.563851E2,5.143683E2
6.137500E0,,,,,
6.141667E0,1570,-1.522708E-1,8.735674E-1,9.558003E2,5.135380E2
6.145833E0,,,,,
6.150000E0,1572,-2.182036E-1,9.114415E-1,9.537653E2,5.123691E2
6.154167E0,,,,,
6.158333E0,1574,-2.534316E-1,9.302718E-1,9.526780E2,5.117879E2
6.162500E0,,,,,
6.166667E0,1576,-3.122409E-1,9.749967E-1,9.508629E2,5.104075E2
6.170833E0,,,,,
6.175000E0,1578,-3.792362E-1,1.013382E0,9.487952E2,5.092228E2
6.179167E0,,,,,
6.183333E0,1580,-4.285213E-1,1.043291E0,9.472740E2,5.082997E2
6.187500E0,,,,,
6.191667E0,1582,-4.737421E-1,1.062620E0,9.458783E2,5.077031E2
6.195833E0,,,,,
6.200000E0,1584,-5.268649E-1,1.087339E0,9.442387E2,5.069402E2
6.204167E0,,,,,
6.208333E0,1586,-5.632436E-1,1.100206E0,9.431159E2,5.065430E2
6.212500E0,,,,,
6.216667E0,1588,-5.751418E-1,1.119389E0,9.427487E2,5.059510E2
6.220833E0,,,,,
6.225000E0,1590,-5.944768E-1,1.118878E0,9.421520E2,5.059667E2
6.229167E0,,,,,
6.233333E0,1592,-6.126389E-1,1.127832E0,9.415914E2,5.056904E2
6.237500E0,,,,,
6.241667E0,1594,-6.417761E-1,1.143716E0,9.406921E2,5.052001E2
6.245833E0,,,,,
6.250000E0,1596,-6.438007E-1,1.147301E0,9.406296E2,5.050895E2
6.254167E0,,,,,
6.258333E0,1598,-6.721222E-1,1.147007E0,9.397555E2,5.050985E2
6.262500E0,,,,,
6.266667E0,1600,-7.018915E-1,1.164184E0,9.388367E2,5.045684E2
6.270833E0,,,,,
6.275000E0,1602,-7.433073E-1,1.187072E0,9.375584E2,5.038620E2
6.279167E0,,,,,
6.283333E0,1604,-7.920119E-1,1.217081E0,9.360552E2,5.029358E2
6.287500E0,,,,,
6.291667E0,1606,-8.476659E-1,1.243066E0,9.343375E2,5.021338E2
6.295833E0,,,,,
6.300000E0,1608,-9.101785E-1,1.271704E0,9.324081E2,5.012499E2
6.304167E0,,,,,
6.308333E0,1610,-9.586705E-1,1.312235E0,9.309114E2,4.999989E2
6.312500E0,,,,,
6.316667E0,1612,-1.007523E0,1.334738E0,9.294036E2,4.993044E2
6.320833E0,,,,,
6.325000E0,1614,-1.066043E0,1.392428E0,9.275974E2,4.975238E2
6.329167E0,,,,,
6.333333E0,1616,-1.092892E0,1.409589E0,9.267688E2,4.969942E2
6.337500E0,,,,,
6.341667E0,1618,-1.145132E0,1.419572E0,9.251564E2,4.966861E2
6.345833E0,,,,,
6.350000E0,1620,-1.158458E0,1.444503E0,9.247451E2,4.959166E2
6.354167E0,,,,,
6.358333E0,1622,-1.183316E0,1.451764E0,9.239779E2,4.956925E2
6.362500E0,,,,,
6.366667E0,1624,-1.189161E0,1.470988E0,9.237975E2,4.950991E2
6.370833E0,,,,,
6.375000E0,1626,-1.215923E0,1.479826E0,9.229715E2,4.948264E2
6.379167E0,,,,,
6.383333E0,1628,-1.218996E0,1.497547E0,9.228767E2,4.942794E2
6.387500E0,,,,,
6.391667E0,1630,-1.245056E0,1.494800E0,9.220723E2,4.943642E2
6.395833E0,,,,,
6.400000E0,1632,-1.278205E0,1.516202E0,9.210492E2,4.937036E2
6.404167E0,,,,,
6.408333E0,1634,-1.318444E0,1.537415E0,9.198073E2,4.930489E2
6.412500E0,,,,,
6.416667E0,1636,-1.367547E0,1.558908E0,9.182918E2,4.923856E2
6.420833E0,,,,,
6.425000E0,1638,-1.421955E0,1.584584E0,9.166125E2,4.915931E2
6.429167E0,,,,,
6.433333E0,1640,-1.484041E0,1.611284E0,9.146963E2,4.907690E2
6.437500E0,,,,,
6.441667E0,1642,-1.543780E0,1.639533E0,9.128525E2,4.898971E2
6.445833E0,,,,,
6.450000E0,1644,-1.598216E0,1.661233E0,9.111724E2,4.892274E2
6.454167E0,,,,,
6.458333E0,1646,-1.643469E0,1.689529E0,9.097756E2,4.883541E2
6.462500E0,,,,,
6.466667E0,1648,-1.696357E0,1.701897E0,9.081433E2,4.879723E2
6.470833E0,,,,,
6.475000E0,1650,-1.740006E0,1.711237E0,9.067961E2,4.876840E2
6.479167E0,,,,,
6.483333E0,1652,-1.760150E0,1.728463E0,9.061744E2,4.871524E2
6.487500E0,,,,,
6.491667E0,1654,-1.773058E0,1.725888E0,9.057760E2,4.872319E2
6.495833E0,,,,,
6.500000E0,1656,-1.786897E0,1.747980E0,9.053489E2,4.865500E2
6.504167E0,,,,,
6.508333E0,1658,-1.809222E0,1.745469E0,9.046598E2,4.866275E2
6.512500E0,,,,,
6.516667E0,1660,-1.831668E0,1.766011E0,9.039670E2,4.859935E2
6.520833E0,,,,,
6.525000E0,1662,-1.852583E0,1.773570E0,9.033215E2,4.857602E2
6.529167E0,,,,,
6.533333E0,1664,-1.886543E0,1.783877E0,9.022734E2,4.854421E2
6.537500E0,,,,,
6.541667E0,1666,-1.924018E0,1.804298E0,9.011167E2,4.848118E2
6.545833E0,,,,,
6.550000E0,1668,-1.984860E0,1.822979E0,8.992389E2,4.842352E2
6.554167E0,,,,,
6.558333E0,1670,-2.027947E0,1.830807E0,8.979091E2,4.839936E2
6.562500E0,,,,,
6.566667E0,1672,-2.104006E0,1.860559E0,8.955615E2,4.830753E2
6.570833E0,,,,,
6.575000E0,1674,-2.151280E0,1.885282E0,8.941025E2,4.823123E2
6.579167E0,,,,,
6.583333E0,1676,-2.224555E0,1.911699E0,8.918409E2,4.814969E2
6.587500E0,,,,,
6.591667E0,1678,-2.281453E0,1.927630E0,8.900848E2,4.810052E2
6.595833E0,,,,,
6.600000E0,1680,-2.322592E0,1.928042E0,8.888151E2,4.809925E2
6.604167E0,,,,,
6.608333E0,1682,-2.374701E0,1.945770E0,8.872068E2,4.804454E2
6.612500E0,,,,,
6.616667E0,1684,-2.382244E0,1.955764E0,8.869740E2,4.801369E2
6.620833E0,,,,,
6.625000E0,1686,-2.415483E0,1.958771E0,8.859481E2,4.800441E2
6.629167E0,,,,,
6.633333E0,1688,-2.416708E0,1.963772E0,8.859102E2,4.798898E2
6.637500E0,,,,,
6.641667E0,1690,-2.442576E0,1.969148E0,8.851119E2,4.797238E2
6.645833E0,,,,,
6.650000E0,1692,-2.472630E0,1.975581E0,8.841843E2,4.795253E2
6.654167E0,,,,,
6.658333E0,1694,-2.492556E0,1.984638E0,8.835693E2,4.792457E2
6.662500E0,,,,,
6.666667E0,1696,-2.523065E0,2.009311E0,8.826276E2,4.784842E2
6.670833E0,,,,,
6.675000E0,1698,-2.560562E0,2.016379E0,8.814703E2,4.782661E2
6.679167E0,,,,,
6.683333E0,1700,-2.627564E0,2.029976E0,8.794023E2,4.778464E2
6.687500E0,,,,,
6.691667E0,1702,-2.666423E0,2.048845E0,8.782030E2,4.772641E2
6.695833E0,,,,,
6.700000E0,1704,-2.733890E0,2.057591E0,8.761207E2,4.769941E2
6.704167E0,,,,,
6.708333E0,1706,-2.797120E0,2.083250E0,8.741691E2,4.762021E2
6.712500E0,,,,,
6.716667E0,1708,-2.869269E0,2.098270E0,8.719423E2,4.757386E2
6.720833E0,,,,,
6.725000E0,1710,-2.921861E0,2.107429E0,8.703191E2,4.754559E2
6.729167E0,,,,,
6.733333E0,1712,-2.972440E0,2.108771E0,8.687580E2,4.754145E2
6.737500E0,,,,,
6.741667E0,1714,-3.009808E0,2.113823E0,8.676047E2,4.752585E2
6.745833E0,,,,,
6.750000E0,1716,-3.032374E0,2.120831E0,8.669082E2,4.750422E2
6.754167E0,,,,,
6.758333E0,1718,-3.050302E0,2.122780E0,8.663549E2,4.749821E2
6.762500E0,,,,,
6.766667E0,1720,-3.063739E0,2.130190E0,8.659401E2,4.747534E2
6.770833E0,,,,,
6.775000E0,1722,-3.087777E0,2.127311E0,8.651982E2,4.748423E2
6.779167E0,,,,,
6.783333E0,1724,-3.109159E0,2.128588E0,8.645383E2,4.748028E2
6.787500E0,,,,,
6.791667E0,1726,-3.134268E0,2.117333E0,8.637633E2,4.751502E2
6.795833E0,,,,,
6.800000E0,1728,-3.173692E0,2.122907E0,8.625466E2,4.749782E2
6.804167E0,,,,,
6.808333E0,1730,-3.217239E0,2.119896E0,8.612025E2,4.750711E2
6.812500E0,,,,,
6.816667E0,1732,-3.260745E0,2.116592E0,8.598597E2,4.751731E2
6.820833E0,,,,,
6.825000E0,1734,-3.336028E0,2.105273E0,8.575362E2,4.755225E2
6.829167E0,,,,,
6.833333E0,1736,-3.391998E0,2.108643E0,8.558087E2,4.754184E2
6.837500E0,,,,,
6.841667E0,1738,-3.457868E0,2.101762E0,8.537757E2,4.756308E2
6.845833E0,,,,,
6.850000E0,1740,-3.530941E0,2.091244E0,8.515203E2,4.759554E2
6.854167E0,,,,,
6.858333E0,1742,-3.582475E0,2.084044E0,8.499298E2,4.761777E2
6.862500E0,,,,,
6.866667E0,1744,-3.624016E0,2.096315E0,8.486477E2,4.757989E2
6.870833E0,,,,,
6.875000E0,1746,-3.661973E0,2.065837E0,8.474762E2,4.767396E2
6.879167E0,,,,,
6.883333E0,1748,-3.698884E0,2.073459E0,8.463369E2,4.765043E2
6.887500E0,,,,,
6.891667E0,1750,-3.731022E0,2.072072E0,8.453450E2,4.765472E2
6.895833E0,,,,,
6.900000E0,1752,-3.748074E0,2.070056E0,8.448187E2,4.766094E2
6.904167E0,,,,,
6.908333E0,1754,-3.749916E0,2.087093E0,8.447618E2,4.760835E2
6.912500E0,,,,,
6.916667E0,1756,-3.772806E0,2.079584E0,8.440554E2,4.763153E2
6.920833E0,,,,,
6.925000E0,1758,-3.801374E0,2.077673E0,8.431737E2,4.763743E2
6.929167E0,,,,,
6.933333E0,1760,-3.836631E0,2.087371E0,8.420855E2,4.760750E2
6.937500E0,,,,,
6.941667E0,1762,-3.884854E0,2.093332E0,8.405971E2,4.758910E2
6.945833E0,,,,,
6.950000E0,1764,-3.935711E0,2.096773E0,8.390274E2,4.757848E2
6.954167E0,,,,,
6.958333E0,1766,-3.991382E0,2.104345E0,8.373092E2,4.755511E2
6.962500E0,,,,,
6.966667E0,1768,-4.056296E0,2.109671E0,8.353057E2,4.753867E2
6.970833E0,,,,,
6.975000E0,1770,-4.120285E0,2.109054E0,8.333307E2,4.754057E2
6.979167E0,,,,,
6.983333E0,1772,-4.194591E0,2.107294E0,8.310373E2,4.754601E2
6.987500E0,,,,,
6.991667E0,1774,-4.255449E0,2.115337E0,8.291590E2,4.752118E2
6.995833E0,,,,,
7.000000E0,1776,-4.292129E0,2.122574E0,8.280269E2,4.749884E2
7.004167E0,,,,,
7.008333E0,1778,-4.332295E0,2.119542E0,8.267872E2,4.750820E2
7.012500E0,,,,,
7.016667E0,1780,-4.357509E0,2.139075E0,8.260090E2,4.744792E2
7.020833E0,,,,,
7.025000E0,1782,-4.384082E0,2.130573E0,8.251888E2,4.747416E2
7.029167E0,,,,,
7.033333E0,1784,-4.399543E0,2.130331E0,8.247116E2,4.747491E2
7.037500E0,,,,,
7.041667E0,1786,-4.422745E0,2.131515E0,8.239955E2,4.747125E2
7.045833E0,,,,,
7.050000E0,1788,-4.453421E0,2.133003E0,8.230487E2,4.746666E2
7.054167E0,,,,,
7.058333E0,1790,-4.460004E0,2.144701E0,8.228456E2,4.743055E2
7.062500E0,,,,,
7.066667E0,1792,-4.502935E0,2.139145E0,8.215205E2,4.744770E2
7.070833E0,,,,,
7.075000E0,1794,-4.539074E0,2.150014E0,8.204051E2,4.741415E2
7.079167E0,,,,,
7.083333E0,1796,-4.604206E0,2.150078E0,8.183949E2,4.741396E2
7.087500E0,,,,,
7.091667E0,1798,-4.647818E0,2.147547E0,8.170488E2,4.742177E2
7.095833E0,,,,,
7.100000E0,1800,-4.715546E0,2.164133E0,8.149585E2,4.737058E2
7.104167E0,,,,,
7.108333E0,1802,-4.793330E0,2.161110E0,8.125577E2,4.737991E2
7.112500E0,,,,,
7.116667E0,1804,-4.855903E0,2.178286E0,8.106264E2,4.732689E2
7.120833E0,,,,,
7.125000E0,1806,-4.911233E0,2.186784E0,8.089187E2,4.730067E2
7.129167E0,,,,,
7.133333E0,1808,-4.950494E0,2.179504E0,8.077070E2,4.732314E2
7.137500E0,,,,,
7.141667E0,1810,-4.998993E0,2.178932E0,8.062101E2,4.732490E2
7.145833E0,,,,,
7.150000E0,1812,-5.030747E0,2.174494E0,8.052300E2,4.733860E2
7.154167E0,,,,,
7.158333E0,1814,-5.052638E0,2.165475E0,8.045544E2,4.736644E2
7.162500E0,,,,,
7.166667E0,1816,-5.063408E0,2.188752E0,8.042220E2,4.729459E2
7.170833E0,,,,,
7.175000E0,1818,-5.082838E0,2.176799E0,8.036223E2,4.733148E2
7.179167E0,,,,,
7.183333E0,1820,-5.109064E0,2.188796E0,8.028128E2,4.729446E2
7.187500E0,,,,,
7.191667E0,1822,-5.138533E0,2.177756E0,8.019033E2,4.732853E2
7.195833E0,,,,,
7.200000E0,1824,-5.168503E0,2.171727E0,8.009783E2,4.734714E2
7.204167E0,,,,,
7.208333E0,1826,-5.206411E0,2.169127E0,7.998083E2,4.735516E2
7.212500E0,,,,,
7.216667E0,1828,-5.249322E0,2.167580E0,7.984839E2,4.735994E2
7.220833E0,,,,,
7.225000E0,1830,-5.313858E0,2.158329E0,7.964920E2,4.738849E2
7.229167E0,,,,,
7.233333E0,1832,-5.391373E0,2.157804E0,7.940996E2,4.739011E2
7.237500E0,,,,,
7.241667E0,1834,-5.450285E0,2.144747E0,7.922813E2,4.743041E2
7.245833E0,,,,,
7.250000E0,1836,-5.520331E0,2.139579E0,7.901194E2,4.744636E2
7.254167E0,,,,,
7.258333E0,1838,-5.560929E0,2.139326E0,7.888664E2,4.744714E2
7.262500E0,,,,,
7.266667E0,1840,-5.628485E0,2.118287E0,7.867813E2,4.751208E2
7.270833E0,,,,,
7.275000E0,1842,-5.664071E0,2.116038E0,7.856830E2,4.751902E2
7.279167E0,,,,,
7.283333E0,1844,-5.692631E0,2.116506E0,7.848015E2,4.751757E2
7.287500E0,,,,,
7.291667E0,1846,-5.707800E0,2.107544E0,7.843333E2,4.754524E2
7.295833E0,,,,,
7.300000E0,1848,-5.739693E0,2.114287E0,7.833490E2,4.752442E2
7.304167E0,,,,,
7.308333E0,1850,-5.753947E0,2.101442E0,7.829091E2,4.756407E2
7.312500E0,,,,,
7.316667E0,1852,-5.760636E0,2.108515E0,7.827026E2,4.754224E2
7.320833E0,,,,,
7.325000E0,1854,-5.803576E0,2.104767E0,7.813773E2,4.755381E2
7.329167E0,,,,,
7.333333E0,1856,-5.828797E0,2.095366E0,7.805989E2,4.758282E2
7.337500E0,,,,,
7.341667E0,1858,-5.859791E0,2.080782E0,7.796422E2,4.762783E2
7.345833E0,,,,,
7.350000E0,1860,-5.934754E0,2.088823E0,7.773286E2,4.760302E2
7.354167E0,,,,,
7.358333E0,1862,-5.975128E0,2.074339E0,7.760825E2,4.764772E2
7.362500E0,,,,,
7.366667E0,1864,-6.047862E0,2.060318E0,7.738376E2,4.769100E2
7.370833E0,,,,,
7.375000E0,1866,-6.107929E0,2.069502E0,7.719837E2,4.766265E2
7.379167E0,,,,,
7.383333E0,1868,-6.178009E0,2.058661E0,7.698207E2,4.769611E2
7.387500E0,,,,,
7.391667E0,1870,-6.240295E0,2.057685E0,7.678983E2,4.769912E2
7.395833E0,,,,,
7.400000E0,1872,-6.289396E0,2.055810E0,7.663829E2,4.770491E2
7.404167E0,,,,,
7.408333E0,1874,-6.319793E0,2.051832E0,7.654447E2,4.771719E2
7.412500E0,,,,,
7.416667E0,1876,-6.359038E0,2.048983E0,7.642334E2,4.772598E2
7.420833E0,,,,,
7.425000E0,1878,-6.373231E0,2.043857E0,7.637953E2,4.774180E2
7.429167E0,,,,,
7.433333E0,1880,-6.394186E0,2.046743E0,7.631486E2,4.773289E2
7.437500E0,,,,,
7.441667E0,1882,-6.412760E0,2.041671E0,7.625753E2,4.774855E2
7.445833E0,,,,,
7.450000E0,1884,-6.435674E0,2.037956E0,7.618681E2,4.776001E2
7.454167E0,,,,,
7.458333E0,1886,-6.458382E0,2.027128E0,7.611672E2,4.779343E2
7.462500E0,,,,,
7.466667E0,1888,-6.494533E0,2.033071E0,7.600514E2,4.777509E2
7.470833E0,,,,,
7.475000E0,1890,-6.529496E0,2.045524E0,7.589724E2,4.773665E2
7.479167E0,,,,,
7.483333E0,1892,-6.584563E0,2.036120E0,7.572728E2,4.776568E2
7.487500E0,,,,,
7.491667E0,1894,-6.645840E0,2.030423E0,7.553815E2,4.778326E2
7.495833E0,,,,,
7.500000E0,1896,-6.711611E0,2.033782E0,7.533515E2,4.777289E2
7.504167E0,,,,,
7.508333E0,1898,-6.768134E0,2.034991E0,7.516070E2,4.776916E2
7.512500E0,,,,,
7.516667E0,1900,-6.843201E0,2.021160E0,7.492901E2,4.781185E2
7.520833E0,,,,,
7.525000E0,1902,-6.904133E0,2.012814E0,7.474095E2,4.783761E2
7.529167E0,,,,,
7.533333E0,1904,-6.948066E0,2.014605E0,7.460535E2,4.783208E2
7.537500E0,,,,,
7.541667E0,1906,-6.981288E0,2.006317E0,7.450282E2,4.785766E2
7.545833E0,,,,,
7.550000E0,1908,-7.008839E0,2.002953E0,7.441778E2,4.786805E2
7.554167E0,,,,,
7.558333E0,1910,-7.037826E0,2.024921E0,7.432832E2,4.780024E2
7.562500E0,,,,,
7.566667E0,1912,-7.057010E0,2.005187E0,7.426911E2,4.786115E2
7.570833E0,,,,,
7.575000E0,1914,-7.074304E0,2.006121E0,7.421573E2,4.785827E2
7.579167E0,,,,,
7.583333E0,1916,-7.098904E0,2.001813E0,7.413980E2,4.787156E2
7.587500E0,,,,,
7.591667E0,1918,-7.116965E0,1.996031E0,7.408406E2,4.788941E2
7.595833E0,,,,,
7.600000E0,1920,-7.147796E0,1.985157E0,7.398890E2,4.792297E2
7.604167E0,,,,,
7.608333E0,1922,-7.186271E0,1.983390E0,7.387015E2,4.792842E2
7.612500E0,,,,,
7.616667E0,1924,-7.237926E0,1.977645E0,7.371072E2,4.794616E2
7.620833E0,,,,,
7.625000E0,1926,-7.304446E0,1.967154E0,7.350541E2,4.797854E2
7.629167E0,,,,,
7.633333E0,1928,-7.355623E0,1.961760E0,7.334746E2,4.799519E2
7.637500E0,,,,,
7.641667E0,1930,-7.440198E0,1.940280E0,7.308643E2,4.806148E2
7.645833E0,,,,,
7.650000E0,1932,-7.508334E0,1.938113E0,7.287613E2,4.806817E2
7.654167E0,,,,,
7.658333E0,1934,-7.565917E0,1.926215E0,7.269841E2,4.810489E2
7.662500E0,,,,,
7.666667E0,1936,-7.608064E0,1.919394E0,7.256832E2,4.812594E2
7.670833E0,,,,,
7.675000E0,1938,-7.650781E0,1.905710E0,7.243648E2,4.816818E2
7.679167E0,,,,,
7.683333E0,1940,-7.667398E0,1.906814E0,7.238519E2,4.816477E2
7.687500E0,,,,,
7.691667E0,1942,-7.703071E0,1.894394E0,7.227509E2,4.820310E2
7.695833E0,,,,,
7.700000E0,1944,-7.698055E0,1.892427E0,7.229057E2,4.820918E2
7.704167E0,,,,,
7.708333E0,1946,-7.732831E0,1.900284E0,7.218324E2,4.818493E2
7.712500E0,,,,,
7.716667E0,1948,-7.762599E0,1.888325E0,7.209136E2,4.822184E2
7.720833E0,,,,,
7.725000E0,1950,-7.768526E0,1.883797E0,7.207307E2,4.823581E2
7.729167E0,,,,,
7.733333E0,1952,-7.814504E0,1.874208E0,7.193116E2,4.826541E2
7.737500E0,,,,,
7.741667E0,1954,-7.856109E0,1.871753E0,7.180275E2,4.827298E2
7.745833E0,,,,,
7.750000E0,1956,-7.905945E0,1.857289E0,7.164894E2,4.831763E2
7.754167E0,,,,,
7.758333E0,1958,-7.967694E0,1.852970E0,7.145835E2,4.833096E2
7.762500E0,,,,,
7.766667E0,1960,-8.031903E0,1.861928E0,7.126018E2,4.830331E2
7.770833E0,,,,,
7.775000E0,1962,-8.098295E0,1.836565E0,7.105526E2,4.838159E2
7.779167E0,,,,,
7.783333E0,1964,-8.160109E0,1.830744E0,7.086448E2,4.839956E2
7.787500E0,,,,,
7.791667E0,1966,-8.214067E0,1.834946E0,7.069794E2,4.838659E2
7.795833E0,,,,,
7.800000E0,1968,-8.266169E0,1.832224E0,7.053713E2,4.839499E2
7.804167E0,,,,,
7.808333E0,1970,-8.303213E0,1.821404E0,7.042280E2,4.842838E2
7.812500E0,,,,,
7.816667E0,1972,-8.348106E0,1.813452E0,7.028424E2,4.845292E2
7.820833E0,,,,,
7.825000E0,1974,-8.356151E0,1.811703E0,7.025941E2,4.845833E2
7.829167E0,,,,,
7.833333E0,1976,-8.385627E0,1.816563E0,7.016844E2,4.844332E2
7.837500E0,,,,,
7.841667E0,1978,-8.399819E0,1.816110E0,7.012463E2,4.844472E2
7.845833E0,,,,,
7.850000E0,1980,-8.407744E0,1.821902E0,7.010017E2,4.842685E2
7.854167E0,,,,,
7.858333E0,1982,-8.435231E0,1.823179E0,7.001534E2,4.842291E2
7.862500E0,,,,,
7.866667E0,1984,-8.473001E0,1.815468E0,6.989876E2,4.844670E2
7.870833E0,,,,,
7.875000E0,1986,-8.513996E0,1.810880E0,6.977223E2,4.846087E2
7.879167E0,,,,,
7.883333E0,1988,-8.568999E0,1.800941E0,6.960247E2,4.849154E2
7.887500E0,,,,,
7.891667E0,1990,-8.639383E0,1.783205E0,6.938524E2,4.854628E2
7.895833E0,,,,,
7.900000E0,1992,-8.691286E0,1.787003E0,6.922504E2,4.853456E2
7.904167E0,,,,,
7.908333E0,1994,-8.764525E0,1.773932E0,6.899900E2,4.857490E2
7.912500E0,,,,,
7.916667E0,1996,-8.831650E0,1.778600E0,6.879182E2,4.856049E2
7.920833E0,,,,,
7.925000E0,1998,-8.878070E0,1.763438E0,6.864855E2,4.860729E2
7.929167E0,,,,,
7.933333E0,2000,-8.933744E0,1.757182E0,6.847672E2,4.862660E2
7.937500E0,,,,,
7.941667E0,2002,-8.963259E0,1.762404E0,6.838562E2,4.861048E2
7.945833E0,,,,,
7.950000E0,2004,-8.999456E0,1.757619E0,6.827390E2,4.862525E2
7.954167E0,,,,,
7.958333E0,2006,-9.025439E0,1.751395E0,6.819371E2,4.864446E2
7.962500E0,,,,,
7.966667E0,2008,-9.028827E0,1.755255E0,6.818325E2,4.863255E2
7.970833E0,,,,,
7.975000E0,2010,-9.047149E0,1.763214E0,6.812670E2,4.860798E2
7.979167E0,,,,,
7.983333E0,2012,-9.080939E0,1.759891E0,6.802241E2,4.861824E2
7.987500E0,,,,,
7.991667E0,2014,-9.096891E0,1.761799E0,6.797318E2,4.861235E2
7.995833E0,,,,,
8.000000E0,2016,-9.128527E0,1.766503E0,6.787553E2,4.859783E2
8.004167E0,,,,,
8.008333E0,2018,-9.181692E0,1.769182E0,6.771144E2,4.858956E2
8.012500E0,,,,,
8.016667E0,2020,-9.234812E0,1.773760E0,6.754750E2,4.857543E2
8.020833E0,,,,,
8.025000E0,2022,-9.290970E0,1.776021E0,6.737417E2,4.856846E2
8.029167E0,,,,,
8.033333E0,2024,-9.362861E0,1.782835E0,6.715228E2,4.854742E2
8.037500E0,,,,,
8.041667E0,2026,-9.429930E0,1.780359E0,6.694528E2,4.855506E2
8.045833E0,,,,,
8.050000E0,2028,-9.472393E0,1.791569E0,6.681422E2,4.852047E2
8.054167E0,,,,,
8.058333E0,2030,-9.548824E0,1.794294E0,6.657832E2,4.851206E2
8.062500E0,,,,,
8.066667E0,2032,-9.595853E0,1.795296E0,6.643317E2,4.850896E2
8.070833E0,,,,,
8.075000E0,2034,-9.627820E0,1.798253E0,6.633451E2,4.849984E2
8.079167E0,,,,,
8.083333E0,2036,-9.676983E0,1.810796E0,6.618277E2,4.846112E2
8.087500E0,,,,,
8.091667E0,2038,-9.695401E0,1.816823E0,6.612592E2,4.844252E2
8.095833E0,,,,,
8.100000E0,2040,-9.702997E0,1.816472E0,6.610248E2,4.844361E2
8.104167E0,,,,,
8.108333E0,2042,-9.711419E0,1.811938E0,6.607649E2,4.845760E2
8.112500E0,,,,,
8.116667E0,2044,-9.745858E0,1.798474E0,6.597019E2,4.849915E2
8.120833E0,,,,,
8.125000E0,2046,-9.775706E0,1.793960E0,6.587807E2,4.851309E2
8.129167E0,,,,,
8.133333E0,2048,-9.795589E0,1.802819E0,6.581670E2,4.848574E2
8.137500E0,,,,,
8.141667E0,2050,-9.846506E0,1.810568E0,6.565955E2,4.846183E2
8.145833E0,,,,,
8.150000E0,2052,-9.908222E0,1.807124E0,6.546907E2,4.847246E2
8.154167E0,,,,,
8.158333E0,2054,-9.954410E0,1.809723E0,6.532651E2,4.846444E2
8.162500E0,,,,,
8.166667E0,2056,-1.003460E1,1.821228E0,6.507902E2,4.842892E2
8.170833E0,,,,,
8.175000E0,2058,-1.008567E1,1.824733E0,6.492140E2,4.841811E2
8.179167E0,,,,,
8.183333E0,2060,-1.016240E1,1.814263E0,6.468458E2,4.845042E2
8.187500E0,,,,,
8.191667E0,2062,-1.021277E1,1.805647E0,6.452910E2,4.847701E2
8.195833E0,,,,,
8.200000E0,2064,-1.025952E1,1.811714E0,6.438483E2,4.845829E2
8.204167E0,,,,,
8.208333E0,2066,-1.029161E1,1.822601E0,6.428576E2,4.842469E2
8.212500E0,,,,,
8.216667E0,2068,-1.033093E1,1.818022E0,6.416443E2,4.843882E2
8.220833E0,,,,,
8.225000E0,2070,-1.035398E1,1.812886E0,6.409326E2,4.845467E2
8.229167E0,,,,,
8.233333E0,2072,-1.037141E1,1.811184E0,6.403947E2,4.845993E2
8.237500E0,,,,,
8.241667E0,2074,-1.038831E1,1.810225E0,6.398732E2,4.846288E2
8.245833E0,,,,,
8.250000E0,2076,-1.041548E1,1.814998E0,6.390347E2,4.844815E2
8.254167E0,,,,,
8.258333E0,2078,-1.043051E1,1.812659E0,6.385708E2,4.845537E2
8.262500E0,,,,,
8.266667E0,2080,-1.047266E1,1.820850E0,6.372698E2,4.843009E2
8.270833E0,,,,,
8.275000E0,2082,-1.052142E1,1.814268E0,6.357649E2,4.845041E2
8.279167E0,,,,,
8.283333E0,2084,-1.056214E1,1.826590E0,6.345080E2,4.841238E2
8.287500E0,,,,,
8.291667E0,2086,-1.063307E1,1.824077E0,6.323188E2,4.842013E2
8.295833E0,,,,,
8.300000E0,2088,-1.069104E1,1.835267E0,6.305297E2,4.838560E2
8.304167E0,,,,,
8.308333E0,2090,-1.076007E1,1.832627E0,6.283991E2,4.839374E2
8.312500E0,,,,,
8.316667E0,2092,-1.082258E1,1.850215E0,6.264697E2,4.833946E2
8.320833E0,,,,,
8.325000E0,2094,-1.087661E1,1.855228E0,6.248022E2,4.832399E2
8.329167E0,,,,,
8.333333E0,2096,-1.092496E1,1.855065E0,6.233100E2,4.832449E2
8.337500E0,,,,,
8.341667E0,2098,-1.096538E1,1.868564E0,6.220625E2,4.828283E2
8.345833E0,,,,,
8.350000E0,2100,-1.098604E1,1.868437E0,6.214246E2,4.828322E2
8.354167E0,,,,,
8.358333E0,2102,-1.102314E1,1.859242E0,6.202797E2,4.831160E2
8.362500E0,,,,,
8.366667E0,2104,-1.103877E1,1.869176E0,6.197972E2,4.828094E2
8.370833E0,,,,,
8.375000E0,2106,-1.105292E1,1.865305E0,6.193606E2,4.829289E2
8.379167E0,,,,,
8.383333E0,2108,-1.106345E1,1.864439E0,6.190356E2,4.829556E2
8.387500E0,,,,,
8.391667E0,2110,-1.108203E1,1.863035E0,6.184620E2,4.829989E2
8.395833E0,,,,,
8.400000E0,2112,-1.113429E1,1.877180E0,6.168492E2,4.825623E2
8.404167E0,,,,,
8.408333E0,2114,-1.118092E1,1.873431E0,6.154100E2,4.826780E2
8.412500E0,,,,,
8.416667E0,2116,-1.123229E1,1.886915E0,6.138243E2,4.822619E2
8.420833E0,,,,,
8.425000E0,2118,-1.127849E1,1.892859E0,6.123984E2,4.820784E2
8.429167E0,,,,,
8.433333E0,2120,-1.136018E1,1.915673E0,6.098771E2,4.813743E2
8.437500E0,,,,,
8.441667E0,2122,-1.141517E1,1.916366E0,6.081800E2,4.813529E2
8.445833E0,,,,,
8.450000E0,2124,-1.147149E1,1.927249E0,6.064415E2,4.810170E2
8.454167E0,,,,,
8.458333E0,2126,-1.153525E1,1.949065E0,6.044739E2,4.803437E2
8.462500E0,,,,,
8.466667E0,2128,-1.159088E1,1.949440E0,6.027567E2,4.803321E2
8.470833E0,,,,,
8.475000E0,2130,-1.162968E1,1.950819E0,6.015593E2,4.802895E2
8.479167E0,,,,,
8.483333E0,2132,-1.166036E1,1.946228E0,6.006125E2,4.804312E2
8.487500E0,,,,,
8.491667E0,2134,-1.167532E1,1.958963E0,6.001508E2,4.800382E2
8.495833E0,,,,,
8.500000E0,2136,-1.169546E1,1.958790E0,5.995290E2,4.800435E2
8.504167E0,,,,,
8.508333E0,2138,-1.171181E1,1.960908E0,5.990245E2,4.799782E2
8.512500E0,,,,,
8.516667E0,2140,-1.172895E1,1.976951E0,5.984954E2,4.794830E2
8.520833E0,,,,,
8.525000E0,2142,-1.175723E1,1.974637E0,5.976226E2,4.795544E2
8.529167E0,,,,,
8.533333E0,2144,-1.179241E1,1.985382E0,5.965367E2,4.792228E2
8.537500E0,,,,,
8.541667E0,2146,-1.183979E1,1.992993E0,5.950743E2,4.789879E2
8.545833E0,,,,,
8.550000E0,2148,-1.189180E1,1.990621E0,5.934690E2,4.790611E2
8.554167E0,,,,,
8.558333E0,2150,-1.195333E1,1.992723E0,5.915701E2,4.789962E2
8.562500E0,,,,,
8.566667E0,2152,-1.200422E1,2.013375E0,5.899994E2,4.783588E2
8.570833E0,,,,,
8.575000E0,2154,-1.207508E1,2.017803E0,5.878122E2,4.782221E2
8.579167E0,,,,,
8.583333E0,2156,-1.213858E1,2.009707E0,5.858524E2,4.784720E2
8.587500E0,,,,,
8.591667E0,2158,-1.218654E1,2.018274E0,5.843721E2,4.782076E2
8.595833E0,,,,,
8.600000E0,2160,-1.224841E1,2.022092E0,5.824626E2,4.780898E2
8.604167E0,,,,,
8.608333E0,2162,-1.229019E1,2.017803E0,5.811732E2,4.782221E2
8.612500E0,,,,,
8.616667E0,2164,-1.232374E1,2.040305E0,5.801377E2,4.775276E2
8.620833E0,,,,,
8.625000E0,2166,-1.234313E1,2.020414E0,5.795393E2,4.781415E2
8.629167E0,,,,,
8.633333E0,2168,-1.235251E1,2.027890E0,5.792498E2,4.779108E2
8.637500E0,,,,,
8.641667E0,2170,-1.237077E1,2.029156E0,5.786862E2,4.778717E2
8.645833E0,,,,,
8.650000E0,2172,-1.238450E1,2.031096E0,5.782623E2,4.778119E2
8.654167E0,,,,,
8.658333E0,2174,-1.240983E1,2.029976E0,5.774807E2,4.778464E2
8.662500E0,,,,,
8.666667E0,2176,-1.244511E1,2.022579E0,5.763917E2,4.780747E2
8.670833E0,,,,,
8.675000E0,2178,-1.249510E1,2.033378E0,5.748488E2,4.777414E2
8.679167E0,,,,,
8.683333E0,2180,-1.255127E1,2.037620E0,5.731151E2,4.776105E2
8.687500E0,,,,,
8.691667E0,2182,-1.261191E1,2.036382E0,5.712434E2,4.776487E2
8.695833E0,,,,,
8.700000E0,2184,-1.267691E1,2.031007E0,5.692374E2,4.778146E2
8.704167E0,,,,,
8.708333E0,2186,-1.274275E1,2.034886E0,5.672053E2,4.776949E2
8.712500E0,,,,,
8.716667E0,2188,-1.280587E1,2.034857E0,5.652570E2,4.776958E2
8.720833E0,,,,,
8.725000E0,2190,-1.286860E1,2.037867E0,5.633209E2,4.776029E2
8.729167E0,,,,,
8.733333E0,2192,-1.291663E1,2.032789E0,5.618384E2,4.777596E2
8.737500E0,,,,,
8.741667E0,2194,-1.296145E1,2.032142E0,5.604553E2,4.777796E2
8.745833E0,,,,,
8.750000E0,2196,-1.299001E1,2.038598E0,5.595738E2,4.775803E2
8.754167E0,,,,,
8.758333E0,2198,-1.300095E1,2.045179E0,5.592362E2,4.773772E2
8.762500E0,,,,,
8.766667E0,2200,-1.302129E1,2.047931E0,5.586082E2,4.772923E2
8.770833E0,,,,,
8.775000E0,2202,-1.303770E1,2.042061E0,5.581019E2,4.774734E2
8.779167E0,,,,,
8.783333E0,2204,-1.305647E1,2.038193E0,5.575224E2,4.775928E2
8.787500E0,,,,,
8.791667E0,2206,-1.309264E1,2.030217E0,5.564061E2,4.778390E2
8.795833E0,,,,,
8.800000E0,2208,-1.311507E1,2.040429E0,5.557140E2,4.775238E2
8.804167E0,,,,,
8.808333E0,2210,-1.316061E1,2.046579E0,5.543083E2,4.773340E2
8.812500E0,,,,,
8.816667E0,2212,-1.321521E1,2.031140E0,5.526231E2,4.778105E2
8.820833E0,,,,,
8.825000E0,2214,-1.328254E1,2.040674E0,5.505451E2,4.775162E2
8.829167E0,,,,,
8.833333E0,2216,-1.333430E1,2.050371E0,5.489476E2,4.772169E2
8.837500E0,,,,,
8.841667E0,2218,-1.341977E1,2.048891E0,5.463096E2,4.772626E2
8.845833E0,,,,,
8.850000E0,2220,-1.346907E1,2.059518E0,5.447881E2,4.769346E2
8.854167E0,,,,,
8.858333E0,2222,-1.352519E1,2.054829E0,5.430559E2,4.770793E2
8.862500E0,,,,,
8.866667E0,2224,-1.358610E1,2.070784E0,5.411759E2,4.765869E2
8.870833E0,,,,,
8.875000E0,2226,-1.361270E1,2.072313E0,5.403549E2,4.765397E2
8.879167E0,,,,,
8.883333E0,2228,-1.365399E1,2.083137E0,5.390807E2,4.762056E2
8.887500E0,,,,,
8.891667E0,2230,-1.366815E1,2.071208E0,5.386436E2,4.765738E2
8.895833E0,,,,,
8.900000E0,2232,-1.369113E1,2.069709E0,5.379343E2,4.766201E2
8.904167E0,,,,,
8.908333E0,2234,-1.369996E1,2.067884E0,5.376616E2,4.766764E2
8.912500E0,,,,,
8.916667E0,2236,-1.372308E1,2.080813E0,5.369482E2,4.762774E2
8.920833E0,,,,,
8.925000E0,2238,-1.375972E1,2.077584E0,5.358172E2,4.763770E2
8.929167E0,,,,,
8.933333E0,2240,-1.378604E1,2.093526E0,5.350048E2,4.758850E2
8.937500E0,,,,,
8.941667E0,2242,-1.381825E1,2.095844E0,5.340108E2,4.758135E2
8.945833E0,,,,,
8.950000E0,2244,-1.389473E1,2.105242E0,5.316505E2,4.755234E2
8.954167E0,,,,,
8.958333E0,2246,-1.393537E1,2.096509E0,5.303960E2,4.757929E2
8.962500E0,,,,,
8.966667E0,2248,-1.400154E1,2.104156E0,5.283536E2,4.755569E2
8.970833E0,,,,,
8.975000E0,2250,-1.408434E1,2.104306E0,5.257981E2,4.755523E2
8.979167E0,,,,,
8.983333E0,2252,-1.414035E1,2.096654E0,5.240694E2,4.757884E2
8.987500E0,,,,,
8.991667E0,2254,-1.419718E1,2.099905E0,5.223155E2,4.756881E2
8.995833E0,,,,,
9.000000E0,2256,-1.423882E1,2.105952E0,5.210303E2,4.755015E2
9.004167E0,,,,,
9.008333E0,2258,-1.428044E1,2.112834E0,5.197457E2,4.752891E2
9.012500E0,,,,,
9.016667E0,2260,-1.431813E1,2.105170E0,5.185824E2,4.755256E2
9.020833E0,,,,,
9.025000E0,2262,-1.433541E1,2.107653E0,5.180490E2,4.754490E2
9.029167E0,,,,,
9.033333E0,2264,-1.434507E1,2.108411E0,5.177508E2,4.754256E2
9.037500E0,,,,,
9.041667E0,2266,-1.437039E1,2.099052E0,5.169694E2,4.757144E2
9.045833E0,,,,,
9.050000E0,2268,-1.437960E1,2.117473E0,5.166852E2,4.751459E2
9.054167E0,,,,,
9.058333E0,2270,-1.441022E1,2.113834E0,5.157400E2,4.752582E2
9.062500E0,,,,,
9.066667E0,2272,-1.445041E1,2.112983E0,5.144997E2,4.752845E2
9.070833E0,,,,,
9.075000E0,2274,-1.448194E1,2.113285E0,5.135265E2,4.752752E2
9.079167E0,,,,,
9.083333E0,2276,-1.454344E1,2.111097E0,5.116284E2,4.753427E2
9.087500E0,,,,,
9.091667E0,2278,-1.461166E1,2.106944E0,5.095229E2,4.754709E2
9.095833E0,,,,,
9.100000E0,2280,-1.466755E1,2.105285E0,5.077979E2,4.755221E2
9.104167E0,,,,,
9.108333E0,2282,-1.474317E1,2.128186E0,5.054639E2,4.748153E2
9.112500E0,,,,,
9.116667E0,2284,-1.480596E1,2.112963E0,5.035258E2,4.752851E2
9.120833E0,,,,,
9.125000E0,2286,-1.480375E1,2.116335E0,5.035941E2,4.751810E2
9.129167E0,,,,,
9.133333E0,2288,-1.475275E1,2.112896E0,5.051681E2,4.752872E2
9.137500E0,,,,,
9.141667E0,2290,-1.473240E1,2.115115E0,5.057963E2,4.752187E2
9.145833E0,,,,,
9.150000E0,2292,-1.468512E1,2.129457E0,5.072556E2,4.747760E2
9.154167E0,,,,,
9.158333E0,2294,-1.466369E1,2.124146E0,5.079168E2,4.749399E2
9.162500E0,,,,,
9.166667E0,2296,-1.465794E1,2.127403E0,5.080944E2,4.748394E2
9.170833E0,,,,,
9.175000E0,2298,-1.462250E1,2.125789E0,5.091881E2,4.748892E2
9.179167E0,,,,,
9.183333E0,2300,-1.459508E1,2.130164E0,5.100345E2,4.747542E2
9.187500E0,,,,,
9.191667E0,2302,-1.458310E1,2.127329E0,5.104045E2,4.748417E2
9.195833E0,,,,,
9.200000E0,2304,-1.454592E1,2.139478E0,5.115518E2,4.744667E2
9.204167E0,,,,,
9.208333E0,2306,-1.450195E1,2.140335E0,5.129089E2,4.744403E2
9.212500E0,,,,,
9.216667E0,2308,-1.445371E1,2.143888E0,5.143978E2,4.743306E2
9.220833E0,,,,,
9.225000E0,2310,-1.439606E1,2.141083E0,5.161771E2,4.744172E2
9.229167E0,,,,,
9.233333E0,2312,-1.433297E1,2.147804E0,5.181243E2,4.742098E2
9.237500E0,,,,,
9.241667E0,2314,-1.426552E1,2.144148E0,5.202062E2,4.743226E2
9.245833E0,,,,,
9.250000E0,2316,-1.419555E1,2.144274E0,5.223658E2,4.743187E2
9.254167E0,,,,,
9.258333E0,2318,-1.414390E1,2.156145E0,5.239600E2,4.739523E2
9.262500E0,,,,,
9.266667E0,2320,-1.408556E1,2.154405E0,5.257603E2,4.740060E2
9.270833E0,,,,,
9.275000E0,2322,-1.406003E1,2.162299E0,5.265485E2,4.737624E2
9.279167E0,,,,,
9.283333E0,2324,-1.401759E1,2.166247E0,5.278583E2,4.736405E2
9.287500E0,,,,,
9.291667E0,2326,-1.400279E1,2.171391E0,5.283152E2,4.734817E2
9.295833E0,,,,,
9.300000E0,2328,-1.398212E1,2.167373E0,5.289530E2,4.736058E2
9.304167E0,,,,,
9.308333E0,2330,-1.396974E1,2.165064E0,5.293352E2,4.736770E2
9.312500E0,,,,,
9.316667E0,2332,-1.395091E1,2.163515E0,5.299164E2,4.737249E2
9.320833E0,,,,,
9.325000E0,2334,-1.393273E1,2.163662E0,5.304773E2,4.737203E2
9.329167E0,,,,,
9.333333E0,2336,-1.388167E1,2.165310E0,5.320533E2,4.736695E2
9.337500E0,,,,,
9.341667E0,2338,-1.384254E1,2.180425E0,5.332610E2,4.732029E2
9.345833E0,,,,,
9.350000E0,2340,-1.378696E1,2.185864E0,5.349766E2,4.730351E2
9.354167E0,,,,,
9.358333E0,2342,-1.372376E1,2.178818E0,5.369271E2,4.732525E2
9.362500E0,,,,,
9.366667E0,2344,-1.366798E1,2.198596E0,5.386489E2,4.726421E2
9.370833E0,,,,,
9.375000E0,2346,-1.359292E1,2.202011E0,5.409655E2,4.725367E2
9.379167E0,,,,,
9.383333E0,2348,-1.353650E1,2.194504E0,5.427069E2,4.727684E2
9.387500E0,,,,,
9.391667E0,2350,-1.348081E1,2.206032E0,5.444255E2,4.724126E2
9.395833E0,,,,,
9.400000E0,2352,-1.342616E1,2.203142E0,5.461123E2,4.725018E2
9.404167E0,,,,,
9.408333E0,2354,-1.339440E1,2.217366E0,5.470926E2,4.720628E2
9.412500E0,,,,,
9.416667E0,2356,-1.335153E1,2.203970E0,5.484158E2,4.724762E2
9.420833E0,,,,,
9.425000E0,2358,-1.333454E1,2.226438E0,5.489403E2,4.717828E2
9.429167E0,,,,,
9.433333E0,2360,-1.332234E1,2.238339E0,5.493167E2,4.714155E2
9.437500E0,,,,,
9.441667E0,2362,-1.330101E1,2.231035E0,5.499748E2,4.716409E2
9.445833E0,,,,,
9.450000E0,2364,-1.328612E1,2.228576E0,5.504345E2,4.717168E2
9.454167E0,,,,,
9.458333E0,2366,-1.324415E1,2.215522E0,5.517298E2,4.721197E2
9.462500E0,,,,,
9.466667E0,2368,-1.322435E1,2.236907E0,5.523411E2,4.714597E2
9.470833E0,,,,,
9.475000E0,2370,-1.319051E1,2.214085E0,5.533856E2,4.721641E2
9.479167E0,,,,,
9.483333E0,2372,-1.313304E1,2.240061E0,5.551594E2,4.713623E2
9.487500E0,,,,,
9.491667E0,2374,-1.307526E1,2.213205E0,5.569426E2,4.721912E2
9.495833E0,,,,,
9.500000E0,2376,-1.300472E1,2.214748E0,5.591198E2,4.721436E2
9.504167E0,,,,,
9.508333E0,2378,-1.291982E1,2.225070E0,5.617402E2,4.718250E2
9.512500E0,,,,,
9.516667E0,2380,-1.287480E1,2.215408E0,5.631296E2,4.721232E2
9.520833E0,,,,,
9.525000E0,2382,-1.281428E1,2.216307E0,5.649975E2,4.720955E2
9.529167E0,,,,,
9.533333E0,2384,-1.275855E1,2.219909E0,5.667175E2,4.719843E2
9.537500E0,,,,,
9.541667E0,2386,-1.271951E1,2.220730E0,5.679226E2,4.719590E2
9.545833E0,,,,,
9.550000E0,2388,-1.269834E1,2.211075E0,5.685759E2,4.722569E2
9.554167E0,,,,,
9.558333E0,2390,-1.267085E1,2.213289E0,5.694245E2,4.721886E2
9.562500E0,,,,,
9.566667E0,2392,-1.263711E1,2.207701E0,5.704658E2,4.723611E2
9.570833E0,,,,,
9.575000E0,2394,-1.263013E1,2.208329E0,5.706810E2,4.723417E2
9.579167E0,,,,,
9.583333E0,2396,-1.261913E1,2.197877E0,5.710206E2,4.726643E2
9.587500E0,,,,,
9.591667E0,2398,-1.258633E1,2.197941E0,5.720330E2,4.726623E2
9.595833E0,,,,,
9.600000E0,2400,-1.254699E1,2.193313E0,5.732472E2,4.728051E2
9.604167E0,,,,,
9.608333E0,2402,-1.251352E1,2.201488E0,5.742801E2,4.725528E2
9.612500E0,,,,,
9.616667E0,2404,-1.246020E1,2.195812E0,5.759258E2,4.727280E2
9.620833E0,,,,,
9.625000E0,2406,-1.239568E1,2.183761E0,5.779173E2,4.731000E2
9.629167E0,,,,,
9.633333E0,2408,-1.233215E1,2.174399E0,5.798781E2,4.733889E2
9.637500E0,,,,,
9.641667E0,2410,-1.227136E1,2.175754E0,5.817542E2,4.733471E2
9.645833E0,,,,,
9.650000E0,2412,-1.220401E1,2.155575E0,5.838331E2,4.739699E2
9.654167E0,,,,,
9.658333E0,2414,-1.213709E1,2.142998E0,5.858984E2,4.743581E2
9.662500E0,,,,,
9.666667E0,2416,-1.210011E1,2.135412E0,5.870399E2,4.745922E2
9.670833E0,,,,,
9.675000E0,2418,-1.206988E1,2.128276E0,5.879728E2,4.748125E2
9.679167E0,,,,,
9.683333E0,2420,-1.204376E1,2.127426E0,5.887790E2,4.748387E2
9.687500E0,,,,,
9.691667E0,2422,-1.201297E1,2.120281E0,5.897294E2,4.750592E2
9.695833E0,,,,,
9.700000E0,2424,-1.199998E1,2.121466E0,5.901304E2,4.750227E2
9.704167E0,,,,,
9.708333E0,2426,-1.197467E1,2.113111E0,5.909115E2,4.752805E2
9.712500E0,,,,,
9.716667E0,2428,-1.195297E1,2.111304E0,5.915811E2,4.753363E2
9.720833E0,,,,,
9.725000E0,2430,-1.192202E1,2.102723E0,5.925364E2,4.756011E2
9.729167E0,,,,,
9.733333E0,2432,-1.189746E1,2.113507E0,5.932945E2,4.752683E2
9.737500E0,,,,,
9.741667E0,2434,-1.185836E1,2.088886E0,5.945012E2,4.760282E2
9.745833E0,,,,,
9.750000E0,2436,-1.179723E1,2.090751E0,5.963878E2,4.759706E2
9.754167E0,,,,,
9.758333E0,2438,-1.174420E1,2.080526E0,5.980247E2,4.762862E2
9.762500E0,,,,,
9.766667E0,2440,-1.168151E1,2.065216E0,5.999595E2,4.767588E2
9.770833E0,,,,,
9.775000E0,2442,-1.160953E1,2.038356E0,6.021812E2,4.775878E2
9.779167E0,,,,,
9.783333E0,2444,-1.154606E1,2.038694E0,6.041400E2,4.775774E2
9.787500E0,,,,,
9.791667E0,2446,-1.149357E1,2.025365E0,6.057601E2,4.779887E2
9.795833E0,,,,,
9.800000E0,2448,-1.143971E1,2.009677E0,6.074225E2,4.784729E2
9.804167E0,,,,,
9.808333E0,2450,-1.140889E1,2.019185E0,6.083737E2,4.781795E2
9.812500E0,,,,,
9.816667E0,2452,-1.137865E1,2.004319E0,6.093070E2,4.786383E2
9.820833E0,,,,,
9.825000E0,2454,-1.135146E1,2.009972E0,6.101462E2,4.784638E2
9.829167E0,,,,,
9.833333E0,2456,-1.133232E1,2.002062E0,6.107370E2,4.787080E2
9.837500E0,,,,,
9.841667E0,2458,-1.132067E1,1.991909E0,6.110967E2,4.790213E2
9.845833E0,,,,,
9.850000E0,2460,-1.128369E1,1.985942E0,6.122380E2,4.792055E2
9.854167E0,,,,,
9.858333E0,2462,-1.127828E1,1.975305E0,6.124051E2,4.795338E2
9.862500E0,,,,,
9.866667E0,2464,-1.124288E1,1.967834E0,6.134976E2,4.797644E2
9.870833E0,,,,,
9.875000E0,2466,-1.120369E1,1.963054E0,6.147072E2,4.799119E2
9.879167E0,,,,,
9.883333E0,2468,-1.115263E1,1.940234E0,6.162831E2,4.806162E2
9.887500E0,,,,,
9.891667E0,2470,-1.109946E1,1.928516E0,6.179242E2,4.809779E2
9.895833E0,,,,,
9.900000E0,2472,-1.104036E1,1.904857E0,6.197482E2,4.817081E2
9.904167E0,,,,,
9.908333E0,2474,-1.097336E1,1.879769E0,6.218161E2,4.824824E2
9.912500E0,,,,,
9.916667E0,2476,-1.091021E1,1.858941E0,6.237652E2,4.831253E2
9.920833E0,,,,,
9.925000E0,2478,-1.084235E1,1.836190E0,6.258594E2,4.838275E2
9.929167E0,,,,,
9.933333E0,2480,-1.079904E1,1.829853E0,6.271964E2,4.840231E2
9.937500E0,,,,,
9.941667E0,2482,-1.077087E1,1.808892E0,6.280656E2,4.846700E2
9.945833E0,,,,,
9.950000E0,2484,-1.074165E1,1.806738E0,6.289677E2,4.847365E2
9.954167E0,,,,,
9.958333E0,2486,-1.071965E1,1.804931E0,6.296465E2,4.847922E2
9.962500E0,,,,,
9.966667E0,2488,-1.069904E1,1.805707E0,6.302828E2,4.847683E2
9.970833E0,,,,,
9.975000E0,2490,-1.068206E1,1.796898E0,6.308067E2,4.850402E2
9.979167E0,,,,,
9.983333E0,2492,-1.067497E1,1.784748E0,6.310255E2,4.854152E2
9.987500E0,,,,,
9.991667E0,2494,-1.064178E1,1.761458E0,6.320500E2,4.861340E2
