,G,,,,,
t,frame,x,y,pixelx,pixely,
0.000000E0,96,6.670346E-5,-9.994519E0,9.605021E2,8.489728E2
4.166667E-3,,,,,
8.333333E-3,98,-3.249760E-3,-1.001582E1,9.603997E2,8.496302E2
1.250000E-2,,,,,
1.666667E-2,100,-1.525749E-2,-1.006138E1,9.600291E2,8.510365E2
2.083333E-2,,,,,
2.500000E-2,102,-5.466866E-3,-1.009130E1,9.603313E2,8.519598E2
2.916667E-2,,,,,
3.333333E-2,104,-2.524099E-2,-1.014093E1,9.597210E2,8.534916E2
3.750000E-2,,,,,
4.166667E-2,106,-3.565112E-2,-1.021094E1,9.593997E2,8.556526E2
4.583333E-2,,,,,
5.000000E-2,108,-6.290340E-2,-1.029346E1,9.585585E2,8.581993E2
5.416667E-2,,,,,
5.833333E-2,110,-5.487350E-2,-1.036073E1,9.588064E2,8.602756E2
6.250000E-2,,,,,
6.666667E-2,112,-7.450883E-2,-1.044595E1,9.582003E2,8.629059E2
7.083333E-2,,,,,
7.500000E-2,114,-8.594611E-2,-1.053064E1,9.578473E2,8.655198E2
7.916667E-2,,,,,
8.333333E-2,116,-9.393621E-2,-1.061731E1,9.576007E2,8.681946E2
8.750000E-2,,,,,
9.166667E-2,118,-1.133768E-1,-1.068314E1,9.570007E2,8.702264E2
9.583333E-2,,,,,
1.000000E-1,120,-1.087793E-1,-1.073768E1,9.571426E2,8.719099E2
1.041667E-1,,,,,
1.083333E-1,122,-1.117926E-1,-1.079834E1,9.570496E2,8.737822E2
1.125000E-1,,,,,
1.166667E-1,124,-1.055591E-1,-1.083543E1,9.572420E2,8.749268E2
1.208333E-1,,,,,
1.250000E-1,126,-1.234179E-1,-1.087150E1,9.566908E2,8.760401E2
1.291667E-1,,,,,
1.333333E-1,128,-1.160776E-1,-1.090262E1,9.569174E2,8.770006E2
1.375000E-1,,,,,
1.416667E-1,130,-1.084957E-1,-1.091652E1,9.571514E2,8.774296E2
1.458333E-1,,,,,
1.500000E-1,132,-1.134672E-1,-1.094111E1,9.569979E2,8.781885E2
1.541667E-1,,,,,
1.583333E-1,134,-1.185607E-1,-1.097852E1,9.568407E2,8.793432E2
1.625000E-1,,,,,
1.666667E-1,136,-1.466190E-1,-1.100458E1,9.559747E2,8.801474E2
1.708333E-1,,,,,
1.750000E-1,138,-1.420121E-1,-1.105132E1,9.561169E2,8.815901E2
1.791667E-1,,,,,
1.833333E-1,140,-1.446374E-1,-1.110808E1,9.560359E2,8.833419E2
1.875000E-1,,,,,
1.916667E-1,142,-1.577739E-1,-1.119461E1,9.556304E2,8.860128E2
1.958333E-1,,,,,
2.000000E-1,144,-1.595283E-1,-1.127280E1,9.555763E2,8.884258E2
2.041667E-1,,,,,
2.083333E-1,146,-1.738816E-1,-1.135523E1,9.551333E2,8.909701E2
2.125000E-1,,,,,
2.166667E-1,148,-1.630728E-1,-1.145020E1,9.554669E2,8.939012E2
2.208333E-1,,,,,
2.250000E-1,150,-1.911467E-1,-1.152292E1,9.546004E2,8.961456E2
2.291667E-1,,,,,
2.333333E-1,152,-1.772343E-1,-1.160165E1,9.550298E2,8.985758E2
2.375000E-1,,,,,
2.416667E-1,154,-1.952534E-1,-1.166117E1,9.544737E2,9.004127E2
2.458333E-1,,,,,
2.500000E-1,156,-2.061892E-1,-1.171742E1,9.541361E2,9.021489E2
2.541667E-1,,,,,
2.583333E-1,158,-2.130204E-1,-1.175064E1,9.539253E2,9.031742E2
2.625000E-1,,,,,
2.666667E-1,160,-2.032216E-1,-1.179457E1,9.542277E2,9.045300E2
2.708333E-1,,,,,
2.750000E-1,162,-2.079761E-1,-1.180976E1,9.540810E2,9.049987E2
2.791667E-1,,,,,
2.833333E-1,164,-2.177217E-1,-1.183676E1,9.537802E2,9.058322E2
2.875000E-1,,,,,
2.916667E-1,166,-2.134145E-1,-1.185636E1,9.539131E2,9.064371E2
2.958333E-1,,,,,
3.000000E-1,168,-2.225145E-1,-1.188196E1,9.536323E2,9.072271E2
3.041667E-1,,,,,
3.083333E-1,170,-2.157249E-1,-1.192341E1,9.538418E2,9.085066E2
3.125000E-1,,,,,
3.166667E-1,172,-2.256890E-1,-1.196867E1,9.535343E2,9.099034E2
3.208333E-1,,,,,
3.250000E-1,174,-2.289995E-1,-1.204435E1,9.534321E2,9.122391E2
3.291667E-1,,,,,
3.333333E-1,176,-2.260535E-1,-1.210556E1,9.535230E2,9.141284E2
3.375000E-1,,,,,
3.416667E-1,178,-2.353805E-1,-1.218937E1,9.532352E2,9.167150E2
3.458333E-1,,,,,
3.500000E-1,180,-2.199764E-1,-1.226994E1,9.537106E2,9.192020E2
3.541667E-1,,,,,
3.583333E-1,182,-2.444001E-1,-1.236373E1,9.529568E2,9.220967E2
3.625000E-1,,,,,
3.666667E-1,184,-2.351815E-1,-1.242921E1,9.532413E2,9.241176E2
3.708333E-1,,,,,
3.750000E-1,186,-2.345175E-1,-1.251243E1,9.532618E2,9.266860E2
3.791667E-1,,,,,
3.833333E-1,188,-2.478696E-1,-1.258322E1,9.528497E2,9.288711E2
3.875000E-1,,,,,
3.916667E-1,190,-2.554731E-1,-1.262857E1,9.526150E2,9.302706E2
3.958333E-1,,,,,
4.000000E-1,192,-2.570683E-1,-1.267870E1,9.525658E2,9.318180E2
4.041667E-1,,,,,
4.083333E-1,194,-2.662860E-1,-1.271792E1,9.522813E2,9.330284E2
4.125000E-1,,,,,
4.166667E-1,196,-2.588764E-1,-1.274486E1,9.525100E2,9.338597E2
4.208333E-1,,,,,
4.250000E-1,198,-2.670173E-1,-1.276030E1,9.522587E2,9.343365E2
4.291667E-1,,,,,
4.333333E-1,200,-2.634425E-1,-1.278017E1,9.523691E2,9.349496E2
4.375000E-1,,,,,
4.416667E-1,202,-2.644303E-1,-1.280257E1,9.523386E2,9.356410E2
4.458333E-1,,,,,
4.500000E-1,204,-2.685177E-1,-1.285546E1,9.522124E2,9.372735E2
4.541667E-1,,,,,
4.583333E-1,206,-2.680853E-1,-1.289444E1,9.522258E2,9.384765E2
4.625000E-1,,,,,
4.666667E-1,208,-2.644238E-1,-1.296354E1,9.523388E2,9.406092E2
4.708333E-1,,,,,
4.750000E-1,210,-2.668142E-1,-1.302614E1,9.522650E2,9.425415E2
4.791667E-1,,,,,
4.833333E-1,212,-2.577834E-1,-1.309897E1,9.525437E2,9.447892E2
4.875000E-1,,,,,
4.916667E-1,214,-2.460043E-1,-1.318393E1,9.529073E2,9.474115E2
4.958333E-1,,,,,
5.000000E-1,216,-2.498934E-1,-1.327551E1,9.527872E2,9.502381E2
5.041667E-1,,,,,
5.083333E-1,218,-2.422121E-1,-1.335057E1,9.530243E2,9.525547E2
5.125000E-1,,,,,
5.166667E-1,220,-2.394468E-1,-1.342684E1,9.531097E2,9.549086E2
5.208333E-1,,,,,
5.250000E-1,222,-2.403641E-1,-1.350222E1,9.530814E2,9.572353E2
5.291667E-1,,,,,
5.333333E-1,224,-2.332581E-1,-1.354855E1,9.533007E2,9.586652E2
5.375000E-1,,,,,
5.416667E-1,226,-2.490223E-1,-1.359773E1,9.528141E2,9.601831E2
5.458333E-1,,,,,
5.500000E-1,228,-2.308449E-1,-1.363463E1,9.533752E2,9.613218E2
5.541667E-1,,,,,
5.583333E-1,230,-2.425055E-1,-1.365809E1,9.530153E2,9.620459E2
5.625000E-1,,,,,
5.666667E-1,232,-2.300102E-1,-1.369263E1,9.534009E2,9.631121E2
5.708333E-1,,,,,
5.750000E-1,234,-2.282357E-1,-1.371243E1,9.534557E2,9.637232E2
5.791667E-1,,,,,
5.833333E-1,236,-2.349837E-1,-1.373979E1,9.532474E2,9.645676E2
5.875000E-1,,,,,
5.916667E-1,238,-2.409212E-1,-1.377350E1,9.530642E2,9.656081E2
5.958333E-1,,,,,
6.000000E-1,240,-2.320688E-1,-1.380210E1,9.533374E2,9.664907E2
6.041667E-1,,,,,
6.083333E-1,242,-2.357679E-1,-1.387914E1,9.532232E2,9.688685E2
6.125000E-1,,,,,
6.166667E-1,244,-2.290533E-1,-1.393854E1,9.534305E2,9.707019E2
6.208333E-1,,,,,
6.250000E-1,246,-2.302243E-1,-1.401232E1,9.533943E2,9.729791E2
6.291667E-1,,,,,
6.333333E-1,248,-2.349897E-1,-1.409637E1,9.532472E2,9.755732E2
6.375000E-1,,,,,
6.416667E-1,250,-2.337325E-1,-1.419290E1,9.532860E2,9.785525E2
6.458333E-1,,,,,
6.500000E-1,252,-2.329689E-1,-1.425943E1,9.533096E2,9.806058E2
6.541667E-1,,,,,
6.583333E-1,254,-2.316766E-1,-1.434422E1,9.533495E2,9.832228E2
6.625000E-1,,,,,
6.666667E-1,256,-2.393954E-1,-1.442814E1,9.531113E2,9.858128E2
6.708333E-1,,,,,
6.750000E-1,258,-2.385052E-1,-1.448673E1,9.531387E2,9.876212E2
6.791667E-1,,,,,
6.833333E-1,260,-2.378626E-1,-1.452559E1,9.531586E2,9.888207E2
6.875000E-1,,,,,
6.916667E-1,262,-2.214640E-1,-1.454835E1,9.536647E2,9.895230E2
6.958333E-1,,,,,
7.000000E-1,264,-2.221923E-1,-1.459280E1,9.536422E2,9.908950E2
7.041667E-1,,,,,
7.083333E-1,266,-2.351970E-1,-1.459869E1,9.532408E2,9.910770E2
7.125000E-1,,,,,
7.166667E-1,268,-2.342990E-1,-1.463447E1,9.532686E2,9.921810E2
7.208333E-1,,,,,
7.250000E-1,270,-2.287983E-1,-1.465808E1,9.534383E2,9.929099E2
7.291667E-1,,,,,
7.333333E-1,272,-2.325926E-1,-1.469701E1,9.533212E2,9.941116E2
7.375000E-1,,,,,
7.416667E-1,274,-2.396344E-1,-1.473324E1,9.531039E2,9.952298E2
7.458333E-1,,,,,
7.500000E-1,276,-2.447075E-1,-1.478546E1,9.529473E2,9.968414E2
7.541667E-1,,,,,
7.583333E-1,278,-2.245311E-1,-1.485828E1,9.535700E2,9.990888E2
7.625000E-1,,,,,
7.666667E-1,280,-2.381176E-1,-1.492933E1,9.531507E2,1.001282E3
7.708333E-1,,,,,
7.750000E-1,282,-2.183379E-1,-1.493547E1,9.537612E2,1.001471E3
7.791667E-1,,,,,
7.833333E-1,284,-2.230173E-1,-1.485376E1,9.536167E2,9.989494E2
7.875000E-1,,,,,
7.916667E-1,286,-2.339508E-1,-1.475588E1,9.532793E2,9.959285E2
7.958333E-1,,,,,
8.000000E-1,288,-2.630797E-1,-1.468490E1,9.523803E2,9.937378E2
8.041667E-1,,,,,
8.083333E-1,290,-2.429253E-1,-1.461576E1,9.530023E2,9.916036E2
8.125000E-1,,,,,
8.166667E-1,292,-2.582992E-1,-1.454736E1,9.525278E2,9.894926E2
8.208333E-1,,,,,
8.250000E-1,294,-2.544117E-1,-1.451164E1,9.526478E2,9.883901E2
8.291667E-1,,,,,
8.333333E-1,296,-2.576665E-1,-1.446015E1,9.525473E2,9.868009E2
8.375000E-1,,,,,
8.416667E-1,298,-2.475666E-1,-1.443799E1,9.528591E2,9.861169E2
8.458333E-1,,,,,
8.500000E-1,300,-2.496181E-1,-1.441543E1,9.527957E2,9.854208E2
8.541667E-1,,,,,
8.583333E-1,302,-2.678567E-1,-1.440146E1,9.522328E2,9.849894E2
8.625000E-1,,,,,
8.666667E-1,304,-2.677547E-1,-1.437779E1,9.522360E2,9.842589E2
8.708333E-1,,,,,
8.750000E-1,306,-2.575483E-1,-1.433404E1,9.525510E2,9.829087E2
8.791667E-1,,,,,
8.833333E-1,308,-2.709637E-1,-1.429788E1,9.521369E2,9.817927E2
8.875000E-1,,,,,
8.916667E-1,310,-2.637068E-1,-1.424069E1,9.523609E2,9.800274E2
8.958333E-1,,,,,
9.000000E-1,312,-2.706537E-1,-1.418433E1,9.521465E2,9.782878E2
9.041667E-1,,,,,
9.083333E-1,314,-2.705514E-1,-1.410397E1,9.521496E2,9.758078E2
9.125000E-1,,,,,
9.166667E-1,316,-2.723678E-1,-1.401647E1,9.520936E2,9.731071E2
9.208333E-1,,,,,
9.250000E-1,318,-2.824824E-1,-1.392429E1,9.517814E2,9.702620E2
9.291667E-1,,,,,
9.333333E-1,320,-2.849831E-1,-1.384926E1,9.517042E2,9.679462E2
9.375000E-1,,,,,
9.416667E-1,322,-2.897950E-1,-1.377318E1,9.515557E2,9.655982E2
9.458333E-1,,,,,
9.500000E-1,324,-2.952764E-1,-1.369025E1,9.513865E2,9.630384E2
9.541667E-1,,,,,
9.583333E-1,326,-2.873251E-1,-1.363792E1,9.516319E2,9.614234E2
9.625000E-1,,,,,
9.666667E-1,328,-2.963742E-1,-1.359021E1,9.513526E2,9.599509E2
9.708333E-1,,,,,
9.750000E-1,330,-2.954799E-1,-1.354888E1,9.513802E2,9.586754E2
9.791667E-1,,,,,
9.833333E-1,332,-3.008286E-1,-1.352162E1,9.512152E2,9.578340E2
9.875000E-1,,,,,
9.916667E-1,334,-2.944975E-1,-1.348893E1,9.514106E2,9.568249E2
9.958333E-1,,,,,
1.000000E0,336,-2.952805E-1,-1.346107E1,9.513864E2,9.559651E2
1.004167E0,,,,,
1.008333E0,338,-2.883550E-1,-1.345424E1,9.516002E2,9.557542E2
1.012500E0,,,,,
1.016667E0,340,-2.928542E-1,-1.341519E1,9.514613E2,9.545489E2
1.020833E0,,,,,
1.025000E0,342,-2.771339E-1,-1.338353E1,9.519465E2,9.535721E2
1.029167E0,,,,,
1.033333E0,344,-2.750917E-1,-1.333303E1,9.520095E2,9.520134E2
1.037500E0,,,,,
1.041667E0,346,-2.661632E-1,-1.324790E1,9.522851E2,9.493857E2
1.045833E0,,,,,
1.050000E0,348,-2.748360E-1,-1.318682E1,9.520174E2,9.475007E2
1.054167E0,,,,,
1.058333E0,350,-2.569648E-1,-1.309448E1,9.525690E2,9.446505E2
1.062500E0,,,,,
1.066667E0,352,-2.487115E-1,-1.301394E1,9.528237E2,9.421648E2
1.070833E0,,,,,
1.075000E0,354,-2.215821E-1,-1.293309E1,9.536610E2,9.396695E2
1.079167E0,,,,,
1.083333E0,356,-2.167875E-1,-1.284608E1,9.538090E2,9.369839E2
1.087500E0,,,,,
1.091667E0,358,-2.031561E-1,-1.277979E1,9.542297E2,9.349379E2
1.095833E0,,,,,
1.100000E0,360,-1.884727E-1,-1.271201E1,9.546829E2,9.328460E2
1.104167E0,,,,,
1.108333E0,362,-1.841929E-1,-1.265270E1,9.548150E2,9.310154E2
1.112500E0,,,,,
1.116667E0,364,-1.763658E-1,-1.263936E1,9.550566E2,9.306036E2
1.120833E0,,,,,
1.125000E0,366,-1.774563E-1,-1.259133E1,9.550230E2,9.291212E2
1.129167E0,,,,,
1.133333E0,368,-1.837576E-1,-1.257642E1,9.548285E2,9.286612E2
1.137500E0,,,,,
1.141667E0,370,-1.819710E-1,-1.255998E1,9.548836E2,9.281538E2
1.145833E0,,,,,
1.150000E0,372,-1.551609E-1,-1.252745E1,9.557111E2,9.271496E2
1.154167E0,,,,,
1.158333E0,374,-1.645844E-1,-1.250570E1,9.554202E2,9.264783E2
1.162500E0,,,,,
1.166667E0,376,-1.480775E-1,-1.246922E1,9.559297E2,9.253526E2
1.170833E0,,,,,
1.175000E0,378,-1.527259E-1,-1.240627E1,9.557862E2,9.234094E2
1.179167E0,,,,,
1.183333E0,380,-1.543266E-1,-1.235198E1,9.557368E2,9.217340E2
1.187500E0,,,,,
1.191667E0,382,-1.359272E-1,-1.228103E1,9.563047E2,9.195442E2
1.195833E0,,,,,
1.200000E0,384,-1.101774E-1,-1.220075E1,9.570995E2,9.170663E2
1.204167E0,,,,,
1.208333E0,386,-9.952276E-2,-1.210368E1,9.574283E2,9.140704E2
1.212500E0,,,,,
1.216667E0,388,-1.043064E-1,-1.203015E1,9.572807E2,9.118009E2
1.220833E0,,,,,
1.225000E0,390,-1.005111E-1,-1.194402E1,9.573978E2,9.091426E2
1.229167E0,,,,,
1.233333E0,392,-8.547187E-2,-1.186670E1,9.578620E2,9.067561E2
1.237500E0,,,,,
1.241667E0,394,-7.543270E-2,-1.179435E1,9.581718E2,9.045231E2
1.245833E0,,,,,
1.250000E0,396,-5.792021E-2,-1.174607E1,9.587123E2,9.030330E2
1.254167E0,,,,,
1.258333E0,398,-5.321478E-2,-1.170819E1,9.588576E2,9.018638E2
1.262500E0,,,,,
1.266667E0,400,-5.305158E-2,-1.167884E1,9.588626E2,9.009581E2
1.270833E0,,,,,
1.275000E0,402,-4.273103E-2,-1.166066E1,9.591811E2,9.003969E2
1.279167E0,,,,,
1.283333E0,404,-5.026516E-2,-1.164217E1,9.589486E2,8.998264E2
1.287500E0,,,,,
1.291667E0,406,-4.035005E-2,-1.160316E1,9.592546E2,8.986223E2
1.295833E0,,,,,
1.300000E0,408,-2.543389E-2,-1.157768E1,9.597150E2,8.978358E2
1.304167E0,,,,,
1.308333E0,410,-1.689290E-2,-1.155827E1,9.599786E2,8.972368E2
1.312500E0,,,,,
1.316667E0,412,1.359102E-4,-1.149384E1,9.605042E2,8.952481E2
1.320833E0,,,,,
1.325000E0,414,1.263236E-2,-1.144830E1,9.608899E2,8.938425E2
1.329167E0,,,,,
1.333333E0,416,3.655091E-2,-1.137453E1,9.616281E2,8.915656E2
1.337500E0,,,,,
1.341667E0,418,5.158823E-2,-1.129993E1,9.620922E2,8.892633E2
1.345833E0,,,,,
1.350000E0,420,8.194664E-2,-1.122404E1,9.630292E2,8.869209E2
1.354167E0,,,,,
1.358333E0,422,8.899212E-2,-1.113130E1,9.632467E2,8.840587E2
1.362500E0,,,,,
1.366667E0,424,1.015541E-1,-1.104732E1,9.636344E2,8.814666E2
1.370833E0,,,,,
1.375000E0,426,1.157341E-1,-1.096999E1,9.640720E2,8.790800E2
1.379167E0,,,,,
1.383333E0,428,1.342749E-1,-1.091525E1,9.646443E2,8.773904E2
1.387500E0,,,,,
1.391667E0,430,1.484410E-1,-1.084763E1,9.650815E2,8.753033E2
1.395833E0,,,,,
1.400000E0,432,1.461859E-1,-1.081218E1,9.650119E2,8.742091E2
1.404167E0,,,,,
1.408333E0,434,1.580564E-1,-1.079055E1,9.653783E2,8.735416E2
1.412500E0,,,,,
1.416667E0,436,1.565698E-1,-1.076008E1,9.653324E2,8.726012E2
1.420833E0,,,,,
1.425000E0,438,1.698079E-1,-1.073914E1,9.657410E2,8.719550E2
1.429167E0,,,,,
1.433333E0,440,1.661393E-1,-1.071065E1,9.656278E2,8.710756E2
1.437500E0,,,,,
1.441667E0,442,1.548615E-1,-1.069092E1,9.652797E2,8.704666E2
1.445833E0,,,,,
1.450000E0,444,1.739336E-1,-1.063740E1,9.658683E2,8.688149E2
1.454167E0,,,,,
1.458333E0,446,1.923077E-1,-1.058744E1,9.664354E2,8.672729E2
1.462500E0,,,,,
1.466667E0,448,1.972865E-1,-1.054786E1,9.665891E2,8.660513E2
1.470833E0,,,,,
1.475000E0,450,1.997371E-1,-1.048818E1,9.666647E2,8.642091E2
1.479167E0,,,,,
1.483333E0,452,2.178430E-1,-1.039194E1,9.672235E2,8.612388E2
1.487500E0,,,,,
1.491667E0,454,2.328297E-1,-1.031750E1,9.676861E2,8.589414E2
1.495833E0,,,,,
1.500000E0,456,2.633352E-1,-1.023924E1,9.686276E2,8.565259E2
1.504167E0,,,,,
1.508333E0,458,2.553416E-1,-1.014141E1,9.683809E2,8.535065E2
1.512500E0,,,,,
1.516667E0,460,2.653822E-1,-1.006863E1,9.686908E2,8.512602E2
1.520833E0,,,,,
1.525000E0,462,2.718922E-1,-1.000027E1,9.688917E2,8.491503E2
1.529167E0,,,,,
1.533333E0,464,2.762575E-1,-9.949095E0,9.690265E2,8.475708E2
1.537500E0,,,,,
1.541667E0,466,2.838641E-1,-9.894156E0,9.692612E2,8.458752E2
1.545833E0,,,,,
1.550000E0,468,2.863791E-1,-9.866260E0,9.693389E2,8.450142E2
1.554167E0,,,,,
1.558333E0,470,2.971141E-1,-9.844313E0,9.696702E2,8.443368E2
1.562500E0,,,,,
1.566667E0,472,2.949617E-1,-9.818808E0,9.696038E2,8.435496E2
1.570833E0,,,,,
1.575000E0,474,2.916896E-1,-9.808585E0,9.695028E2,8.432341E2
1.579167E0,,,,,
1.583333E0,476,2.923399E-1,-9.763595E0,9.695228E2,8.418455E2
1.587500E0,,,,,
1.591667E0,478,2.930515E-1,-9.736197E0,9.695448E2,8.409999E2
1.595833E0,,,,,
1.600000E0,480,2.913123E-1,-9.685807E0,9.694911E2,8.394447E2
1.604167E0,,,,,
1.608333E0,482,2.949302E-1,-9.631588E0,9.696028E2,8.377712E2
1.612500E0,,,,,
1.616667E0,484,2.954446E-1,-9.562557E0,9.696187E2,8.356407E2
1.620833E0,,,,,
1.625000E0,486,2.815905E-1,-9.479914E0,9.691911E2,8.330899E2
1.629167E0,,,,,
1.633333E0,488,2.804836E-1,-9.402096E0,9.691569E2,8.306882E2
1.637500E0,,,,,
1.641667E0,490,2.748675E-1,-9.314895E0,9.689836E2,8.279968E2
1.645833E0,,,,,
1.650000E0,492,2.806812E-1,-9.238518E0,9.691630E2,8.256394E2
1.654167E0,,,,,
1.658333E0,494,3.043150E-1,-9.149536E0,9.698924E2,8.228931E2
1.662500E0,,,,,
1.666667E0,496,2.881249E-1,-9.091405E0,9.693927E2,8.210989E2
1.670833E0,,,,,
1.675000E0,498,2.975565E-1,-9.023327E0,9.696838E2,8.189978E2
1.679167E0,,,,,
1.683333E0,500,2.921202E-1,-8.982796E0,9.695161E2,8.177468E2
1.687500E0,,,,,
1.691667E0,502,2.931612E-1,-8.947901E0,9.695482E2,8.166698E2
1.695833E0,,,,,
1.700000E0,504,2.962692E-1,-8.917406E0,9.696441E2,8.157286E2
1.704167E0,,,,,
1.708333E0,506,2.940222E-1,-8.889490E0,9.695748E2,8.148670E2
1.712500E0,,,,,
1.716667E0,508,2.754016E-1,-8.877965E0,9.690000E2,8.145113E2
1.720833E0,,,,,
1.725000E0,510,2.850364E-1,-8.846678E0,9.692974E2,8.135456E2
1.729167E0,,,,,
1.733333E0,512,2.837606E-1,-8.818351E0,9.692580E2,8.126713E2
1.737500E0,,,,,
1.741667E0,514,2.816868E-1,-8.774313E0,9.691940E2,8.113121E2
1.745833E0,,,,,
1.750000E0,516,2.763800E-1,-8.713487E0,9.690302E2,8.094348E2
1.754167E0,,,,,
1.758333E0,518,2.760572E-1,-8.637704E0,9.690203E2,8.070958E2
1.762500E0,,,,,
1.766667E0,520,2.767166E-1,-8.563614E0,9.690406E2,8.048091E2
1.770833E0,,,,,
1.775000E0,522,2.831843E-1,-8.492070E0,9.692403E2,8.026009E2
1.779167E0,,,,,
1.783333E0,524,2.714156E-1,-8.403049E0,9.688770E2,7.998533E2
1.787500E0,,,,,
1.791667E0,526,2.690400E-1,-8.320205E0,9.688037E2,7.972964E2
1.795833E0,,,,,
1.800000E0,528,2.744459E-1,-8.239903E0,9.689706E2,7.948180E2
1.804167E0,,,,,
1.808333E0,530,2.837395E-1,-8.167550E0,9.692574E2,7.925849E2
1.812500E0,,,,,
1.816667E0,532,2.839694E-1,-8.088768E0,9.692645E2,7.901533E2
1.820833E0,,,,,
1.825000E0,534,2.844053E-1,-8.066350E0,9.692779E2,7.894614E2
1.829167E0,,,,,
1.833333E0,536,2.888717E-1,-8.022876E0,9.694158E2,7.881196E2
1.837500E0,,,,,
1.841667E0,538,2.901808E-1,-7.998600E0,9.694562E2,7.873704E2
1.845833E0,,,,,
1.850000E0,540,2.944518E-1,-7.965344E0,9.695880E2,7.863439E2
1.854167E0,,,,,
1.858333E0,542,2.871870E-1,-7.956666E0,9.693638E2,7.860761E2
1.862500E0,,,,,
1.866667E0,544,2.903396E-1,-7.926669E0,9.694611E2,7.851503E2
1.870833E0,,,,,
1.875000E0,546,2.968022E-1,-7.890111E0,9.696606E2,7.840220E2
1.879167E0,,,,,
1.883333E0,548,3.012421E-1,-7.860043E0,9.697976E2,7.830939E2
1.887500E0,,,,,
1.891667E0,550,3.104007E-1,-7.794416E0,9.700803E2,7.810684E2
1.895833E0,,,,,
1.900000E0,552,2.942862E-1,-7.724074E0,9.695829E2,7.788974E2
1.904167E0,,,,,
1.908333E0,554,3.052431E-1,-7.650638E0,9.699211E2,7.766308E2
1.912500E0,,,,,
1.916667E0,556,2.956991E-1,-7.570777E0,9.696265E2,7.741660E2
1.920833E0,,,,,
1.925000E0,558,3.107155E-1,-7.482246E0,9.700900E2,7.714335E2
1.929167E0,,,,,
1.933333E0,560,3.013880E-1,-7.400061E0,9.698021E2,7.688970E2
1.937500E0,,,,,
1.941667E0,562,2.876322E-1,-7.331426E0,9.693775E2,7.667786E2
1.945833E0,,,,,
1.950000E0,564,2.844157E-1,-7.253776E0,9.692783E2,7.643820E2
1.954167E0,,,,,
1.958333E0,566,2.855420E-1,-7.177069E0,9.693130E2,7.620145E2
1.962500E0,,,,,
1.966667E0,568,2.867407E-1,-7.133344E0,9.693500E2,7.606649E2
1.970833E0,,,,,
1.975000E0,570,2.903697E-1,-7.103701E0,9.694620E2,7.597500E2
1.979167E0,,,,,
1.983333E0,572,2.819099E-1,-7.068534E0,9.692009E2,7.586646E2
1.987500E0,,,,,
1.991667E0,574,2.770798E-1,-7.044039E0,9.690518E2,7.579086E2
1.995833E0,,,,,
2.000000E0,576,2.745838E-1,-7.019130E0,9.689748E2,7.571398E2
2.004167E0,,,,,
2.008333E0,578,2.833789E-1,-7.005543E0,9.692463E2,7.567205E2
2.012500E0,,,,,
2.016667E0,580,2.851865E-1,-6.966765E0,9.693021E2,7.555236E2
2.020833E0,,,,,
2.025000E0,582,2.769199E-1,-6.930905E0,9.690469E2,7.544168E2
2.029167E0,,,,,
2.033333E0,584,2.784849E-1,-6.882578E0,9.690952E2,7.529252E2
2.037500E0,,,,,
2.041667E0,586,2.757975E-1,-6.805992E0,9.690123E2,7.505615E2
2.045833E0,,,,,
2.050000E0,588,2.747085E-1,-6.749488E0,9.689787E2,7.488175E2
2.054167E0,,,,,
2.058333E0,590,2.821908E-1,-6.663049E0,9.692096E2,7.461497E2
2.062500E0,,,,,
2.066667E0,592,2.801975E-1,-6.564343E0,9.691481E2,7.431032E2
2.070833E0,,,,,
2.075000E0,594,2.820549E-1,-6.482422E0,9.692054E2,7.405747E2
2.079167E0,,,,,
2.083333E0,596,2.914200E-1,-6.401925E0,9.694944E2,7.380903E2
2.087500E0,,,,,
2.091667E0,598,2.740433E-1,-6.333732E0,9.689581E2,7.359856E2
2.095833E0,,,,,
2.100000E0,600,2.898306E-1,-6.259603E0,9.694454E2,7.336976E2
2.104167E0,,,,,
2.108333E0,602,2.718166E-1,-6.217358E0,9.688894E2,7.323938E2
2.112500E0,,,,,
2.116667E0,604,2.744401E-1,-6.177528E0,9.689704E2,7.311644E2
2.120833E0,,,,,
2.125000E0,606,2.752208E-1,-6.142887E0,9.689945E2,7.300953E2
2.129167E0,,,,,
2.133333E0,608,2.850539E-1,-6.118009E0,9.692980E2,7.293274E2
2.137500E0,,,,,
2.141667E0,610,2.873093E-1,-6.095731E0,9.693676E2,7.286399E2
2.145833E0,,,,,
2.150000E0,612,3.027779E-1,-6.077520E0,9.698450E2,7.280778E2
2.154167E0,,,,,
2.158333E0,614,2.883524E-1,-6.044799E0,9.693998E2,7.270679E2
2.162500E0,,,,,
2.166667E0,616,2.930145E-1,-6.004722E0,9.695437E2,7.258309E2
2.170833E0,,,,,
2.175000E0,618,3.100998E-1,-5.955977E0,9.700710E2,7.243264E2
2.179167E0,,,,,
2.183333E0,620,3.083895E-1,-5.897435E0,9.700182E2,7.225196E2
2.187500E0,,,,,
2.191667E0,622,3.214995E-1,-5.816658E0,9.704228E2,7.200265E2
2.195833E0,,,,,
2.200000E0,624,3.318061E-1,-5.746949E0,9.707409E2,7.178750E2
2.204167E0,,,,,
2.208333E0,626,3.375964E-1,-5.659938E0,9.709196E2,7.151894E2
2.212500E0,,,,,
2.216667E0,628,3.621245E-1,-5.552999E0,9.716767E2,7.118888E2
2.220833E0,,,,,
2.225000E0,630,3.771742E-1,-5.490494E0,9.721412E2,7.099597E2
2.229167E0,,,,,
2.233333E0,632,3.883851E-1,-5.405030E0,9.724872E2,7.073219E2
2.237500E0,,,,,
2.241667E0,634,4.026445E-1,-5.347537E0,9.729273E2,7.055474E2
2.245833E0,,,,,
2.250000E0,636,4.221066E-1,-5.289880E0,9.735280E2,7.037679E2
2.254167E0,,,,,
2.258333E0,638,4.361509E-1,-5.266276E0,9.739614E2,7.030394E2
2.262500E0,,,,,
2.266667E0,640,4.360898E-1,-5.236095E0,9.739596E2,7.021079E2
2.270833E0,,,,,
2.275000E0,642,4.444353E-1,-5.200398E0,9.742171E2,7.010061E2
2.279167E0,,,,,
2.283333E0,644,4.646901E-1,-5.196230E0,9.748423E2,7.008775E2
2.287500E0,,,,,
2.291667E0,646,4.704801E-1,-5.173551E0,9.750210E2,7.001775E2
2.295833E0,,,,,
2.300000E0,648,4.650434E-1,-5.135813E0,9.748532E2,6.990127E2
2.304167E0,,,,,
2.308333E0,650,4.798429E-1,-5.095746E0,9.753100E2,6.977761E2
2.312500E0,,,,,
2.316667E0,652,4.897602E-1,-5.059491E0,9.756161E2,6.966571E2
2.320833E0,,,,,
2.325000E0,654,5.002350E-1,-4.998248E0,9.759394E2,6.947669E2
2.329167E0,,,,,
2.333333E0,656,5.225753E-1,-4.933845E0,9.766289E2,6.927792E2
2.337500E0,,,,,
2.341667E0,658,5.208610E-1,-4.845979E0,9.765760E2,6.900673E2
2.345833E0,,,,,
2.350000E0,660,5.572732E-1,-4.770204E0,9.776998E2,6.877285E2
2.354167E0,,,,,
2.358333E0,662,5.737114E-1,-4.691689E0,9.782071E2,6.853052E2
2.362500E0,,,,,
2.366667E0,664,5.929831E-1,-4.602556E0,9.788019E2,6.825542E2
2.370833E0,,,,,
2.375000E0,666,6.086145E-1,-4.519694E0,9.792844E2,6.799967E2
2.379167E0,,,,,
2.383333E0,668,6.218907E-1,-4.460916E0,9.796942E2,6.781826E2
2.387500E0,,,,,
2.391667E0,670,6.389229E-1,-4.414330E0,9.802198E2,6.767448E2
2.395833E0,,,,,
2.400000E0,672,6.486357E-1,-4.370174E0,9.805196E2,6.753819E2
2.404167E0,,,,,
2.408333E0,674,6.688993E-1,-4.340785E0,9.811450E2,6.744749E2
2.412500E0,,,,,
2.416667E0,676,6.622140E-1,-4.315001E0,9.809387E2,6.736790E2
2.420833E0,,,,,
2.425000E0,678,6.643837E-1,-4.298948E0,9.810057E2,6.731836E2
2.429167E0,,,,,
2.433333E0,680,6.738703E-1,-4.265187E0,9.812985E2,6.721416E2
2.437500E0,,,,,
2.441667E0,682,6.835783E-1,-4.255920E0,9.815981E2,6.718556E2
2.445833E0,,,,,
2.450000E0,684,6.984967E-1,-4.217174E0,9.820585E2,6.706597E2
2.454167E0,,,,,
2.458333E0,686,7.160117E-1,-4.162870E0,9.825991E2,6.689837E2
2.462500E0,,,,,
2.466667E0,688,7.224038E-1,-4.107946E0,9.827964E2,6.672884E2
2.470833E0,,,,,
2.475000E0,690,7.598143E-1,-4.044259E0,9.839511E2,6.653228E2
2.479167E0,,,,,
2.483333E0,692,7.891947E-1,-3.968524E0,9.848579E2,6.629853E2
2.487500E0,,,,,
2.491667E0,694,8.046238E-1,-3.887501E0,9.853341E2,6.604846E2
2.495833E0,,,,,
2.500000E0,696,8.170233E-1,-3.806111E0,9.857168E2,6.579726E2
2.504167E0,,,,,
2.508333E0,698,8.472023E-1,-3.730959E0,9.866482E2,6.556531E2
2.512500E0,,,,,
2.516667E0,700,8.736408E-1,-3.649443E0,9.874642E2,6.531371E2
2.520833E0,,,,,
2.525000E0,702,8.921184E-1,-3.582483E0,9.880345E2,6.510705E2
2.529167E0,,,,,
2.533333E0,704,8.992537E-1,-3.521713E0,9.882547E2,6.491948E2
2.537500E0,,,,,
2.541667E0,706,9.336210E-1,-3.494633E0,9.893155E2,6.483590E2
2.545833E0,,,,,
2.550000E0,708,9.355286E-1,-3.458244E0,9.893743E2,6.472359E2
2.554167E0,,,,,
2.558333E0,710,9.394849E-1,-3.443474E0,9.894964E2,6.467801E2
2.562500E0,,,,,
2.566667E0,712,9.617095E-1,-3.414493E0,9.901824E2,6.458856E2
2.570833E0,,,,,
2.575000E0,714,9.662327E-1,-3.379055E0,9.903220E2,6.447918E2
2.579167E0,,,,,
2.583333E0,716,9.553567E-1,-3.354340E0,9.899863E2,6.440290E2
2.587500E0,,,,,
2.591667E0,718,9.665537E-1,-3.323489E0,9.903319E2,6.430768E2
2.595833E0,,,,,
2.600000E0,720,9.722609E-1,-3.284541E0,9.905081E2,6.418747E2
2.604167E0,,,,,
2.608333E0,722,9.964153E-1,-3.218526E0,9.912536E2,6.398372E2
2.612500E0,,,,,
2.616667E0,724,1.021732E0,-3.165591E0,9.920349E2,6.382034E2
2.620833E0,,,,,
2.625000E0,726,1.039549E0,-3.096348E0,9.925848E2,6.360663E2
2.629167E0,,,,,
2.633333E0,728,1.068189E0,-2.995932E0,9.934688E2,6.329670E2
2.637500E0,,,,,
2.641667E0,730,1.088334E0,-2.932311E0,9.940906E2,6.310034E2
2.645833E0,,,,,
2.650000E0,732,1.120177E0,-2.833863E0,9.950734E2,6.279649E2
2.654167E0,,,,,
2.658333E0,734,1.129899E0,-2.767548E0,9.953734E2,6.259181E2
2.662500E0,,,,,
2.666667E0,736,1.156863E0,-2.700652E0,9.962056E2,6.238535E2
2.670833E0,,,,,
2.675000E0,738,1.167380E0,-2.634505E0,9.965302E2,6.218119E2
2.679167E0,,,,,
2.683333E0,740,1.174809E0,-2.597596E0,9.967595E2,6.206727E2
2.687500E0,,,,,
2.691667E0,742,1.187675E0,-2.567394E0,9.971566E2,6.197406E2
2.695833E0,,,,,
2.700000E0,744,1.194597E0,-2.546484E0,9.973703E2,6.190952E2
2.704167E0,,,,,
2.708333E0,746,1.206093E0,-2.524411E0,9.977251E2,6.184139E2
2.712500E0,,,,,
2.716667E0,748,1.209457E0,-2.492647E0,9.978289E2,6.174336E2
2.720833E0,,,,,
2.725000E0,750,1.222906E0,-2.464554E0,9.982440E2,6.165665E2
2.729167E0,,,,,
2.733333E0,752,1.221484E0,-2.446976E0,9.982001E2,6.160239E2
2.737500E0,,,,,
2.741667E0,754,1.228430E0,-2.400316E0,9.984145E2,6.145838E2
2.745833E0,,,,,
2.750000E0,756,1.249221E0,-2.343721E0,9.990562E2,6.128371E2
2.754167E0,,,,,
2.758333E0,758,1.259046E0,-2.277222E0,9.993595E2,6.107846E2
2.762500E0,,,,,
2.766667E0,760,1.304559E0,-2.199136E0,1.000764E3,6.083746E2
2.770833E0,,,,,
2.775000E0,762,1.316727E0,-2.126560E0,1.001140E3,6.061346E2
2.779167E0,,,,,
2.783333E0,764,1.338203E0,-2.030368E0,1.001803E3,6.031657E2
2.787500E0,,,,,
2.791667E0,766,1.360548E0,-1.965280E0,1.002492E3,6.011568E2
2.795833E0,,,,,
2.800000E0,768,1.381109E0,-1.889034E0,1.003127E3,5.988035E2
2.804167E0,,,,,
2.808333E0,770,1.396379E0,-1.802539E0,1.003598E3,5.961339E2
2.812500E0,,,,,
2.816667E0,772,1.422211E0,-1.764988E0,1.004395E3,5.949749E2
2.820833E0,,,,,
2.825000E0,774,1.434680E0,-1.713942E0,1.004780E3,5.933994E2
2.829167E0,,,,,
2.833333E0,776,1.443195E0,-1.682495E0,1.005043E3,5.924288E2
2.837500E0,,,,,
2.841667E0,778,1.453323E0,-1.652926E0,1.005356E3,5.915162E2
2.845833E0,,,,,
2.850000E0,780,1.458441E0,-1.633043E0,1.005514E3,5.909026E2
2.854167E0,,,,,
2.858333E0,782,1.459797E0,-1.614840E0,1.005555E3,5.903407E2
2.862500E0,,,,,
2.866667E0,784,1.476812E0,-1.586684E0,1.006081E3,5.894717E2
2.870833E0,,,,,
2.875000E0,786,1.474548E0,-1.560690E0,1.006011E3,5.886694E2
2.879167E0,,,,,
2.883333E0,788,1.491046E0,-1.509199E0,1.006520E3,5.870802E2
2.887500E0,,,,,
2.891667E0,790,1.513228E0,-1.458462E0,1.007205E3,5.855142E2
2.895833E0,,,,,
2.900000E0,792,1.534019E0,-1.391078E0,1.007846E3,5.834345E2
2.904167E0,,,,,
2.908333E0,794,1.552938E0,-1.331456E0,1.008430E3,5.815943E2
2.912500E0,,,,,
2.916667E0,796,1.590579E0,-1.246657E0,1.009592E3,5.789771E2
2.920833E0,,,,,
2.925000E0,798,1.602491E0,-1.176797E0,1.009960E3,5.768209E2
2.929167E0,,,,,
2.933333E0,800,1.650933E0,-1.090700E0,1.011455E3,5.741636E2
2.937500E0,,,,,
2.941667E0,802,1.681447E0,-1.005965E0,1.012397E3,5.715483E2
2.945833E0,,,,,
2.950000E0,804,1.706138E0,-9.573801E-1,1.013159E3,5.700488E2
2.954167E0,,,,,
2.958333E0,806,1.739055E0,-8.821925E-1,1.014175E3,5.677282E2
2.962500E0,,,,,
2.966667E0,808,1.750992E0,-8.524559E-1,1.014543E3,5.668104E2
2.970833E0,,,,,
2.975000E0,810,1.753661E0,-8.092073E-1,1.014625E3,5.654755E2
2.979167E0,,,,,
2.983333E0,812,1.790465E0,-8.023949E-1,1.015761E3,5.652653E2
2.987500E0,,,,,
2.991667E0,814,1.796180E0,-7.670434E-1,1.015938E3,5.641742E2
2.995833E0,,,,,
3.000000E0,816,1.812042E0,-7.544019E-1,1.016427E3,5.637840E2
3.004167E0,,,,,
3.008333E0,818,1.814403E0,-7.263391E-1,1.016500E3,5.629179E2
3.012500E0,,,,,
3.016667E0,820,1.828297E0,-7.018159E-1,1.016929E3,5.621610E2
3.020833E0,,,,,
3.025000E0,822,1.853086E0,-6.667713E-1,1.017694E3,5.610794E2
3.029167E0,,,,,
3.033333E0,824,1.878442E0,-6.229042E-1,1.018477E3,5.597254E2
3.037500E0,,,,,
3.041667E0,826,1.910609E0,-5.632854E-1,1.019469E3,5.578854E2
3.045833E0,,,,,
3.050000E0,828,1.964714E0,-5.186755E-1,1.021139E3,5.565085E2
3.054167E0,,,,,
3.058333E0,830,1.998118E0,-4.377442E-1,1.022170E3,5.540106E2
3.062500E0,,,,,
3.066667E0,832,2.051496E0,-3.698547E-1,1.023818E3,5.519153E2
3.070833E0,,,,,
3.075000E0,834,2.093627E0,-2.983410E-1,1.025118E3,5.497081E2
3.079167E0,,,,,
3.083333E0,836,2.152747E0,-2.309859E-1,1.026943E3,5.476292E2
3.087500E0,,,,,
3.091667E0,838,2.171347E0,-1.647047E-1,1.027517E3,5.455835E2
3.095833E0,,,,,
3.100000E0,840,2.231638E0,-9.761637E-2,1.029378E3,5.435129E2
3.104167E0,,,,,
3.108333E0,842,2.242065E0,-6.982640E-2,1.029700E3,5.426551E2
3.112500E0,,,,,
3.116667E0,844,2.265101E0,-3.690833E-2,1.030411E3,5.416391E2
3.120833E0,,,,,
3.125000E0,846,2.292596E0,-1.261791E-2,1.031259E3,5.408894E2
3.129167E0,,,,,
3.133333E0,848,2.285577E0,-1.996171E-3,1.031043E3,5.405616E2
3.137500E0,,,,,
3.141667E0,850,2.315330E0,2.414519E-2,1.031961E3,5.397548E2
3.145833E0,,,,,
3.150000E0,852,2.333422E0,4.338237E-2,1.032519E3,5.391610E2
3.154167E0,,,,,
3.158333E0,854,2.341918E0,7.527386E-2,1.032781E3,5.381767E2
3.162500E0,,,,,
3.166667E0,856,2.366106E0,1.077820E-1,1.033528E3,5.371734E2
3.170833E0,,,,,
3.175000E0,858,2.392274E0,1.428496E-1,1.034336E3,5.360911E2
3.179167E0,,,,,
3.183333E0,860,2.419088E0,2.066438E-1,1.035163E3,5.341221E2
3.187500E0,,,,,
3.191667E0,862,2.458648E0,2.536236E-1,1.036384E3,5.326721E2
3.195833E0,,,,,
3.200000E0,864,2.510036E0,3.207453E-1,1.037970E3,5.306005E2
3.204167E0,,,,,
3.208333E0,866,2.571045E0,3.951701E-1,1.039853E3,5.283034E2
3.212500E0,,,,,
3.216667E0,868,2.600571E0,4.689562E-1,1.040765E3,5.260260E2
3.220833E0,,,,,
3.225000E0,870,2.648438E0,5.255059E-1,1.042242E3,5.242807E2
3.229167E0,,,,,
3.233333E0,872,2.702654E0,5.787431E-1,1.043915E3,5.226376E2
3.237500E0,,,,,
3.241667E0,874,2.746373E0,6.396577E-1,1.045265E3,5.207575E2
3.245833E0,,,,,
3.250000E0,876,2.778611E0,6.922960E-1,1.046260E3,5.191328E2
3.254167E0,,,,,
3.258333E0,878,2.794970E0,7.188260E-1,1.046765E3,5.183140E2
3.262500E0,,,,,
3.266667E0,880,2.821689E0,7.432706E-1,1.047589E3,5.175595E2
3.270833E0,,,,,
3.275000E0,882,2.831712E0,7.582681E-1,1.047899E3,5.170967E2
3.279167E0,,,,,
3.283333E0,884,2.851660E0,7.695911E-1,1.048514E3,5.167472E2
3.287500E0,,,,,
3.291667E0,886,2.867859E0,7.918071E-1,1.049014E3,5.160615E2
3.295833E0,,,,,
3.300000E0,888,2.877622E0,8.085846E-1,1.049316E3,5.155437E2
3.304167E0,,,,,
3.308333E0,890,2.901826E0,8.528287E-1,1.050063E3,5.141781E2
3.312500E0,,,,,
3.316667E0,892,2.944636E0,8.798565E-1,1.051384E3,5.133439E2
3.320833E0,,,,,
3.325000E0,894,2.978777E0,9.370651E-1,1.052438E3,5.115782E2
3.329167E0,,,,,
3.333333E0,896,3.033187E0,9.750088E-1,1.054117E3,5.104071E2
3.337500E0,,,,,
3.341667E0,898,3.081392E0,1.035879E0,1.055605E3,5.085284E2
3.345833E0,,,,,
3.350000E0,900,3.147944E0,1.102189E0,1.057659E3,5.064818E2
3.354167E0,,,,,
3.358333E0,902,3.199700E0,1.170449E0,1.059256E3,5.043750E2
3.362500E0,,,,,
3.366667E0,904,3.248505E0,1.220731E0,1.060763E3,5.028231E2
3.370833E0,,,,,
3.375000E0,906,3.312142E0,1.292019E0,1.062727E3,5.006229E2
3.379167E0,,,,,
3.383333E0,908,3.359967E0,1.320734E0,1.064203E3,4.997366E2
3.387500E0,,,,,
3.391667E0,910,3.409538E0,1.363077E0,1.065733E3,4.984297E2
3.395833E0,,,,,
3.400000E0,912,3.422877E0,1.389477E0,1.066144E3,4.976149E2
3.404167E0,,,,,
3.408333E0,914,3.446096E0,1.399744E0,1.066861E3,4.972980E2
3.412500E0,,,,,
3.416667E0,916,3.466627E0,1.412121E0,1.067495E3,4.969160E2
3.420833E0,,,,,
3.425000E0,918,3.493201E0,1.449135E0,1.068315E3,4.957736E2
3.429167E0,,,,,
3.433333E0,920,3.508239E0,1.468850E0,1.068779E3,4.951651E2
3.437500E0,,,,,
3.441667E0,922,3.534362E0,1.485989E0,1.069585E3,4.946361E2
3.445833E0,,,,,
3.450000E0,924,3.548129E0,1.502871E0,1.070010E3,4.941151E2
3.454167E0,,,,,
3.458333E0,926,3.575750E0,1.535505E0,1.070863E3,4.931079E2
3.462500E0,,,,,
3.466667E0,928,3.612387E0,1.586371E0,1.071993E3,4.915379E2
3.470833E0,,,,,
3.475000E0,930,3.675626E0,1.645282E0,1.073945E3,4.897197E2
3.479167E0,,,,,
3.483333E0,932,3.718276E0,1.703572E0,1.075262E3,4.879206E2
3.487500E0,,,,,
3.491667E0,934,3.761615E0,1.764099E0,1.076599E3,4.860525E2
3.495833E0,,,,,
3.500000E0,936,3.824486E0,1.832673E0,1.078540E3,4.839360E2
3.504167E0,,,,,
3.508333E0,938,3.857394E0,1.902327E0,1.079555E3,4.817862E2
3.512500E0,,,,,
3.516667E0,940,3.911434E0,1.955530E0,1.081223E3,4.801441E2
3.520833E0,,,,,
3.525000E0,942,3.955536E0,2.016476E0,1.082584E3,4.782631E2
3.529167E0,,,,,
3.533333E0,944,3.991812E0,2.055667E0,1.083704E3,4.770535E2
3.537500E0,,,,,
3.541667E0,946,4.013416E0,2.088076E0,1.084371E3,4.760532E2
3.545833E0,,,,,
3.550000E0,948,4.042700E0,2.119658E0,1.085275E3,4.750785E2
3.554167E0,,,,,
3.558333E0,950,4.044267E0,2.150347E0,1.085323E3,4.741313E2
3.562500E0,,,,,
3.566667E0,952,4.068438E0,2.172666E0,1.086069E3,4.734424E2
3.570833E0,,,,,
3.575000E0,954,4.081124E0,2.176789E0,1.086461E3,4.733151E2
3.579167E0,,,,,
3.583333E0,956,4.083591E0,2.212982E0,1.086537E3,4.721981E2
3.587500E0,,,,,
3.591667E0,958,4.119446E0,2.240757E0,1.087643E3,4.713408E2
3.595833E0,,,,,
3.600000E0,960,4.137815E0,2.278582E0,1.088210E3,4.701734E2
3.604167E0,,,,,
3.608333E0,962,4.179238E0,2.319659E0,1.089489E3,4.689056E2
3.612500E0,,,,,
3.616667E0,964,4.217452E0,2.372756E0,1.090668E3,4.672668E2
3.620833E0,,,,,
3.625000E0,966,4.276759E0,2.417519E0,1.092499E3,4.658852E2
3.629167E0,,,,,
3.633333E0,968,4.323666E0,2.486982E0,1.093946E3,4.637413E2
3.637500E0,,,,,
3.641667E0,970,4.384087E0,2.553412E0,1.095811E3,4.616910E2
3.645833E0,,,,,
3.650000E0,972,4.455177E0,2.595216E0,1.098005E3,4.604007E2
3.654167E0,,,,,
3.658333E0,974,4.495286E0,2.673018E0,1.099243E3,4.579995E2
3.662500E0,,,,,
3.666667E0,976,4.549465E0,2.736335E0,1.100916E3,4.560452E2
3.670833E0,,,,,
3.675000E0,978,4.579631E0,2.770478E0,1.101847E3,4.549914E2
3.679167E0,,,,,
3.683333E0,980,4.611207E0,2.802533E0,1.102821E3,4.540021E2
3.687500E0,,,,,
3.691667E0,982,4.636016E0,2.828931E0,1.103587E3,4.531873E2
3.695833E0,,,,,
3.700000E0,984,4.650560E0,2.844756E0,1.104036E3,4.526989E2
3.704167E0,,,,,
3.708333E0,986,4.662929E0,2.867649E0,1.104418E3,4.519923E2
3.712500E0,,,,,
3.716667E0,988,4.675769E0,2.883848E0,1.104814E3,4.514923E2
3.720833E0,,,,,
3.725000E0,990,4.705285E0,2.903159E0,1.105725E3,4.508963E2
3.729167E0,,,,,
3.733333E0,992,4.727029E0,2.929008E0,1.106396E3,4.500985E2
3.737500E0,,,,,
3.741667E0,994,4.759415E0,2.965185E0,1.107396E3,4.489819E2
3.745833E0,,,,,
3.750000E0,996,4.796758E0,3.003437E0,1.108548E3,4.478013E2
3.754167E0,,,,,
3.758333E0,998,4.835534E0,3.044075E0,1.109745E3,4.465471E2
3.762500E0,,,,,
3.766667E0,1000,4.876518E0,3.103713E0,1.111010E3,4.447064E2
3.770833E0,,,,,
3.775000E0,1002,4.937326E0,3.174968E0,1.112887E3,4.425071E2
3.779167E0,,,,,
3.783333E0,1004,5.004465E0,3.217418E0,1.114959E3,4.411970E2
3.787500E0,,,,,
3.791667E0,1006,5.072364E0,3.277964E0,1.117054E3,4.393283E2
3.795833E0,,,,,
3.800000E0,1008,5.122260E0,3.330865E0,1.118594E3,4.376955E2
3.804167E0,,,,,
3.808333E0,1010,5.183047E0,3.382941E0,1.120471E3,4.360882E2
3.812500E0,,,,,
3.816667E0,1012,5.242267E0,3.419832E0,1.122298E3,4.349496E2
3.820833E0,,,,,
3.825000E0,1014,5.270574E0,3.458121E0,1.123172E3,4.337679E2
3.829167E0,,,,,
3.833333E0,1016,5.294804E0,3.477868E0,1.123920E3,4.331584E2
3.837500E0,,,,,
3.841667E0,1018,5.304781E0,3.500857E0,1.124228E3,4.324489E2
3.845833E0,,,,,
3.850000E0,1020,5.326370E0,3.508694E0,1.124894E3,4.322070E2
3.854167E0,,,,,
3.858333E0,1022,5.340161E0,3.528758E0,1.125320E3,4.315877E2
3.862500E0,,,,,
3.866667E0,1024,5.368736E0,3.548502E0,1.126202E3,4.309783E2
3.870833E0,,,,,
3.875000E0,1026,5.391618E0,3.564384E0,1.126908E3,4.304882E2
3.879167E0,,,,,
3.883333E0,1028,5.415568E0,3.595854E0,1.127647E3,4.295168E2
3.887500E0,,,,,
3.891667E0,1030,5.460538E0,3.636161E0,1.129035E3,4.282728E2
3.895833E0,,,,,
3.900000E0,1032,5.514348E0,3.667822E0,1.130696E3,4.272956E2
3.904167E0,,,,,
3.908333E0,1034,5.552991E0,3.722829E0,1.131889E3,4.255979E2
3.912500E0,,,,,
3.916667E0,1036,5.619088E0,3.779437E0,1.133929E3,4.238507E2
3.920833E0,,,,,
3.925000E0,1038,5.700960E0,3.847609E0,1.136456E3,4.217466E2
3.929167E0,,,,,
3.933333E0,1040,5.759956E0,3.894774E0,1.138276E3,4.202909E2
3.937500E0,,,,,
3.941667E0,1042,5.819248E0,3.944950E0,1.140106E3,4.187423E2
3.945833E0,,,,,
3.950000E0,1044,5.866720E0,3.999231E0,1.141572E3,4.170669E2
3.954167E0,,,,,
3.958333E0,1046,5.921826E0,4.036399E0,1.143272E3,4.159198E2
3.962500E0,,,,,
3.966667E0,1048,5.954780E0,4.076488E0,1.144289E3,4.146825E2
3.970833E0,,,,,
3.975000E0,1050,5.968143E0,4.101445E0,1.144702E3,4.139122E2
3.979167E0,,,,,
3.983333E0,1052,5.997377E0,4.119332E0,1.145604E3,4.133601E2
3.987500E0,,,,,
3.991667E0,1054,6.010808E0,4.130549E0,1.146019E3,4.130139E2
3.995833E0,,,,,
4.000000E0,1056,6.027823E0,4.155394E0,1.146544E3,4.122471E2
4.004167E0,,,,,
4.008333E0,1058,6.047301E0,4.161383E0,1.147145E3,4.120622E2
4.012500E0,,,,,
4.016667E0,1060,6.062642E0,4.192329E0,1.147619E3,4.111071E2
4.020833E0,,,,,
4.025000E0,1062,6.098287E0,4.218438E0,1.148719E3,4.103013E2
4.029167E0,,,,,
4.033333E0,1064,6.133095E0,4.255899E0,1.149793E3,4.091451E2
4.037500E0,,,,,
4.041667E0,1066,6.165038E0,4.303305E0,1.150779E3,4.076819E2
4.045833E0,,,,,
4.050000E0,1068,6.216408E0,4.370027E0,1.152364E3,4.056226E2
4.054167E0,,,,,
4.058333E0,1070,6.253710E0,4.433852E0,1.153516E3,4.036527E2
4.062500E0,,,,,
4.066667E0,1072,6.324630E0,4.513332E0,1.155705E3,4.011996E2
4.070833E0,,,,,
4.075000E0,1074,6.363904E0,4.575104E0,1.156917E3,3.992931E2
4.079167E0,,,,,
4.083333E0,1076,6.415842E0,4.636726E0,1.158520E3,3.973912E2
4.087500E0,,,,,
4.091667E0,1078,6.453672E0,4.701917E0,1.159687E3,3.953791E2
4.095833E0,,,,,
4.100000E0,1080,6.507321E0,4.748616E0,1.161343E3,3.939378E2
4.104167E0,,,,,
4.108333E0,1082,6.517316E0,4.792857E0,1.161652E3,3.925723E2
4.112500E0,,,,,
4.116667E0,1084,6.549432E0,4.815099E0,1.162643E3,3.918858E2
4.120833E0,,,,,
4.125000E0,1086,6.569222E0,4.837986E0,1.163254E3,3.911794E2
4.129167E0,,,,,
4.133333E0,1088,6.593332E0,4.860419E0,1.163998E3,3.904871E2
4.137500E0,,,,,
4.141667E0,1090,6.607051E0,4.881024E0,1.164421E3,3.898511E2
4.145833E0,,,,,
4.150000E0,1092,6.618590E0,4.893882E0,1.164777E3,3.894543E2
4.154167E0,,,,,
4.158333E0,1094,6.638688E0,4.917232E0,1.165398E3,3.887336E2
4.162500E0,,,,,
4.166667E0,1096,6.668641E0,4.943176E0,1.166322E3,3.879329E2
4.170833E0,,,,,
4.175000E0,1098,6.702095E0,4.981776E0,1.167355E3,3.867415E2
4.179167E0,,,,,
4.183333E0,1100,6.739871E0,5.041063E0,1.168521E3,3.849116E2
4.187500E0,,,,,
4.191667E0,1102,6.804275E0,5.075698E0,1.170508E3,3.838426E2
4.195833E0,,,,,
4.200000E0,1104,6.853885E0,5.124298E0,1.172040E3,3.823427E2
4.204167E0,,,,,
4.208333E0,1106,6.906011E0,5.200473E0,1.173648E3,3.799916E2
4.212500E0,,,,,
4.216667E0,1108,6.972584E0,5.255376E0,1.175703E3,3.782970E2
4.220833E0,,,,,
4.225000E0,1110,7.029108E0,5.317133E0,1.177448E3,3.763910E2
4.229167E0,,,,,
4.233333E0,1112,7.091208E0,5.356469E0,1.179364E3,3.751769E2
4.237500E0,,,,,
4.241667E0,1114,7.137783E0,5.388706E0,1.180802E3,3.741819E2
4.245833E0,,,,,
4.250000E0,1116,7.176268E0,5.442711E0,1.181990E3,3.725151E2
4.254167E0,,,,,
4.258333E0,1118,7.220523E0,5.458459E0,1.183356E3,3.720290E2
4.262500E0,,,,,
4.266667E0,1120,7.243018E0,5.488176E0,1.184050E3,3.711119E2
4.270833E0,,,,,
4.275000E0,1122,7.254679E0,5.499980E0,1.184410E3,3.707475E2
4.279167E0,,,,,
4.283333E0,1124,7.261570E0,5.511707E0,1.184623E3,3.703856E2
4.287500E0,,,,,
4.291667E0,1126,7.298127E0,5.531039E0,1.185751E3,3.697889E2
4.295833E0,,,,,
4.300000E0,1128,7.313003E0,5.539687E0,1.186210E3,3.695220E2
4.304167E0,,,,,
4.308333E0,1130,7.344776E0,5.556059E0,1.187191E3,3.690167E2
4.312500E0,,,,,
4.316667E0,1132,7.386890E0,5.587932E0,1.188490E3,3.680330E2
4.320833E0,,,,,
4.325000E0,1134,7.431050E0,5.619257E0,1.189853E3,3.670661E2
4.329167E0,,,,,
4.333333E0,1136,7.489113E0,5.670464E0,1.191645E3,3.654857E2
4.337500E0,,,,,
4.341667E0,1138,7.560784E0,5.715953E0,1.193858E3,3.640817E2
4.345833E0,,,,,
4.350000E0,1140,7.633254E0,5.775913E0,1.196094E3,3.622311E2
4.354167E0,,,,,
4.358333E0,1142,7.706278E0,5.811596E0,1.198348E3,3.611298E2
4.362500E0,,,,,
4.366667E0,1144,7.758745E0,5.851910E0,1.199967E3,3.598855E2
4.370833E0,,,,,
4.375000E0,1146,7.820462E0,5.905093E0,1.201872E3,3.582441E2
4.379167E0,,,,,
4.383333E0,1148,7.869883E0,5.945793E0,1.203398E3,3.569879E2
4.387500E0,,,,,
4.391667E0,1150,7.929097E0,5.975103E0,1.205225E3,3.560832E2
4.395833E0,,,,,
4.400000E0,1152,7.954651E0,6.009507E0,1.206014E3,3.550214E2
4.404167E0,,,,,
4.408333E0,1154,7.981993E0,6.014309E0,1.206858E3,3.548732E2
4.412500E0,,,,,
4.416667E0,1156,8.011396E0,6.035288E0,1.207765E3,3.542257E2
4.420833E0,,,,,
4.425000E0,1158,8.019583E0,6.051975E0,1.208018E3,3.537106E2
4.429167E0,,,,,
4.433333E0,1160,8.031887E0,6.076247E0,1.208398E3,3.529615E2
4.437500E0,,,,,
4.441667E0,1162,8.058042E0,6.087207E0,1.209205E3,3.526232E2
4.445833E0,,,,,
4.450000E0,1164,8.091258E0,6.126805E0,1.210230E3,3.514011E2
4.454167E0,,,,,
4.458333E0,1166,8.123452E0,6.145856E0,1.211224E3,3.508131E2
4.462500E0,,,,,
4.466667E0,1168,8.170451E0,6.175544E0,1.212674E3,3.498968E2
4.470833E0,,,,,
4.475000E0,1170,8.232231E0,6.219090E0,1.214581E3,3.485528E2
4.479167E0,,,,,
4.483333E0,1172,8.294096E0,6.271718E0,1.216491E3,3.469285E2
4.487500E0,,,,,
4.491667E0,1174,8.357079E0,6.317504E0,1.218435E3,3.455153E2
4.495833E0,,,,,
4.500000E0,1176,8.425542E0,6.357438E0,1.220548E3,3.442828E2
4.504167E0,,,,,
4.508333E0,1178,8.497102E0,6.429504E0,1.222756E3,3.420585E2
4.512500E0,,,,,
4.516667E0,1180,8.572652E0,6.471549E0,1.225088E3,3.407608E2
4.520833E0,,,,,
4.525000E0,1182,8.603141E0,6.508057E0,1.226029E3,3.396341E2
4.529167E0,,,,,
4.533333E0,1184,8.654235E0,6.552982E0,1.227606E3,3.382475E2
4.537500E0,,,,,
4.541667E0,1186,8.674964E0,6.580751E0,1.228246E3,3.373904E2
4.545833E0,,,,,
4.550000E0,1188,8.707984E0,6.588850E0,1.229265E3,3.371404E2
4.554167E0,,,,,
4.558333E0,1190,8.739080E0,6.607068E0,1.230225E3,3.365781E2
4.562500E0,,,,,
4.566667E0,1192,8.757239E0,6.615871E0,1.230785E3,3.363065E2
4.570833E0,,,,,
4.575000E0,1194,8.773635E0,6.638710E0,1.231291E3,3.356016E2
4.579167E0,,,,,
4.583333E0,1196,8.800217E0,6.648132E0,1.232112E3,3.353107E2
4.587500E0,,,,,
4.591667E0,1198,8.826562E0,6.673595E0,1.232925E3,3.345249E2
4.595833E0,,,,,
4.600000E0,1200,8.866043E0,6.676726E0,1.234143E3,3.344282E2
4.604167E0,,,,,
4.608333E0,1202,8.910952E0,6.705180E0,1.235529E3,3.335500E2
4.612500E0,,,,,
4.616667E0,1204,8.986615E0,6.740666E0,1.237865E3,3.324548E2
4.620833E0,,,,,
4.625000E0,1206,9.053072E0,6.757756E0,1.239916E3,3.319273E2
4.629167E0,,,,,
4.633333E0,1208,9.134412E0,6.797107E0,1.242426E3,3.307128E2
4.637500E0,,,,,
4.641667E0,1210,9.214002E0,6.829968E0,1.244883E3,3.296985E2
4.645833E0,,,,,
4.650000E0,1212,9.282179E0,6.856581E0,1.246987E3,3.288771E2
4.654167E0,,,,,
4.658333E0,1214,9.363094E0,6.885549E0,1.249484E3,3.279831E2
4.662500E0,,,,,
4.666667E0,1216,9.439308E0,6.907803E0,1.251837E3,3.272962E2
4.670833E0,,,,,
4.675000E0,1218,9.483870E0,6.928977E0,1.253212E3,3.266427E2
4.679167E0,,,,,
4.683333E0,1220,9.518781E0,6.955741E0,1.254290E3,3.258166E2
4.687500E0,,,,,
4.691667E0,1222,9.553386E0,6.968912E0,1.255358E3,3.254101E2
4.695833E0,,,,,
4.700000E0,1224,9.585663E0,6.981036E0,1.256354E3,3.250359E2
4.704167E0,,,,,
4.708333E0,1226,9.602568E0,6.995945E0,1.256876E3,3.245758E2
4.712500E0,,,,,
4.716667E0,1228,9.617631E0,7.007272E0,1.257340E3,3.242262E2
4.720833E0,,,,,
4.725000E0,1230,9.650212E0,7.007060E0,1.258346E3,3.242327E2
4.729167E0,,,,,
4.733333E0,1232,9.681146E0,7.027541E0,1.259301E3,3.236006E2
4.737500E0,,,,,
4.741667E0,1234,9.713877E0,7.048987E0,1.260311E3,3.229387E2
4.745833E0,,,,,
4.750000E0,1236,9.762371E0,7.069866E0,1.261808E3,3.222943E2
4.754167E0,,,,,
4.758333E0,1238,9.816498E0,7.097149E0,1.263478E3,3.214522E2
4.762500E0,,,,,
4.766667E0,1240,9.892422E0,7.138881E0,1.265822E3,3.201642E2
4.770833E0,,,,,
4.775000E0,1242,9.966788E0,7.176160E0,1.268117E3,3.190136E2
4.779167E0,,,,,
4.783333E0,1244,1.003456E1,7.222300E0,1.270209E3,3.175895E2
4.787500E0,,,,,
4.791667E0,1246,1.010097E1,7.268149E0,1.272258E3,3.161744E2
4.795833E0,,,,,
4.800000E0,1248,1.017875E1,7.297458E0,1.274659E3,3.152698E2
4.804167E0,,,,,
4.808333E0,1250,1.024306E1,7.334353E0,1.276644E3,3.141311E2
4.812500E0,,,,,
4.816667E0,1252,1.028976E1,7.382087E0,1.278085E3,3.126578E2
4.820833E0,,,,,
4.825000E0,1254,1.032026E1,7.398065E0,1.279027E3,3.121647E2
4.829167E0,,,,,
4.833333E0,1256,1.035539E1,7.413020E0,1.280111E3,3.117031E2
4.837500E0,,,,,
4.841667E0,1258,1.038077E1,7.442178E0,1.280894E3,3.108031E2
4.845833E0,,,,,
4.850000E0,1260,1.040478E1,7.451289E0,1.281635E3,3.105219E2
4.854167E0,,,,,
4.858333E0,1262,1.042373E1,7.471578E0,1.282220E3,3.098957E2
4.862500E0,,,,,
4.866667E0,1264,1.043422E1,7.481206E0,1.282544E3,3.095986E2
4.870833E0,,,,,
4.875000E0,1266,1.047528E1,7.493455E0,1.283811E3,3.092205E2
4.879167E0,,,,,
4.883333E0,1268,1.049502E1,7.528050E0,1.284420E3,3.081528E2
4.887500E0,,,,,
4.891667E0,1270,1.053484E1,7.560762E0,1.285649E3,3.071431E2
4.895833E0,,,,,
4.900000E0,1272,1.059696E1,7.595055E0,1.287567E3,3.060847E2
4.904167E0,,,,,
4.908333E0,1274,1.064632E1,7.642783E0,1.289090E3,3.046116E2
4.912500E0,,,,,
4.916667E0,1276,1.072786E1,7.698119E0,1.291607E3,3.029037E2
4.920833E0,,,,,
4.925000E0,1278,1.078420E1,7.756848E0,1.293346E3,3.010911E2
4.929167E0,,,,,
4.933333E0,1280,1.085915E1,7.803580E0,1.295659E3,2.996488E2
4.937500E0,,,,,
4.941667E0,1282,1.091646E1,7.854687E0,1.297428E3,2.980714E2
4.945833E0,,,,,
4.950000E0,1284,1.097475E1,7.894562E0,1.299227E3,2.968407E2
4.954167E0,,,,,
4.958333E0,1286,1.102512E1,7.923464E0,1.300782E3,2.959487E2
4.962500E0,,,,,
4.966667E0,1288,1.106996E1,7.964563E0,1.302165E3,2.946801E2
4.970833E0,,,,,
4.975000E0,1290,1.110669E1,7.979291E0,1.303299E3,2.942256E2
4.979167E0,,,,,
4.983333E0,1292,1.111834E1,7.995907E0,1.303659E3,2.937127E2
4.987500E0,,,,,
4.991667E0,1294,1.113663E1,8.022109E0,1.304223E3,2.929040E2
4.995833E0,,,,,
5.000000E0,1296,1.115150E1,8.028217E0,1.304682E3,2.927155E2
5.004167E0,,,,,
5.008333E0,1298,1.117076E1,8.036704E0,1.305277E3,2.924536E2
5.012500E0,,,,,
5.016667E0,1300,1.119808E1,8.046118E0,1.306120E3,2.921630E2
5.020833E0,,,,,
5.025000E0,1302,1.122334E1,8.087232E0,1.306899E3,2.908941E2
5.029167E0,,,,,
5.033333E0,1304,1.126720E1,8.112150E0,1.308253E3,2.901250E2
5.037500E0,,,,,
5.041667E0,1306,1.133482E1,8.152476E0,1.310340E3,2.888804E2
5.045833E0,,,,,
5.050000E0,1308,1.137967E1,8.209458E0,1.311725E3,2.871217E2
5.054167E0,,,,,
5.058333E0,1310,1.144183E1,8.269474E0,1.313643E3,2.852693E2
5.062500E0,,,,,
5.066667E0,1312,1.150636E1,8.323645E0,1.315635E3,2.835974E2
5.070833E0,,,,,
5.075000E0,1314,1.156486E1,8.380387E0,1.317440E3,2.818461E2
5.079167E0,,,,,
5.083333E0,1316,1.162345E1,8.428452E0,1.319249E3,2.803626E2
5.087500E0,,,,,
5.091667E0,1318,1.167584E1,8.497427E0,1.320866E3,2.782337E2
5.095833E0,,,,,
5.100000E0,1320,1.172031E1,8.523298E0,1.322238E3,2.774353E2
5.104167E0,,,,,
5.108333E0,1322,1.175962E1,8.566062E0,1.323451E3,2.761154E2
5.112500E0,,,,,
5.116667E0,1324,1.179168E1,8.583958E0,1.324441E3,2.755630E2
5.120833E0,,,,,
5.125000E0,1326,1.181541E1,8.614081E0,1.325173E3,2.746333E2
5.129167E0,,,,,
5.133333E0,1328,1.182911E1,8.621185E0,1.325596E3,2.744140E2
5.137500E0,,,,,
5.141667E0,1330,1.184485E1,8.633888E0,1.326082E3,2.740220E2
5.145833E0,,,,,
5.150000E0,1332,1.185999E1,8.643354E0,1.326549E3,2.737298E2
5.154167E0,,,,,
5.158333E0,1334,1.188495E1,8.678304E0,1.327319E3,2.726511E2
5.162500E0,,,,,
5.166667E0,1336,1.190248E1,8.707624E0,1.327860E3,2.717462E2
5.170833E0,,,,,
5.175000E0,1338,1.194846E1,8.737054E0,1.329280E3,2.708378E2
5.179167E0,,,,,
5.183333E0,1340,1.198653E1,8.782478E0,1.330455E3,2.694359E2
5.187500E0,,,,,
5.191667E0,1342,1.204883E1,8.825480E0,1.332377E3,2.681087E2
5.195833E0,,,,,
5.200000E0,1344,1.204680E1,8.833572E0,1.332315E3,2.678589E2
5.204167E0,,,,,
5.208333E0,1346,1.199580E1,8.778700E0,1.330741E3,2.695525E2
5.212500E0,,,,,
5.216667E0,1348,1.191657E1,8.712378E0,1.328295E3,2.715994E2
5.220833E0,,,,,
5.225000E0,1350,1.185512E1,8.660856E0,1.326399E3,2.731896E2
5.229167E0,,,,,
5.233333E0,1352,1.180306E1,8.605324E0,1.324792E3,2.749036E2
5.237500E0,,,,,
5.241667E0,1354,1.175684E1,8.560986E0,1.323365E3,2.762720E2
5.245833E0,,,,,
5.250000E0,1356,1.171726E1,8.523684E0,1.322144E3,2.774233E2
5.254167E0,,,,,
5.258333E0,1358,1.168709E1,8.508005E0,1.321213E3,2.779073E2
5.262500E0,,,,,
5.266667E0,1360,1.167116E1,8.474594E0,1.320721E3,2.789384E2
5.270833E0,,,,,
5.275000E0,1362,1.165327E1,8.467801E0,1.320169E3,2.791481E2
5.279167E0,,,,,
5.283333E0,1364,1.162721E1,8.448198E0,1.319364E3,2.797531E2
5.287500E0,,,,,
5.291667E0,1366,1.161317E1,8.429106E0,1.318931E3,2.803424E2
5.295833E0,,,,,
5.300000E0,1368,1.158287E1,8.413035E0,1.317996E3,2.808384E2
5.304167E0,,,,,
5.308333E0,1370,1.157212E1,8.375575E0,1.317664E3,2.819946E2
5.312500E0,,,,,
5.316667E0,1372,1.153146E1,8.352760E0,1.316409E3,2.826988E2
5.320833E0,,,,,
5.325000E0,1374,1.149166E1,8.294815E0,1.315181E3,2.844872E2
5.329167E0,,,,,
5.333333E0,1376,1.143798E1,8.260135E0,1.313524E3,2.855576E2
5.337500E0,,,,,
5.341667E0,1378,1.137578E1,8.202995E0,1.311604E3,2.873211E2
5.345833E0,,,,,
5.350000E0,1380,1.131912E1,8.139484E0,1.309856E3,2.892813E2
5.354167E0,,,,,
5.358333E0,1382,1.126063E1,8.079023E0,1.308050E3,2.911474E2
5.362500E0,,,,,
5.366667E0,1384,1.121294E1,8.011006E0,1.306578E3,2.932467E2
5.370833E0,,,,,
5.375000E0,1386,1.115682E1,7.949474E0,1.304846E3,2.951458E2
5.379167E0,,,,,
5.383333E0,1388,1.112142E1,7.910381E0,1.303754E3,2.963524E2
5.387500E0,,,,,
5.391667E0,1390,1.107188E1,7.867306E0,1.302225E3,2.976819E2
5.395833E0,,,,,
5.400000E0,1392,1.105160E1,7.830104E0,1.301599E3,2.988301E2
5.404167E0,,,,,
5.408333E0,1394,1.103184E1,7.793312E0,1.300989E3,2.999657E2
5.412500E0,,,,,
5.416667E0,1396,1.101786E1,7.791754E0,1.300557E3,3.000138E2
5.420833E0,,,,,
5.425000E0,1398,1.099152E1,7.772797E0,1.299744E3,3.005989E2
5.429167E0,,,,,
5.433333E0,1400,1.097045E1,7.753129E0,1.299094E3,3.012059E2
5.437500E0,,,,,
5.441667E0,1402,1.094924E1,7.729961E0,1.298440E3,3.019209E2
5.445833E0,,,,,
5.450000E0,1404,1.093233E1,7.703329E0,1.297918E3,3.027429E2
5.454167E0,,,,,
5.458333E0,1406,1.090856E1,7.676855E0,1.297184E3,3.035600E2
5.462500E0,,,,,
5.466667E0,1408,1.086607E1,7.631092E0,1.295872E3,3.049725E2
5.470833E0,,,,,
5.475000E0,1410,1.081776E1,7.566856E0,1.294381E3,3.069551E2
5.479167E0,,,,,
5.483333E0,1412,1.077097E1,7.519643E0,1.292937E3,3.084123E2
5.487500E0,,,,,
5.491667E0,1414,1.071026E1,7.457383E0,1.291064E3,3.103339E2
5.495833E0,,,,,
5.500000E0,1416,1.066410E1,7.382339E0,1.289639E3,3.126500E2
5.504167E0,,,,,
5.508333E0,1418,1.060632E1,7.330990E0,1.287856E3,3.142349E2
5.512500E0,,,,,
5.516667E0,1420,1.056273E1,7.260528E0,1.286510E3,3.164096E2
5.520833E0,,,,,
5.525000E0,1422,1.051053E1,7.205485E0,1.284899E3,3.181085E2
5.529167E0,,,,,
5.533333E0,1424,1.048379E1,7.168967E0,1.284074E3,3.192356E2
5.537500E0,,,,,
5.541667E0,1426,1.045238E1,7.126612E0,1.283104E3,3.205429E2
5.545833E0,,,,,
5.550000E0,1428,1.043500E1,7.097613E0,1.282568E3,3.214379E2
5.554167E0,,,,,
5.558333E0,1430,1.041239E1,7.077265E0,1.281870E3,3.220659E2
5.562500E0,,,,,
5.566667E0,1432,1.040038E1,7.060530E0,1.281500E3,3.225824E2
5.570833E0,,,,,
5.575000E0,1434,1.038538E1,7.046367E0,1.281036E3,3.230195E2
5.579167E0,,,,,
5.583333E0,1436,1.037358E1,7.028864E0,1.280672E3,3.235598E2
5.587500E0,,,,,
5.591667E0,1438,1.034792E1,7.000514E0,1.279880E3,3.244347E2
5.595833E0,,,,,
5.600000E0,1440,1.032188E1,6.953665E0,1.279077E3,3.258807E2
5.604167E0,,,,,
5.608333E0,1442,1.028548E1,6.917583E0,1.277953E3,3.269943E2
5.612500E0,,,,,
5.616667E0,1444,1.023722E1,6.863227E0,1.276464E3,3.286720E2
5.620833E0,,,,,
5.625000E0,1446,1.018618E1,6.817782E0,1.274888E3,3.300746E2
5.629167E0,,,,,
5.633333E0,1448,1.013386E1,6.753639E0,1.273273E3,3.320543E2
5.637500E0,,,,,
5.641667E0,1450,1.007122E1,6.678827E0,1.271340E3,3.343634E2
5.645833E0,,,,,
5.650000E0,1452,1.002305E1,6.626631E0,1.269854E3,3.359744E2
5.654167E0,,,,,
5.658333E0,1454,9.968342E0,6.562568E0,1.268165E3,3.379516E2
5.662500E0,,,,,
5.666667E0,1456,9.937461E0,6.501015E0,1.267212E3,3.398514E2
5.670833E0,,,,,
5.675000E0,1458,9.893450E0,6.464590E0,1.265853E3,3.409756E2
5.679167E0,,,,,
5.683333E0,1460,9.866490E0,6.423358E0,1.265021E3,3.422482E2
5.687500E0,,,,,
5.691667E0,1462,9.847451E0,6.382417E0,1.264434E3,3.435118E2
5.695833E0,,,,,
5.700000E0,1464,9.823428E0,6.365628E0,1.263692E3,3.440300E2
5.704167E0,,,,,
5.708333E0,1466,9.815525E0,6.346502E0,1.263448E3,3.446203E2
5.712500E0,,,,,
5.716667E0,1468,9.800467E0,6.334161E0,1.262984E3,3.450012E2
5.720833E0,,,,,
5.725000E0,1470,9.785385E0,6.306783E0,1.262518E3,3.458462E2
5.729167E0,,,,,
5.733333E0,1472,9.772106E0,6.285481E0,1.262108E3,3.465037E2
5.737500E0,,,,,
5.741667E0,1474,9.743496E0,6.239961E0,1.261225E3,3.479086E2
5.745833E0,,,,,
5.750000E0,1476,9.724630E0,6.210354E0,1.260643E3,3.488224E2
5.754167E0,,,,,
5.758333E0,1478,9.683139E0,6.137228E0,1.259362E3,3.510794E2
5.762500E0,,,,,
5.766667E0,1480,9.630290E0,6.086475E0,1.257731E3,3.526458E2
5.770833E0,,,,,
5.775000E0,1482,9.599901E0,5.995969E0,1.256793E3,3.554392E2
5.779167E0,,,,,
5.783333E0,1484,9.547417E0,5.939388E0,1.255173E3,3.571855E2
5.787500E0,,,,,
5.791667E0,1486,9.508424E0,5.860535E0,1.253970E3,3.596193E2
5.795833E0,,,,,
5.800000E0,1488,9.475240E0,5.786484E0,1.252946E3,3.619048E2
5.804167E0,,,,,
5.808333E0,1490,9.446852E0,5.727759E0,1.252070E3,3.637173E2
5.812500E0,,,,,
5.816667E0,1492,9.421895E0,5.669774E0,1.251299E3,3.655070E2
5.820833E0,,,,,
5.825000E0,1494,9.380307E0,5.622253E0,1.250016E3,3.669737E2
5.829167E0,,,,,
5.833333E0,1496,9.367622E0,5.594981E0,1.249624E3,3.678154E2
5.837500E0,,,,,
5.841667E0,1498,9.363878E0,5.562057E0,1.249509E3,3.688316E2
5.845833E0,,,,,
5.850000E0,1500,9.357054E0,5.549799E0,1.249298E3,3.692099E2
5.854167E0,,,,,
5.858333E0,1502,9.330325E0,5.533074E0,1.248473E3,3.697261E2
5.862500E0,,,,,
5.866667E0,1504,9.325970E0,5.519076E0,1.248339E3,3.701581E2
5.870833E0,,,,,
5.875000E0,1506,9.309280E0,5.480588E0,1.247823E3,3.713460E2
5.879167E0,,,,,
5.883333E0,1508,9.303521E0,5.441791E0,1.247646E3,3.725435E2
5.887500E0,,,,,
5.891667E0,1510,9.254868E0,5.395233E0,1.246144E3,3.739805E2
5.895833E0,,,,,
5.900000E0,1512,9.223737E0,5.337803E0,1.245183E3,3.757530E2
5.904167E0,,,,,
5.908333E0,1514,9.203329E0,5.287154E0,1.244553E3,3.773162E2
5.912500E0,,,,,
5.916667E0,1516,9.161931E0,5.197569E0,1.243276E3,3.800812E2
5.920833E0,,,,,
5.925000E0,1518,9.131960E0,5.113721E0,1.242351E3,3.826691E2
5.929167E0,,,,,
5.933333E0,1520,9.097981E0,5.042788E0,1.241302E3,3.848584E2
5.937500E0,,,,,
5.941667E0,1522,9.052953E0,4.977538E0,1.239912E3,3.868723E2
5.945833E0,,,,,
5.950000E0,1524,9.029513E0,4.909975E0,1.239189E3,3.889576E2
5.954167E0,,,,,
5.958333E0,1526,8.997140E0,4.851934E0,1.238190E3,3.907490E2
5.962500E0,,,,,
5.966667E0,1528,8.968417E0,4.806535E0,1.237303E3,3.921501E2
5.970833E0,,,,,
5.975000E0,1530,8.943906E0,4.772366E0,1.236546E3,3.932048E2
5.979167E0,,,,,
5.983333E0,1532,8.937770E0,4.741419E0,1.236357E3,3.941599E2
5.987500E0,,,,,
5.991667E0,1534,8.949255E0,4.726639E0,1.236712E3,3.946161E2
5.995833E0,,,,,
6.000000E0,1536,8.924673E0,4.717450E0,1.235953E3,3.948997E2
6.004167E0,,,,,
6.008333E0,1538,8.921292E0,4.687505E0,1.235849E3,3.958239E2
6.012500E0,,,,,
6.016667E0,1540,8.896453E0,4.638511E0,1.235082E3,3.973361E2
6.020833E0,,,,,
6.025000E0,1542,8.878763E0,4.625728E0,1.234536E3,3.977306E2
6.029167E0,,,,,
6.033333E0,1544,8.863580E0,4.568093E0,1.234067E3,3.995095E2
6.037500E0,,,,,
6.041667E0,1546,8.832774E0,4.503536E0,1.233116E3,4.015020E2
6.045833E0,,,,,
6.050000E0,1548,8.798264E0,4.449375E0,1.232051E3,4.031736E2
6.054167E0,,,,,
6.058333E0,1550,8.755077E0,4.385442E0,1.230718E3,4.051469E2
6.062500E0,,,,,
6.066667E0,1552,8.723718E0,4.302102E0,1.229751E3,4.077191E2
6.070833E0,,,,,
6.075000E0,1554,8.687954E0,4.225972E0,1.228647E3,4.100688E2
6.079167E0,,,,,
6.083333E0,1556,8.652679E0,4.135534E0,1.227558E3,4.128601E2
6.087500E0,,,,,
6.091667E0,1558,8.635277E0,4.074687E0,1.227021E3,4.147380E2
6.095833E0,,,,,
6.100000E0,1560,8.595740E0,4.025212E0,1.225801E3,4.162650E2
6.104167E0,,,,,
6.108333E0,1562,8.581301E0,3.979741E0,1.225355E3,4.176685E2
6.112500E0,,,,,
6.116667E0,1564,8.554281E0,3.939787E0,1.224521E3,4.189016E2
6.120833E0,,,,,
6.125000E0,1566,8.529203E0,3.907291E0,1.223747E3,4.199046E2
6.129167E0,,,,,
6.133333E0,1568,8.538995E0,3.886917E0,1.224049E3,4.205334E2
6.137500E0,,,,,
6.141667E0,1570,8.530666E0,3.866270E0,1.223792E3,4.211707E2
6.145833E0,,,,,
6.150000E0,1572,8.516646E0,3.839668E0,1.223359E3,4.219917E2
6.154167E0,,,,,
6.158333E0,1574,8.517750E0,3.818797E0,1.223394E3,4.226359E2
6.162500E0,,,,,
6.166667E0,1576,8.489053E0,3.783475E0,1.222508E3,4.237261E2
6.170833E0,,,,,
6.175000E0,1578,8.471039E0,3.729737E0,1.221952E3,4.253847E2
6.179167E0,,,,,
6.183333E0,1580,8.434923E0,3.681871E0,1.220837E3,4.268620E2
6.187500E0,,,,,
6.191667E0,1582,8.411725E0,3.606156E0,1.220121E3,4.291989E2
6.195833E0,,,,,
6.200000E0,1584,8.383896E0,3.546084E0,1.219262E3,4.310530E2
6.204167E0,,,,,
6.208333E0,1586,8.349882E0,3.462670E0,1.218212E3,4.336275E2
6.212500E0,,,,,
6.216667E0,1588,8.298195E0,3.386080E0,1.216617E3,4.359914E2
6.220833E0,,,,,
6.225000E0,1590,8.264106E0,3.306190E0,1.215565E3,4.384571E2
6.229167E0,,,,,
6.233333E0,1592,8.231914E0,3.248214E0,1.214571E3,4.402465E2
6.237500E0,,,,,
6.241667E0,1594,8.205334E0,3.188655E0,1.213751E3,4.420847E2
6.245833E0,,,,,
6.250000E0,1596,8.178999E0,3.143328E0,1.212938E3,4.434837E2
6.254167E0,,,,,
6.258333E0,1598,8.150038E0,3.111157E0,1.212044E3,4.444766E2
6.262500E0,,,,,
6.266667E0,1600,8.135346E0,3.082264E0,1.211591E3,4.453684E2
6.270833E0,,,,,
6.275000E0,1602,8.137057E0,3.056836E0,1.211644E3,4.461532E2
6.279167E0,,,,,
6.283333E0,1604,8.128879E0,3.041755E0,1.211391E3,4.466187E2
6.287500E0,,,,,
6.291667E0,1606,8.101936E0,3.018588E0,1.210560E3,4.473337E2
6.295833E0,,,,,
6.300000E0,1608,8.093712E0,2.988784E0,1.210306E3,4.482536E2
6.304167E0,,,,,
6.308333E0,1610,8.080813E0,2.959307E0,1.209908E3,4.491634E2
6.312500E0,,,,,
6.316667E0,1612,8.059125E0,2.922754E0,1.209238E3,4.502915E2
6.320833E0,,,,,
6.325000E0,1614,8.036482E0,2.856910E0,1.208540E3,4.523238E2
6.329167E0,,,,,
6.333333E0,1616,7.999132E0,2.792078E0,1.207387E3,4.543248E2
6.337500E0,,,,,
6.341667E0,1618,7.967163E0,2.731077E0,1.206400E3,4.562075E2
6.345833E0,,,,,
6.350000E0,1620,7.923228E0,2.656488E0,1.205044E3,4.585096E2
6.354167E0,,,,,
6.358333E0,1622,7.885456E0,2.581093E0,1.203878E3,4.608366E2
6.362500E0,,,,,
6.366667E0,1624,7.870982E0,2.485798E0,1.203432E3,4.637778E2
6.370833E0,,,,,
6.375000E0,1626,7.833081E0,2.423406E0,1.202262E3,4.657035E2
6.379167E0,,,,,
6.383333E0,1628,7.811631E0,2.362250E0,1.201600E3,4.675911E2
6.387500E0,,,,,
6.391667E0,1630,7.793855E0,2.302789E0,1.201051E3,4.694263E2
6.395833E0,,,,,
6.400000E0,1632,7.782381E0,2.266124E0,1.200697E3,4.705579E2
6.404167E0,,,,,
6.408333E0,1634,7.779527E0,2.232011E0,1.200609E3,4.716108E2
6.412500E0,,,,,
6.416667E0,1636,7.756996E0,2.209740E0,1.199913E3,4.722982E2
6.420833E0,,,,,
6.425000E0,1638,7.754402E0,2.200629E0,1.199833E3,4.725794E2
6.429167E0,,,,,
6.433333E0,1640,7.741823E0,2.172682E0,1.199445E3,4.734419E2
6.437500E0,,,,,
6.441667E0,1642,7.739116E0,2.132524E0,1.199362E3,4.746814E2
6.445833E0,,,,,
6.450000E0,1644,7.717763E0,2.103204E0,1.198703E3,4.755863E2
6.454167E0,,,,,
6.458333E0,1646,7.710847E0,2.061797E0,1.198489E3,4.768643E2
6.462500E0,,,,,
6.466667E0,1648,7.669670E0,2.016303E0,1.197218E3,4.782684E2
6.470833E0,,,,,
6.475000E0,1650,7.641484E0,1.954866E0,1.196348E3,4.801646E2
6.479167E0,,,,,
6.483333E0,1652,7.614472E0,1.880655E0,1.195515E3,4.824551E2
6.487500E0,,,,,
6.491667E0,1654,7.584433E0,1.788005E0,1.194587E3,4.853146E2
6.495833E0,,,,,
6.500000E0,1656,7.540671E0,1.719543E0,1.193237E3,4.874277E2
6.504167E0,,,,,
6.508333E0,1658,7.505228E0,1.652274E0,1.192143E3,4.895039E2
6.512500E0,,,,,
6.516667E0,1660,7.463293E0,1.576055E0,1.190849E3,4.918563E2
6.520833E0,,,,,
6.525000E0,1662,7.442882E0,1.522005E0,1.190219E3,4.935245E2
6.529167E0,,,,,
6.533333E0,1664,7.422630E0,1.464822E0,1.189594E3,4.952894E2
6.537500E0,,,,,
6.541667E0,1666,7.388023E0,1.434418E0,1.188525E3,4.962279E2
6.545833E0,,,,,
6.550000E0,1668,7.388740E0,1.392273E0,1.188548E3,4.975286E2
6.554167E0,,,,,
6.558333E0,1670,7.389913E0,1.360560E0,1.188584E3,4.985074E2
6.562500E0,,,,,
6.566667E0,1672,7.371779E0,1.344557E0,1.188024E3,4.990013E2
6.570833E0,,,,,
6.575000E0,1674,7.364675E0,1.333265E0,1.187805E3,4.993498E2
6.579167E0,,,,,
6.583333E0,1676,7.353587E0,1.303402E0,1.187463E3,5.002715E2
6.587500E0,,,,,
6.591667E0,1678,7.344416E0,1.277703E0,1.187180E3,5.010647E2
6.595833E0,,,,,
6.600000E0,1680,7.330808E0,1.234051E0,1.186759E3,5.024120E2
6.604167E0,,,,,
6.608333E0,1682,7.317888E0,1.167899E0,1.186361E3,5.044537E2
6.612500E0,,,,,
6.616667E0,1684,7.312748E0,1.104004E0,1.186202E3,5.064258E2
6.620833E0,,,,,
6.625000E0,1686,7.267239E0,1.028311E0,1.184797E3,5.087620E2
6.629167E0,,,,,
6.633333E0,1688,7.245126E0,9.353552E-1,1.184115E3,5.116310E2
6.637500E0,,,,,
6.641667E0,1690,7.222144E0,8.759593E-1,1.183406E3,5.134642E2
6.645833E0,,,,,
6.650000E0,1692,7.197435E0,7.901736E-1,1.182643E3,5.161119E2
6.654167E0,,,,,
6.658333E0,1694,7.174185E0,7.055579E-1,1.181925E3,5.187235E2
6.662500E0,,,,,
6.666667E0,1696,7.150511E0,6.470253E-1,1.181195E3,5.205301E2
6.670833E0,,,,,
6.675000E0,1698,7.118688E0,5.980447E-1,1.180213E3,5.220418E2
6.679167E0,,,,,
6.683333E0,1700,7.101105E0,5.497537E-1,1.179670E3,5.235323E2
6.687500E0,,,,,
6.691667E0,1702,7.093605E0,5.096375E-1,1.179438E3,5.247704E2
6.695833E0,,,,,
6.700000E0,1704,7.095947E0,4.927994E-1,1.179511E3,5.252901E2
6.704167E0,,,,,
6.708333E0,1706,7.087487E0,4.700131E-1,1.179250E3,5.259934E2
6.712500E0,,,,,
6.716667E0,1708,7.078082E0,4.527834E-1,1.178959E3,5.265252E2
6.720833E0,,,,,
6.725000E0,1710,7.055376E0,4.157375E-1,1.178259E3,5.276686E2
6.729167E0,,,,,
6.733333E0,1712,7.053557E0,3.999399E-1,1.178202E3,5.281562E2
6.737500E0,,,,,
6.741667E0,1714,7.051715E0,3.488599E-1,1.178146E3,5.297327E2
6.745833E0,,,,,
6.750000E0,1716,7.025257E0,3.068072E-1,1.177329E3,5.310306E2
6.754167E0,,,,,
6.758333E0,1718,7.000087E0,2.333047E-1,1.176552E3,5.332992E2
6.762500E0,,,,,
6.766667E0,1720,6.979595E0,1.545587E-1,1.175920E3,5.357297E2
6.770833E0,,,,,
6.775000E0,1722,6.967563E0,8.832204E-2,1.175548E3,5.377740E2
6.779167E0,,,,,
6.783333E0,1724,6.932669E0,-3.958290E-4,1.174471E3,5.405122E2
6.787500E0,,,,,
6.791667E0,1726,6.915748E0,-8.922965E-2,1.173949E3,5.432540E2
6.795833E0,,,,,
6.800000E0,1728,6.902795E0,-1.536556E-1,1.173549E3,5.452425E2
6.804167E0,,,,,
6.808333E0,1730,6.885243E0,-2.277574E-1,1.173008E3,5.475295E2
6.812500E0,,,,,
6.816667E0,1732,6.861995E0,-2.981997E-1,1.172290E3,5.497037E2
6.820833E0,,,,,
6.825000E0,1734,6.856594E0,-3.337748E-1,1.172123E3,5.508017E2
6.829167E0,,,,,
6.833333E0,1736,6.849791E0,-3.697072E-1,1.171913E3,5.519107E2
6.837500E0,,,,,
6.841667E0,1738,6.841755E0,-4.016368E-1,1.171665E3,5.528962E2
6.845833E0,,,,,
6.850000E0,1740,6.842094E0,-4.280851E-1,1.171676E3,5.537125E2
6.854167E0,,,,,
6.858333E0,1742,6.826172E0,-4.432652E-1,1.171184E3,5.541810E2
6.862500E0,,,,,
6.866667E0,1744,6.829080E0,-4.531644E-1,1.171274E3,5.544866E2
6.870833E0,,,,,
6.875000E0,1746,6.816682E0,-4.926525E-1,1.170891E3,5.557053E2
6.879167E0,,,,,
6.883333E0,1748,6.798477E0,-5.334724E-1,1.170330E3,5.569652E2
6.887500E0,,,,,
6.891667E0,1750,6.799104E0,-5.856479E-1,1.170349E3,5.585756E2
6.895833E0,,,,,
6.900000E0,1752,6.767706E0,-6.471784E-1,1.169380E3,5.604746E2
6.904167E0,,,,,
6.908333E0,1754,6.764046E0,-7.157304E-1,1.169267E3,5.625904E2
6.912500E0,,,,,
6.916667E0,1756,6.747085E0,-8.134403E-1,1.168743E3,5.656062E2
6.920833E0,,,,,
6.925000E0,1758,6.721443E0,-8.872464E-1,1.167952E3,5.678841E2
6.929167E0,,,,,
6.933333E0,1760,6.704749E0,-9.799585E-1,1.167437E3,5.707456E2
6.937500E0,,,,,
6.941667E0,1762,6.678716E0,-1.056129E0,1.166633E3,5.730966E2
6.945833E0,,,,,
6.950000E0,1764,6.670931E0,-1.113283E0,1.166393E3,5.748606E2
6.954167E0,,,,,
6.958333E0,1766,6.660720E0,-1.182738E0,1.166078E3,5.770043E2
6.962500E0,,,,,
6.966667E0,1768,6.645041E0,-1.223542E0,1.165594E3,5.782636E2
6.970833E0,,,,,
6.975000E0,1770,6.646099E0,-1.266521E0,1.165627E3,5.795902E2
6.979167E0,,,,,
6.983333E0,1772,6.639447E0,-1.295514E0,1.165421E3,5.804850E2
6.987500E0,,,,,
6.991667E0,1774,6.639891E0,-1.311179E0,1.165435E3,5.809685E2
6.995833E0,,,,,
7.000000E0,1776,6.633426E0,-1.343427E0,1.165235E3,5.819638E2
7.004167E0,,,,,
7.008333E0,1778,6.632681E0,-1.369796E0,1.165212E3,5.827777E2
7.012500E0,,,,,
7.016667E0,1780,6.629420E0,-1.392857E0,1.165112E3,5.834894E2
7.020833E0,,,,,
7.025000E0,1782,6.623576E0,-1.429911E0,1.164931E3,5.846331E2
7.029167E0,,,,,
7.033333E0,1784,6.616073E0,-1.489468E0,1.164700E3,5.864712E2
7.037500E0,,,,,
7.041667E0,1786,6.608145E0,-1.546675E0,1.164455E3,5.882369E2
7.045833E0,,,,,
7.050000E0,1788,6.595781E0,-1.635095E0,1.164073E3,5.909659E2
7.054167E0,,,,,
7.058333E0,1790,6.584088E0,-1.712907E0,1.163713E3,5.933675E2
7.062500E0,,,,,
7.066667E0,1792,6.577731E0,-1.796405E0,1.163516E3,5.959446E2
7.070833E0,,,,,
7.075000E0,1794,6.575382E0,-1.880671E0,1.163444E3,5.985454E2
7.079167E0,,,,,
7.083333E0,1796,6.580471E0,-1.959658E0,1.163601E3,6.009833E2
7.087500E0,,,,,
7.091667E0,1798,6.565366E0,-2.031916E0,1.163135E3,6.032135E2
7.095833E0,,,,,
7.100000E0,1800,6.553107E0,-2.107779E0,1.162756E3,6.055549E2
7.104167E0,,,,,
7.108333E0,1802,6.531873E0,-2.147808E0,1.162101E3,6.067904E2
7.112500E0,,,,,
7.116667E0,1804,6.533156E0,-2.189527E0,1.162141E3,6.080780E2
7.120833E0,,,,,
7.125000E0,1806,6.521370E0,-2.218278E0,1.161777E3,6.089654E2
7.129167E0,,,,,
7.133333E0,1808,6.517276E0,-2.246771E0,1.161650E3,6.098448E2
7.137500E0,,,,,
7.141667E0,1810,6.513547E0,-2.278192E0,1.161535E3,6.108146E2
7.145833E0,,,,,
7.150000E0,1812,6.510139E0,-2.291404E0,1.161430E3,6.112223E2
7.154167E0,,,,,
7.158333E0,1814,6.505997E0,-2.316140E0,1.161302E3,6.119858E2
7.162500E0,,,,,
7.166667E0,1816,6.477194E0,-2.350186E0,1.160413E3,6.130366E2
7.170833E0,,,,,
7.175000E0,1818,6.483622E0,-2.398761E0,1.160612E3,6.145358E2
7.179167E0,,,,,
7.183333E0,1820,6.463806E0,-2.460616E0,1.160000E3,6.164449E2
7.187500E0,,,,,
7.191667E0,1822,6.434309E0,-2.530654E0,1.159090E3,6.186066E2
7.195833E0,,,,,
7.200000E0,1824,6.415121E0,-2.596628E0,1.158498E3,6.206428E2
7.204167E0,,,,,
7.208333E0,1826,6.403629E0,-2.691336E0,1.158143E3,6.235659E2
7.212500E0,,,,,
7.216667E0,1828,6.363574E0,-2.782995E0,1.156907E3,6.263949E2
7.220833E0,,,,,
7.225000E0,1830,6.340307E0,-2.849969E0,1.156188E3,6.284620E2
7.229167E0,,,,,
7.233333E0,1832,6.317823E0,-2.922505E0,1.155495E3,6.307008E2
7.237500E0,,,,,
7.241667E0,1834,6.302003E0,-2.977258E0,1.155006E3,6.323907E2
7.245833E0,,,,,
7.250000E0,1836,6.290942E0,-3.034389E0,1.154665E3,6.341540E2
7.254167E0,,,,,
7.258333E0,1838,6.264914E0,-3.065237E0,1.153862E3,6.351061E2
7.262500E0,,,,,
7.266667E0,1840,6.258993E0,-3.089614E0,1.153679E3,6.358585E2
7.270833E0,,,,,
7.275000E0,1842,6.250499E0,-3.127227E0,1.153417E3,6.370194E2
7.279167E0,,,,,
7.283333E0,1844,6.235318E0,-3.151169E0,1.152948E3,6.377583E2
7.287500E0,,,,,
7.291667E0,1846,6.228989E0,-3.172738E0,1.152753E3,6.384240E2
7.295833E0,,,,,
7.300000E0,1848,6.232497E0,-3.203979E0,1.152861E3,6.393882E2
7.304167E0,,,,,
7.308333E0,1850,6.204796E0,-3.230231E0,1.152006E3,6.401985E2
7.312500E0,,,,,
7.316667E0,1852,6.196628E0,-3.271321E0,1.151754E3,6.414667E2
7.320833E0,,,,,
7.325000E0,1854,6.170126E0,-3.328319E0,1.150936E3,6.432259E2
7.329167E0,,,,,
7.333333E0,1856,6.159091E0,-3.400958E0,1.150595E3,6.454678E2
7.337500E0,,,,,
7.341667E0,1858,6.136610E0,-3.490324E0,1.149902E3,6.482261E2
7.345833E0,,,,,
7.350000E0,1860,6.100328E0,-3.559272E0,1.148782E3,6.503541E2
7.354167E0,,,,,
7.358333E0,1862,6.057998E0,-3.627260E0,1.147475E3,6.524525E2
7.362500E0,,,,,
7.366667E0,1864,6.045633E0,-3.723869E0,1.147094E3,6.554342E2
7.370833E0,,,,,
7.375000E0,1866,6.018253E0,-3.778847E0,1.146249E3,6.571311E2
7.379167E0,,,,,
7.383333E0,1868,5.984519E0,-3.843361E0,1.145207E3,6.591223E2
7.387500E0,,,,,
7.391667E0,1870,5.959320E0,-3.897029E0,1.144430E3,6.607787E2
7.395833E0,,,,,
7.400000E0,1872,5.947183E0,-3.946955E0,1.144055E3,6.623196E2
7.404167E0,,,,,
7.408333E0,1874,5.941569E0,-3.969853E0,1.143882E3,6.630263E2
7.412500E0,,,,,
7.416667E0,1876,5.921531E0,-3.983318E0,1.143263E3,6.634419E2
7.420833E0,,,,,
7.425000E0,1878,5.919820E0,-4.004583E0,1.143210E3,6.640982E2
7.429167E0,,,,,
7.433333E0,1880,5.904035E0,-4.030138E0,1.142723E3,6.648870E2
7.437500E0,,,,,
7.441667E0,1882,5.882301E0,-4.063037E0,1.142052E3,6.659024E2
7.445833E0,,,,,
7.450000E0,1884,5.888747E0,-4.082617E0,1.142251E3,6.665067E2
7.454167E0,,,,,
7.458333E0,1886,5.866605E0,-4.135336E0,1.141568E3,6.681338E2
7.462500E0,,,,,
7.466667E0,1888,5.847831E0,-4.194009E0,1.140989E3,6.699447E2
7.470833E0,,,,,
7.475000E0,1890,5.827485E0,-4.251448E0,1.140361E3,6.717175E2
7.479167E0,,,,,
7.483333E0,1892,5.795121E0,-4.336878E0,1.139362E3,6.743542E2
7.487500E0,,,,,
7.491667E0,1894,5.764612E0,-4.416443E0,1.138420E3,6.768100E2
7.495833E0,,,,,
7.500000E0,1896,5.731598E0,-4.490007E0,1.137401E3,6.790805E2
7.504167E0,,,,,
7.508333E0,1898,5.709663E0,-4.565909E0,1.136724E3,6.814231E2
7.512500E0,,,,,
7.516667E0,1900,5.685435E0,-4.647425E0,1.135976E3,6.839391E2
7.520833E0,,,,,
7.525000E0,1902,5.674107E0,-4.695849E0,1.135627E3,6.854336E2
7.529167E0,,,,,
7.533333E0,1904,5.649213E0,-4.764085E0,1.134858E3,6.875397E2
7.537500E0,,,,,
7.541667E0,1906,5.633304E0,-4.793950E0,1.134367E3,6.884614E2
7.545833E0,,,,,
7.550000E0,1908,5.618144E0,-4.826726E0,1.133900E3,6.894730E2
7.554167E0,,,,,
7.558333E0,1910,5.618120E0,-4.852386E0,1.133899E3,6.902650E2
7.562500E0,,,,,
7.566667E0,1912,5.615447E0,-4.882143E0,1.133816E3,6.911834E2
7.570833E0,,,,,
7.575000E0,1914,5.594311E0,-4.906473E0,1.133164E3,6.919343E2
7.579167E0,,,,,
7.583333E0,1916,5.596360E0,-4.921159E0,1.133227E3,6.923876E2
7.587500E0,,,,,
7.591667E0,1918,5.587333E0,-4.960861E0,1.132949E3,6.936130E2
7.595833E0,,,,,
7.600000E0,1920,5.586645E0,-5.006975E0,1.132927E3,6.950363E2
7.604167E0,,,,,
7.608333E0,1922,5.565042E0,-5.065713E0,1.132261E3,6.968492E2
7.612500E0,,,,,
7.616667E0,1924,5.535116E0,-5.126694E0,1.131337E3,6.987313E2
7.620833E0,,,,,
7.625000E0,1926,5.507229E0,-5.205679E0,1.130476E3,7.011691E2
7.629167E0,,,,,
7.633333E0,1928,5.479387E0,-5.277372E0,1.129617E3,7.033819E2
7.637500E0,,,,,
7.641667E0,1930,5.452946E0,-5.359505E0,1.128801E3,7.059168E2
7.645833E0,,,,,
7.650000E0,1932,5.432272E0,-5.428730E0,1.128163E3,7.080534E2
7.654167E0,,,,,
7.658333E0,1934,5.381116E0,-5.510525E0,1.126584E3,7.105779E2
7.662500E0,,,,,
7.666667E0,1936,5.362047E0,-5.572489E0,1.125995E3,7.124904E2
7.670833E0,,,,,
7.675000E0,1938,5.327533E0,-5.616392E0,1.124930E3,7.138454E2
7.679167E0,,,,,
7.683333E0,1940,5.315819E0,-5.666394E0,1.124568E3,7.153887E2
7.687500E0,,,,,
7.691667E0,1942,5.291451E0,-5.695942E0,1.123816E3,7.163007E2
7.695833E0,,,,,
7.700000E0,1944,5.292684E0,-5.709351E0,1.123854E3,7.167145E2
7.704167E0,,,,,
7.708333E0,1946,5.270148E0,-5.741001E0,1.123159E3,7.176914E2
7.712500E0,,,,,
7.716667E0,1948,5.268364E0,-5.758092E0,1.123104E3,7.182189E2
7.720833E0,,,,,
7.725000E0,1950,5.244527E0,-5.791879E0,1.122368E3,7.192617E2
7.729167E0,,,,,
7.733333E0,1952,5.238521E0,-5.826621E0,1.122183E3,7.203340E2
7.737500E0,,,,,
7.741667E0,1954,5.223328E0,-5.849482E0,1.121714E3,7.210396E2
7.745833E0,,,,,
7.750000E0,1956,5.199225E0,-5.908191E0,1.120970E3,7.228516E2
7.754167E0,,,,,
7.758333E0,1958,5.171066E0,-5.965395E0,1.120101E3,7.246171E2
7.762500E0,,,,,
7.766667E0,1960,5.125430E0,-6.045849E0,1.118692E3,7.271003E2
7.770833E0,,,,,
7.775000E0,1962,5.095392E0,-6.113894E0,1.117765E3,7.292004E2
7.779167E0,,,,,
7.783333E0,1964,5.062808E0,-6.184860E0,1.116760E3,7.313908E2
7.787500E0,,,,,
7.791667E0,1966,5.021461E0,-6.262781E0,1.115483E3,7.337957E2
7.795833E0,,,,,
7.800000E0,1968,4.983779E0,-6.332385E0,1.114320E3,7.359440E2
7.804167E0,,,,,
7.808333E0,1970,4.954332E0,-6.395966E0,1.113411E3,7.379064E2
7.812500E0,,,,,
7.816667E0,1972,4.932063E0,-6.450584E0,1.112724E3,7.395921E2
7.820833E0,,,,,
7.825000E0,1974,4.911168E0,-6.502474E0,1.112079E3,7.411937E2
7.829167E0,,,,,
7.833333E0,1976,4.896871E0,-6.535754E0,1.111638E3,7.422208E2
7.837500E0,,,,,
7.841667E0,1978,4.885769E0,-6.565403E0,1.111295E3,7.431359E2
7.845833E0,,,,,
7.850000E0,1980,4.877635E0,-6.579878E0,1.111044E3,7.435826E2
7.854167E0,,,,,
7.858333E0,1982,4.861235E0,-6.610265E0,1.110538E3,7.445205E2
7.862500E0,,,,,
7.866667E0,1984,4.857463E0,-6.628836E0,1.110422E3,7.450937E2
7.870833E0,,,,,
7.875000E0,1986,4.831452E0,-6.649982E0,1.109619E3,7.457463E2
7.879167E0,,,,,
7.883333E0,1988,4.816422E0,-6.680037E0,1.109155E3,7.466740E2
7.887500E0,,,,,
7.891667E0,1990,4.801780E0,-6.725910E0,1.108703E3,7.480898E2
7.895833E0,,,,,
7.900000E0,1992,4.764240E0,-6.793037E0,1.107544E3,7.501616E2
7.904167E0,,,,,
7.908333E0,1994,4.728624E0,-6.859711E0,1.106445E3,7.522195E2
7.912500E0,,,,,
7.916667E0,1996,4.699717E0,-6.939767E0,1.105553E3,7.546903E2
7.920833E0,,,,,
7.925000E0,1998,4.680113E0,-7.004660E0,1.104948E3,7.566932E2
7.929167E0,,,,,
7.933333E0,2000,4.635408E0,-7.084827E0,1.103568E3,7.591675E2
7.937500E0,,,,,
7.941667E0,2002,4.601780E0,-7.179660E0,1.102530E3,7.620944E2
7.945833E0,,,,,
7.950000E0,2004,4.586550E0,-7.230878E0,1.102060E3,7.636753E2
7.954167E0,,,,,
7.958333E0,2006,4.565257E0,-7.291612E0,1.101403E3,7.655497E2
7.962500E0,,,,,
7.966667E0,2008,4.544161E0,-7.348334E0,1.100752E3,7.673004E2
7.970833E0,,,,,
7.975000E0,2010,4.532153E0,-7.371509E0,1.100381E3,7.680157E2
7.979167E0,,,,,
7.983333E0,2012,4.523512E0,-7.409327E0,1.100115E3,7.691829E2
7.987500E0,,,,,
7.991667E0,2014,4.514744E0,-7.439528E0,1.099844E3,7.701151E2
7.995833E0,,,,,
8.000000E0,2016,4.505816E0,-7.448516E0,1.099568E3,7.703925E2
8.004167E0,,,,,
8.008333E0,2018,4.504671E0,-7.474200E0,1.099533E3,7.711852E2
8.012500E0,,,,,
8.016667E0,2020,4.497657E0,-7.498097E0,1.099317E3,7.719227E2
8.020833E0,,,,,
8.025000E0,2022,4.497349E0,-7.552326E0,1.099307E3,7.735965E2
8.029167E0,,,,,
8.033333E0,2024,4.479215E0,-7.588559E0,1.098747E3,7.747148E2
8.037500E0,,,,,
8.041667E0,2026,4.472189E0,-7.661006E0,1.098531E3,7.769508E2
8.045833E0,,,,,
8.050000E0,2028,4.447925E0,-7.734795E0,1.097782E3,7.792282E2
8.054167E0,,,,,
8.058333E0,2030,4.436989E0,-7.806416E0,1.097444E3,7.814388E2
8.062500E0,,,,,
8.066667E0,2032,4.438649E0,-7.905703E0,1.097495E3,7.845032E2
8.070833E0,,,,,
8.075000E0,2034,4.408506E0,-7.980196E0,1.096565E3,7.868023E2
8.079167E0,,,,,
8.083333E0,2036,4.396709E0,-8.065551E0,1.096201E3,7.894367E2
8.087500E0,,,,,
8.091667E0,2038,4.377788E0,-8.135380E0,1.095617E3,7.915920E2
8.095833E0,,,,,
8.100000E0,2040,4.370198E0,-8.189936E0,1.095383E3,7.932758E2
8.104167E0,,,,,
8.108333E0,2042,4.351127E0,-8.249848E0,1.094794E3,7.951249E2
8.112500E0,,,,,
8.116667E0,2044,4.353051E0,-8.281359E0,1.094853E3,7.960975E2
8.120833E0,,,,,
8.125000E0,2046,4.343534E0,-8.317433E0,1.094560E3,7.972109E2
8.129167E0,,,,,
8.133333E0,2048,4.339679E0,-8.339127E0,1.094441E3,7.978805E2
8.137500E0,,,,,
8.141667E0,2050,4.331544E0,-8.360694E0,1.094190E3,7.985461E2
8.145833E0,,,,,
8.150000E0,2052,4.328843E0,-8.380199E0,1.094106E3,7.991481E2
8.154167E0,,,,,
8.158333E0,2054,4.311530E0,-8.419169E0,1.093572E3,8.003509E2
8.162500E0,,,,,
8.166667E0,2056,4.308766E0,-8.445830E0,1.093487E3,8.011738E2
8.170833E0,,,,,
8.175000E0,2058,4.316433E0,-8.501949E0,1.093723E3,8.029058E2
8.179167E0,,,,,
8.183333E0,2060,4.291286E0,-8.573694E0,1.092947E3,8.051202E2
8.187500E0,,,,,
8.191667E0,2062,4.280361E0,-8.622428E0,1.092610E3,8.066243E2
8.195833E0,,,,,
8.200000E0,2064,4.253366E0,-8.706911E0,1.091777E3,8.092318E2
8.204167E0,,,,,
8.208333E0,2066,4.237952E0,-8.790089E0,1.091301E3,8.117991E2
8.212500E0,,,,,
8.216667E0,2068,4.221014E0,-8.874452E0,1.090778E3,8.144028E2
8.220833E0,,,,,
8.225000E0,2070,4.192926E0,-8.965802E0,1.089911E3,8.172223E2
8.229167E0,,,,,
8.233333E0,2072,4.177556E0,-9.029459E0,1.089437E3,8.191870E2
8.237500E0,,,,,
8.241667E0,2074,4.171798E0,-9.093082E0,1.089259E3,8.211507E2
8.245833E0,,,,,
8.250000E0,2076,4.167631E0,-9.136721E0,1.089131E3,8.224976E2
8.254167E0,,,,,
8.258333E0,2078,4.153840E0,-9.181360E0,1.088705E3,8.238753E2
8.262500E0,,,,,
8.266667E0,2080,4.141345E0,-9.228527E0,1.088319E3,8.253311E2
8.270833E0,,,,,
8.275000E0,2082,4.124956E0,-9.247131E0,1.087813E3,8.259053E2
8.279167E0,,,,,
8.283333E0,2084,4.120355E0,-9.264004E0,1.087671E3,8.264260E2
8.287500E0,,,,,
8.291667E0,2086,4.125065E0,-9.275177E0,1.087817E3,8.267709E2
8.295833E0,,,,,
8.300000E0,2088,4.104082E0,-9.304687E0,1.087169E3,8.276817E2
8.304167E0,,,,,
8.308333E0,2090,4.092264E0,-9.348451E0,1.086804E3,8.290324E2
8.312500E0,,,,,
8.316667E0,2092,4.083130E0,-9.394492E0,1.086523E3,8.304535E2
8.320833E0,,,,,
8.325000E0,2094,4.058851E0,-9.445785E0,1.085773E3,8.320366E2
8.329167E0,,,,,
8.333333E0,2096,4.051152E0,-9.523522E0,1.085536E3,8.344359E2
8.337500E0,,,,,
8.341667E0,2098,4.018957E0,-9.601038E0,1.084542E3,8.368283E2
8.345833E0,,,,,
8.350000E0,2100,3.985605E0,-9.672603E0,1.083512E3,8.390371E2
8.354167E0,,,,,
8.358333E0,2102,3.956243E0,-9.754761E0,1.082606E3,8.415729E2
8.362500E0,,,,,
8.366667E0,2104,3.934762E0,-9.835259E0,1.081943E3,8.440574E2
8.370833E0,,,,,
8.375000E0,2106,3.913354E0,-9.902744E0,1.081283E3,8.461402E2
8.379167E0,,,,,
8.383333E0,2108,3.895736E0,-9.973701E0,1.080739E3,8.483303E2
8.387500E0,,,,,
8.391667E0,2110,3.871109E0,-1.002043E1,1.079979E3,8.497724E2
8.395833E0,,,,,
8.400000E0,2112,3.848415E0,-1.005797E1,1.079278E3,8.509312E2
8.404167E0,,,,,
8.408333E0,2114,3.826884E0,-1.009813E1,1.078614E3,8.521707E2
8.412500E0,,,,,
8.416667E0,2116,3.821988E0,-1.011373E1,1.078463E3,8.526520E2
8.420833E0,,,,,
8.425000E0,2118,3.813613E0,-1.012810E1,1.078204E3,8.530957E2
8.429167E0,,,,,
8.433333E0,2120,3.805169E0,-1.015299E1,1.077944E3,8.538637E2
8.437500E0,,,,,
8.441667E0,2122,3.783437E0,-1.017131E1,1.077273E3,8.544293E2
8.445833E0,,,,,
8.450000E0,2124,3.774550E0,-1.022006E1,1.076998E3,8.559341E2
8.454167E0,,,,,
8.458333E0,2126,3.760894E0,-1.024694E1,1.076577E3,8.567636E2
8.462500E0,,,,,
8.466667E0,2128,3.732603E0,-1.030906E1,1.075704E3,8.586809E2
8.470833E0,,,,,
8.475000E0,2130,3.696151E0,-1.036826E1,1.074579E3,8.605080E2
8.479167E0,,,,,
8.483333E0,2132,3.662870E0,-1.042474E1,1.073552E3,8.622512E2
8.487500E0,,,,,
8.491667E0,2134,3.614022E0,-1.050388E1,1.072044E3,8.646939E2
8.495833E0,,,,,
8.500000E0,2136,3.555486E0,-1.057798E1,1.070237E3,8.669809E2
8.504167E0,,,,,
8.508333E0,2138,3.507170E0,-1.063709E1,1.068746E3,8.688054E2
8.512500E0,,,,,
8.516667E0,2140,3.474297E0,-1.071448E1,1.067731E3,8.711938E2
8.520833E0,,,,,
8.525000E0,2142,3.416151E0,-1.076739E1,1.065937E3,8.728268E2
8.529167E0,,,,,
8.533333E0,2144,3.397290E0,-1.080853E1,1.065355E3,8.740967E2
8.537500E0,,,,,
8.541667E0,2146,3.383676E0,-1.084609E1,1.064934E3,8.752557E2
8.545833E0,,,,,
8.550000E0,2148,3.358020E0,-1.087911E1,1.064143E3,8.762749E2
8.554167E0,,,,,
8.558333E0,2150,3.348416E0,-1.090620E1,1.063846E3,8.771111E2
8.562500E0,,,,,
8.566667E0,2152,3.346479E0,-1.091911E1,1.063786E3,8.775097E2
8.570833E0,,,,,
8.575000E0,2154,3.322640E0,-1.093645E1,1.063051E3,8.780448E2
8.579167E0,,,,,
8.583333E0,2156,3.310626E0,-1.095866E1,1.062680E3,8.787301E2
8.587500E0,,,,,
8.591667E0,2158,3.307062E0,-1.100064E1,1.062570E3,8.800261E2
8.595833E0,,,,,
8.600000E0,2160,3.275088E0,-1.104048E1,1.061583E3,8.812556E2
8.604167E0,,,,,
8.608333E0,2162,3.242284E0,-1.108571E1,1.060570E3,8.826515E2
8.612500E0,,,,,
8.616667E0,2164,3.217694E0,-1.114877E1,1.059812E3,8.845979E2
8.620833E0,,,,,
8.625000E0,2166,3.182419E0,-1.121787E1,1.058723E3,8.867305E2
8.629167E0,,,,,
8.633333E0,2168,3.146995E0,-1.129397E1,1.057629E3,8.890793E2
8.637500E0,,,,,
8.641667E0,2170,3.099802E0,-1.135624E1,1.056173E3,8.910012E2
8.645833E0,,,,,
8.650000E0,2172,3.062873E0,-1.144766E1,1.055033E3,8.938230E2
8.654167E0,,,,,
8.658333E0,2174,3.018884E0,-1.151298E1,1.053675E3,8.958390E2
8.662500E0,,,,,
8.666667E0,2176,2.985239E0,-1.156838E1,1.052637E3,8.975487E2
8.670833E0,,,,,
8.675000E0,2178,2.972582E0,-1.162129E1,1.052246E3,8.991818E2
8.679167E0,,,,,
8.683333E0,2180,2.936553E0,-1.166396E1,1.051134E3,9.004989E2
8.687500E0,,,,,
8.691667E0,2182,2.930489E0,-1.169463E1,1.050947E3,9.014455E2
8.695833E0,,,,,
8.700000E0,2184,2.913880E0,-1.171743E1,1.050435E3,9.021492E2
8.704167E0,,,,,
8.708333E0,2186,2.914711E0,-1.173794E1,1.050460E3,9.027821E2
8.712500E0,,,,,
8.716667E0,2188,2.882693E0,-1.176279E1,1.049472E3,9.035490E2
8.720833E0,,,,,
8.725000E0,2190,2.885444E0,-1.178913E1,1.049557E3,9.043619E2
8.729167E0,,,,,
8.733333E0,2192,2.873284E0,-1.180648E1,1.049182E3,9.048975E2
8.737500E0,,,,,
8.741667E0,2194,2.840640E0,-1.185425E1,1.048174E3,9.063718E2
8.745833E0,,,,,
8.750000E0,2196,2.827258E0,-1.190008E1,1.047761E3,9.077864E2
8.754167E0,,,,,
8.758333E0,2198,2.810372E0,-1.195318E1,1.047240E3,9.094254E2
8.762500E0,,,,,
8.766667E0,2200,2.781160E0,-1.203261E1,1.046338E3,9.118768E2
8.770833E0,,,,,
8.775000E0,2202,2.750428E0,-1.211936E1,1.045390E3,9.145543E2
8.779167E0,,,,,
8.783333E0,2204,2.717635E0,-1.219925E1,1.044378E3,9.170202E2
8.787500E0,,,,,
8.791667E0,2206,2.699911E0,-1.227956E1,1.043831E3,9.194987E2
8.795833E0,,,,,
8.800000E0,2208,2.678051E0,-1.235557E1,1.043156E3,9.218448E2
8.804167E0,,,,,
8.808333E0,2210,2.656548E0,-1.242000E1,1.042492E3,9.238334E2
8.812500E0,,,,,
8.816667E0,2212,2.650397E0,-1.247803E1,1.042302E3,9.256244E2
8.820833E0,,,,,
8.825000E0,2214,2.626087E0,-1.252486E1,1.041552E3,9.270697E2
8.829167E0,,,,,
8.833333E0,2216,2.613756E0,-1.256818E1,1.041171E3,9.284069E2
8.837500E0,,,,,
8.841667E0,2218,2.605221E0,-1.259253E1,1.040908E3,9.291583E2
8.845833E0,,,,,
8.850000E0,2220,2.608995E0,-1.261506E1,1.041025E3,9.298536E2
8.854167E0,,,,,
8.858333E0,2222,2.598583E0,-1.263779E1,1.040703E3,9.305554E2
8.862500E0,,,,,
8.866667E0,2224,2.589490E0,-1.266289E1,1.040423E3,9.313299E2
8.870833E0,,,,,
8.875000E0,2226,2.589559E0,-1.269952E1,1.040425E3,9.324606E2
8.879167E0,,,,,
8.883333E0,2228,2.578839E0,-1.273310E1,1.040094E3,9.334968E2
8.887500E0,,,,,
8.891667E0,2230,2.565425E0,-1.278567E1,1.039680E3,9.351195E2
8.895833E0,,,,,
8.900000E0,2232,2.555397E0,-1.284530E1,1.039370E3,9.369599E2
8.904167E0,,,,,
8.908333E0,2234,2.536119E0,-1.293063E1,1.038775E3,9.395936E2
8.912500E0,,,,,
8.916667E0,2236,2.512606E0,-1.300662E1,1.038050E3,9.419388E2
8.920833E0,,,,,
8.925000E0,2238,2.509369E0,-1.308652E1,1.037950E3,9.444049E2
8.929167E0,,,,,
8.933333E0,2240,2.491919E0,-1.316648E1,1.037411E3,9.468728E2
8.937500E0,,,,,
8.941667E0,2242,2.486093E0,-1.324448E1,1.037231E3,9.492803E2
8.945833E0,,,,,
8.950000E0,2244,2.484659E0,-1.331464E1,1.037187E3,9.514458E2
8.954167E0,,,,,
8.958333E0,2246,2.462375E0,-1.337649E1,1.036499E3,9.533545E2
8.962500E0,,,,,
8.966667E0,2248,2.456565E0,-1.343229E1,1.036320E3,9.550769E2
8.970833E0,,,,,
8.975000E0,2250,2.459246E0,-1.346870E1,1.036403E3,9.562008E2
8.979167E0,,,,,
8.983333E0,2252,2.459175E0,-1.350192E1,1.036400E3,9.572258E2
8.987500E0,,,,,
8.991667E0,2254,2.447056E0,-1.352151E1,1.036026E3,9.578306E2
8.995833E0,,,,,
9.000000E0,2256,2.456568E0,-1.354281E1,1.036320E3,9.584881E2
9.004167E0,,,,,
9.008333E0,2258,2.453028E0,-1.357110E1,1.036211E3,9.593610E2
9.012500E0,,,,,
9.016667E0,2260,2.443634E0,-1.359149E1,1.035921E3,9.599903E2
9.020833E0,,,,,
9.025000E0,2262,2.440049E0,-1.365050E1,1.035810E3,9.618118E2
9.029167E0,,,,,
9.033333E0,2264,2.439321E0,-1.368972E1,1.035788E3,9.630223E2
9.037500E0,,,,,
9.041667E0,2266,2.425078E0,-1.375624E1,1.035348E3,9.650753E2
9.045833E0,,,,,
9.050000E0,2268,2.416204E0,-1.382799E1,1.035074E3,9.672898E2
9.054167E0,,,,,
9.058333E0,2270,2.409549E0,-1.390968E1,1.034869E3,9.698111E2
9.062500E0,,,,,
9.066667E0,2272,2.404164E0,-1.398898E1,1.034703E3,9.722585E2
9.070833E0,,,,,
9.075000E0,2274,2.384463E0,-1.408200E1,1.034095E3,9.751297E2
9.079167E0,,,,,
9.083333E0,2276,2.378379E0,-1.415687E1,1.033907E3,9.774404E2
9.087500E0,,,,,
9.091667E0,2278,2.357411E0,-1.422885E1,1.033260E3,9.796621E2
9.095833E0,,,,,
9.100000E0,2280,2.332234E0,-1.428785E1,1.032483E3,9.814831E2
9.104167E0,,,,,
9.108333E0,2282,2.316947E0,-1.433220E1,1.032011E3,9.828518E2
9.112500E0,,,,,
9.116667E0,2284,2.314656E0,-1.438047E1,1.031940E3,9.843417E2
9.120833E0,,,,,
9.125000E0,2286,2.318072E0,-1.441584E1,1.032045E3,9.854334E2
9.129167E0,,,,,
9.133333E0,2288,2.304283E0,-1.443494E1,1.031620E3,9.860228E2
9.137500E0,,,,,
9.141667E0,2290,2.301158E0,-1.446538E1,1.031523E3,9.869624E2
9.145833E0,,,,,
9.150000E0,2292,2.285126E0,-1.447897E1,1.031029E3,9.873818E2
9.154167E0,,,,,
9.158333E0,2294,2.288456E0,-1.451222E1,1.031131E3,9.884079E2
9.162500E0,,,,,
9.166667E0,2296,2.280648E0,-1.455253E1,1.030890E3,9.896520E2
9.170833E0,,,,,
9.175000E0,2298,2.252273E0,-1.459472E1,1.030015E3,9.909544E2
9.179167E0,,,,,
9.183333E0,2300,2.257550E0,-1.465992E1,1.030177E3,9.929668E2
9.187500E0,,,,,
9.191667E0,2302,2.224327E0,-1.471996E1,1.029152E3,9.948196E2
9.195833E0,,,,,
9.200000E0,2304,2.179318E0,-1.478811E1,1.027763E3,9.969232E2
9.204167E0,,,,,
9.208333E0,2306,2.191096E0,-1.479278E1,1.028126E3,9.970672E2
9.212500E0,,,,,
9.216667E0,2308,2.220291E0,-1.471329E1,1.029027E3,9.946138E2
9.220833E0,,,,,
9.225000E0,2310,2.265690E0,-1.465805E1,1.030429E3,9.929089E2
9.229167E0,,,,,
9.233333E0,2312,2.286101E0,-1.457023E1,1.031059E3,9.901984E2
9.237500E0,,,,,
9.241667E0,2314,2.310739E0,-1.450908E1,1.031819E3,9.883110E2
9.245833E0,,,,,
9.250000E0,2316,2.332672E0,-1.446096E1,1.032496E3,9.868260E2
9.254167E0,,,,,
9.258333E0,2318,2.360845E0,-1.443609E1,1.033366E3,9.860582E2
9.262500E0,,,,,
9.266667E0,2320,2.365064E0,-1.441135E1,1.033496E3,9.852947E2
9.270833E0,,,,,
9.275000E0,2322,2.381870E0,-1.437409E1,1.034014E3,9.841449E2
9.279167E0,,,,,
9.283333E0,2324,2.380450E0,-1.436452E1,1.033971E3,9.838495E2
9.287500E0,,,,,
9.291667E0,2326,2.399023E0,-1.432997E1,1.034544E3,9.827831E2
9.295833E0,,,,,
9.300000E0,2328,2.406025E0,-1.430852E1,1.034760E3,9.821211E2
9.304167E0,,,,,
9.308333E0,2330,2.420456E0,-1.427379E1,1.035205E3,9.810491E2
9.312500E0,,,,,
9.316667E0,2332,2.440410E0,-1.422851E1,1.035821E3,9.796516E2
9.320833E0,,,,,
9.325000E0,2334,2.456591E0,-1.416266E1,1.036321E3,9.776191E2
9.329167E0,,,,,
9.333333E0,2336,2.479569E0,-1.410557E1,1.037030E3,9.758571E2
9.337500E0,,,,,
9.341667E0,2338,2.491283E0,-1.402550E1,1.037391E3,9.733858E2
9.345833E0,,,,,
9.350000E0,2340,2.517725E0,-1.394680E1,1.038208E3,9.709569E2
9.354167E0,,,,,
9.358333E0,2342,2.524093E0,-1.386341E1,1.038404E3,9.683831E2
9.362500E0,,,,,
9.366667E0,2344,2.546573E0,-1.377446E1,1.039098E3,9.656377E2
9.370833E0,,,,,
9.375000E0,2346,2.546306E0,-1.371566E1,1.039090E3,9.638227E2
9.379167E0,,,,,
9.383333E0,2348,2.559828E0,-1.363662E1,1.039507E3,9.613834E2
9.387500E0,,,,,
9.391667E0,2350,2.564470E0,-1.359415E1,1.039650E3,9.600726E2
9.395833E0,,,,,
9.400000E0,2352,2.565647E0,-1.353868E1,1.039687E3,9.583606E2
9.404167E0,,,,,
9.408333E0,2354,2.581028E0,-1.349380E1,1.040161E3,9.569752E2
9.412500E0,,,,,
9.416667E0,2356,2.580211E0,-1.348440E1,1.040136E3,9.566852E2
9.420833E0,,,,,
9.425000E0,2358,2.569964E0,-1.345797E1,1.039820E3,9.558693E2
9.429167E0,,,,,
9.433333E0,2360,2.581102E0,-1.344730E1,1.040164E3,9.555401E2
9.437500E0,,,,,
9.441667E0,2362,2.581364E0,-1.340863E1,1.040172E3,9.543467E2
9.445833E0,,,,,
9.450000E0,2364,2.582015E0,-1.336803E1,1.040192E3,9.530935E2
9.454167E0,,,,,
9.458333E0,2366,2.586117E0,-1.332688E1,1.040318E3,9.518233E2
9.462500E0,,,,,
9.466667E0,2368,2.577029E0,-1.326078E1,1.040038E3,9.497833E2
9.470833E0,,,,,
9.475000E0,2370,2.596312E0,-1.320707E1,1.040633E3,9.481257E2
9.479167E0,,,,,
9.483333E0,2372,2.601972E0,-1.311372E1,1.040808E3,9.452443E2
9.487500E0,,,,,
9.491667E0,2374,2.611596E0,-1.304499E1,1.041105E3,9.431231E2
9.495833E0,,,,,
9.500000E0,2376,2.621839E0,-1.294387E1,1.041421E3,9.400020E2
9.504167E0,,,,,
9.508333E0,2378,2.610212E0,-1.285774E1,1.041062E3,9.373439E2
9.512500E0,,,,,
9.516667E0,2380,2.634834E0,-1.277143E1,1.041822E3,9.346798E2
9.520833E0,,,,,
9.525000E0,2382,2.636579E0,-1.272513E1,1.041876E3,9.332509E2
9.529167E0,,,,,
9.533333E0,2384,2.642820E0,-1.266125E1,1.042069E3,9.312792E2
9.537500E0,,,,,
9.541667E0,2386,2.640571E0,-1.261746E1,1.041999E3,9.299279E2
9.545833E0,,,,,
9.550000E0,2388,2.641402E0,-1.259219E1,1.042025E3,9.291479E2
9.554167E0,,,,,
9.558333E0,2390,2.642379E0,-1.255361E1,1.042055E3,9.279569E2
9.562500E0,,,,,
9.566667E0,2392,2.649630E0,-1.254575E1,1.042279E3,9.277144E2
9.570833E0,,,,,
9.575000E0,2394,2.665523E0,-1.253240E1,1.042769E3,9.273026E2
9.579167E0,,,,,
9.583333E0,2396,2.652769E0,-1.248648E1,1.042376E3,9.258852E2
9.587500E0,,,,,
9.591667E0,2398,2.663843E0,-1.244436E1,1.042717E3,9.245852E2
9.595833E0,,,,,
9.600000E0,2400,2.672098E0,-1.241275E1,1.042972E3,9.236095E2
9.604167E0,,,,,
9.608333E0,2402,2.676263E0,-1.234901E1,1.043101E3,9.216423E2
9.612500E0,,,,,
9.616667E0,2404,2.666197E0,-1.229216E1,1.042790E3,9.198876E2
9.620833E0,,,,,
9.625000E0,2406,2.681776E0,-1.220221E1,1.043271E3,9.171113E2
9.629167E0,,,,,
9.633333E0,2408,2.685099E0,-1.213443E1,1.043373E3,9.150193E2
9.637500E0,,,,,
9.641667E0,2410,2.687108E0,-1.203858E1,1.043435E3,9.120610E2
9.645833E0,,,,,
9.650000E0,2412,2.696782E0,-1.195235E1,1.043734E3,9.093995E2
9.654167E0,,,,,
9.658333E0,2414,2.714554E0,-1.186711E1,1.044283E3,9.067689E2
9.662500E0,,,,,
9.666667E0,2416,2.709569E0,-1.180395E1,1.044129E3,9.048196E2
9.670833E0,,,,,
9.675000E0,2418,2.728759E0,-1.174848E1,1.044721E3,9.031074E2
9.679167E0,,,,,
9.683333E0,2420,2.738284E0,-1.170993E1,1.045015E3,9.019175E2
9.687500E0,,,,,
9.691667E0,2422,2.747365E0,-1.166514E1,1.045295E3,9.005353E2
9.695833E0,,,,,
9.700000E0,2424,2.752223E0,-1.163205E1,1.045445E3,8.995138E2
9.704167E0,,,,,
9.708333E0,2426,2.752008E0,-1.161798E1,1.045439E3,8.990797E2
9.712500E0,,,,,
9.716667E0,2428,2.749144E0,-1.160530E1,1.045350E3,8.986884E2
9.720833E0,,,,,
9.725000E0,2430,2.759140E0,-1.156856E1,1.045659E3,8.975544E2
9.729167E0,,,,,
9.733333E0,2432,2.769275E0,-1.154860E1,1.045971E3,8.969383E2
9.737500E0,,,,,
9.741667E0,2434,2.765483E0,-1.148852E1,1.045854E3,8.950839E2
9.745833E0,,,,,
9.750000E0,2436,2.783894E0,-1.143514E1,1.046423E3,8.934364E2
9.754167E0,,,,,
9.758333E0,2438,2.787409E0,-1.137927E1,1.046531E3,8.917121E2
9.762500E0,,,,,
9.766667E0,2440,2.794885E0,-1.128588E1,1.046762E3,8.888296E2
9.770833E0,,,,,
9.775000E0,2442,2.798156E0,-1.121761E1,1.046863E3,8.867224E2
9.779167E0,,,,,
9.783333E0,2444,2.800350E0,-1.112488E1,1.046931E3,8.838604E2
9.787500E0,,,,,
9.791667E0,2446,2.813838E0,-1.104029E1,1.047347E3,8.812497E2
9.795833E0,,,,,
9.800000E0,2448,2.810654E0,-1.095423E1,1.047249E3,8.785934E2
9.804167E0,,,,,
9.808333E0,2450,2.813940E0,-1.088182E1,1.047350E3,8.763586E2
9.812500E0,,,,,
9.816667E0,2452,2.823541E0,-1.083917E1,1.047646E3,8.750424E2
9.820833E0,,,,,
9.825000E0,2454,2.826455E0,-1.078389E1,1.047736E3,8.733362E2
9.829167E0,,,,,
9.833333E0,2456,2.834327E0,-1.075054E1,1.047979E3,8.723067E2
9.837500E0,,,,,
9.841667E0,2458,2.835587E0,-1.071727E1,1.048018E3,8.712799E2
9.845833E0,,,,,
9.850000E0,2460,2.837422E0,-1.069871E1,1.048075E3,8.707071E2
9.854167E0,,,,,
9.858333E0,2462,2.837131E0,-1.067953E1,1.048066E3,8.701152E2
9.862500E0,,,,,
9.866667E0,2464,2.836284E0,-1.065791E1,1.048040E3,8.694478E2
9.870833E0,,,,,
9.875000E0,2466,2.845398E0,-1.061983E1,1.048321E3,8.682726E2
9.879167E0,,,,,
9.883333E0,2468,2.837417E0,-1.056821E1,1.048075E3,8.666793E2
9.887500E0,,,,,
9.891667E0,2470,2.853029E0,-1.052880E1,1.048556E3,8.654631E2
9.895833E0,,,,,
9.900000E0,2472,2.857989E0,-1.046354E1,1.048710E3,8.634489E2
9.904167E0,,,,,
9.908333E0,2474,2.861552E0,-1.037220E1,1.048820E3,8.606297E2
9.912500E0,,,,,
9.916667E0,2476,2.863866E0,-1.029282E1,1.048891E3,8.581795E2
9.920833E0,,,,,
9.925000E0,2478,2.873986E0,-1.021804E1,1.049203E3,8.558715E2
9.929167E0,,,,,
9.933333E0,2480,2.896616E0,-1.012588E1,1.049902E3,8.530272E2
9.937500E0,,,,,
9.941667E0,2482,2.894369E0,-1.004600E1,1.049832E3,8.505619E2
9.945833E0,,,,,
9.950000E0,2484,2.915055E0,-9.978152E0,1.050471E3,8.484677E2
9.954167E0,,,,,
9.958333E0,2486,2.902617E0,-9.909905E0,1.050087E3,8.463613E2
9.962500E0,,,,,
9.966667E0,2488,2.934213E0,-9.868590E0,1.051062E3,8.450861E2
9.970833E0,,,,,
9.975000E0,2490,2.934174E0,-9.835965E0,1.051061E3,8.440792E2
9.979167E0,,,,,
9.983333E0,2492,2.949129E0,-9.802762E0,1.051522E3,8.430544E2
9.987500E0,,,,,
9.991667E0,2494,2.938422E0,-9.791836E0,1.051192E3,8.427172E2
