,H,,,,,
t,frame,x,y,pixelx,pixely,
0.000000E0,96,9.992130E0,3.002341E0,1.268899E3,4.478352E2
4.166667E-3,,,,,
8.333333E-3,98,9.937014E0,3.033509E0,1.267198E3,4.468732E2
1.250000E-2,,,,,
1.666667E-2,100,9.893566E0,3.086431E0,1.265857E3,4.452398E2
2.083333E-2,,,,,
2.500000E-2,102,9.852511E0,3.126133E0,1.264590E3,4.440144E2
2.916667E-2,,,,,
3.333333E-2,104,9.803456E0,3.143265E0,1.263076E3,4.434856E2
3.750000E-2,,,,,
4.166667E-2,106,9.777320E0,3.184161E0,1.262269E3,4.422234E2
4.583333E-2,,,,,
5.000000E-2,108,9.743742E0,3.212115E0,1.261233E3,4.413606E2
5.416667E-2,,,,,
5.833333E-2,110,9.723832E0,3.213318E0,1.260618E3,4.413235E2
6.250000E-2,,,,,
6.666667E-2,112,9.706215E0,3.228721E0,1.260075E3,4.408481E2
7.083333E-2,,,,,
7.500000E-2,114,9.695044E0,3.246896E0,1.259730E3,4.402872E2
7.916667E-2,,,,,
8.333333E-2,116,9.685537E0,3.256382E0,1.259436E3,4.399944E2
8.750000E-2,,,,,
9.166667E-2,118,9.650561E0,3.260927E0,1.258357E3,4.398541E2
9.583333E-2,,,,,
1.000000E-1,120,9.629751E0,3.280116E0,1.257715E3,4.392619E2
1.041667E-1,,,,,
1.083333E-1,122,9.604655E0,3.303481E0,1.256940E3,4.385407E2
1.125000E-1,,,,,
1.166667E-1,124,9.554540E0,3.340523E0,1.255393E3,4.373974E2
1.208333E-1,,,,,
1.250000E-1,126,9.502817E0,3.372085E0,1.253797E3,4.364233E2
1.291667E-1,,,,,
1.333333E-1,128,9.454501E0,3.429194E0,1.252306E3,4.346607E2
1.375000E-1,,,,,
1.416667E-1,130,9.387296E0,3.445655E0,1.250231E3,4.341526E2
1.458333E-1,,,,,
1.500000E-1,132,9.326803E0,3.466635E0,1.248364E3,4.335051E2
1.541667E-1,,,,,
1.583333E-1,134,9.281431E0,3.498541E0,1.246964E3,4.325203E2
1.625000E-1,,,,,
1.666667E-1,136,9.253907E0,3.525285E0,1.246114E3,4.316949E2
1.708333E-1,,,,,
1.750000E-1,138,9.216018E0,3.535431E0,1.244945E3,4.313818E2
1.791667E-1,,,,,
1.833333E-1,140,9.188209E0,3.565729E0,1.244087E3,4.304466E2
1.875000E-1,,,,,
1.916667E-1,142,9.185372E0,3.551908E0,1.243999E3,4.308732E2
1.958333E-1,,,,,
2.000000E-1,144,9.157229E0,3.563911E0,1.243131E3,4.305027E2
2.041667E-1,,,,,
2.083333E-1,146,9.146626E0,3.567419E0,1.242803E3,4.303945E2
2.125000E-1,,,,,
2.166667E-1,148,9.126234E0,3.574633E0,1.242174E3,4.301718E2
2.208333E-1,,,,,
2.250000E-1,150,9.088445E0,3.594399E0,1.241008E3,4.295618E2
2.291667E-1,,,,,
2.333333E-1,152,9.058946E0,3.618861E0,1.240097E3,4.288068E2
2.375000E-1,,,,,
2.416667E-1,154,8.995330E0,3.636137E0,1.238134E3,4.282736E2
2.458333E-1,,,,,
2.500000E-1,156,8.946896E0,3.657835E0,1.236639E3,4.276039E2
2.541667E-1,,,,,
2.583333E-1,158,8.894302E0,3.690344E0,1.235016E3,4.266005E2
2.625000E-1,,,,,
2.666667E-1,160,8.833878E0,3.717811E0,1.233151E3,4.257527E2
2.708333E-1,,,,,
2.750000E-1,162,8.775164E0,3.739180E0,1.231338E3,4.250932E2
2.791667E-1,,,,,
2.833333E-1,164,8.720989E0,3.776172E0,1.229666E3,4.239515E2
2.875000E-1,,,,,
2.916667E-1,166,8.690508E0,3.782748E0,1.228726E3,4.237485E2
2.958333E-1,,,,,
3.000000E-1,168,8.658073E0,3.806701E0,1.227724E3,4.230092E2
3.041667E-1,,,,,
3.083333E-1,170,8.638519E0,3.822306E0,1.227121E3,4.225276E2
3.125000E-1,,,,,
3.166667E-1,172,8.608485E0,3.822724E0,1.226194E3,4.225147E2
3.208333E-1,,,,,
3.250000E-1,174,8.601881E0,3.839856E0,1.225990E3,4.219859E2
3.291667E-1,,,,,
3.333333E-1,176,8.593814E0,3.837835E0,1.225741E3,4.220483E2
3.375000E-1,,,,,
3.416667E-1,178,8.567140E0,3.861943E0,1.224918E3,4.213042E2
3.458333E-1,,,,,
3.500000E-1,180,8.528709E0,3.861102E0,1.223732E3,4.213302E2
3.541667E-1,,,,,
3.583333E-1,182,8.491826E0,3.884491E0,1.222593E3,4.206083E2
3.625000E-1,,,,,
3.666667E-1,184,8.444086E0,3.919751E0,1.221120E3,4.195200E2
3.708333E-1,,,,,
3.750000E-1,186,8.386323E0,3.934037E0,1.219337E3,4.190791E2
3.791667E-1,,,,,
3.833333E-1,188,8.321413E0,3.959673E0,1.217334E3,4.182879E2
3.875000E-1,,,,,
3.916667E-1,190,8.262646E0,4.003920E0,1.215520E3,4.169222E2
3.958333E-1,,,,,
4.000000E-1,192,8.201693E0,4.016382E0,1.213639E3,4.165376E2
4.041667E-1,,,,,
4.083333E-1,194,8.147571E0,4.026283E0,1.211968E3,4.162320E2
4.125000E-1,,,,,
4.166667E-1,196,8.114316E0,4.049303E0,1.210942E3,4.155215E2
4.208333E-1,,,,,
4.250000E-1,198,8.090913E0,4.058255E0,1.210220E3,4.152452E2
4.291667E-1,,,,,
4.333333E-1,200,8.058951E0,4.070850E0,1.209233E3,4.148565E2
4.375000E-1,,,,,
4.416667E-1,202,8.033436E0,4.068227E0,1.208446E3,4.149374E2
4.458333E-1,,,,,
4.500000E-1,204,8.029937E0,4.067744E0,1.208338E3,4.149523E2
4.541667E-1,,,,,
4.583333E-1,206,8.005206E0,4.083045E0,1.207574E3,4.144801E2
4.625000E-1,,,,,
4.666667E-1,208,7.988399E0,4.083400E0,1.207056E3,4.144691E2
4.708333E-1,,,,,
4.750000E-1,210,7.940013E0,4.106844E0,1.205562E3,4.137456E2
4.791667E-1,,,,,
4.833333E-1,212,7.913143E0,4.103581E0,1.204733E3,4.138463E2
4.875000E-1,,,,,
4.916667E-1,214,7.852304E0,4.150358E0,1.202855E3,4.124025E2
4.958333E-1,,,,,
5.000000E-1,216,7.798520E0,4.151929E0,1.201195E3,4.123541E2
5.041667E-1,,,,,
5.083333E-1,218,7.734302E0,4.165434E0,1.199213E3,4.119372E2
5.125000E-1,,,,,
5.166667E-1,220,7.668145E0,4.180880E0,1.197171E3,4.114605E2
5.208333E-1,,,,,
5.250000E-1,222,7.601895E0,4.205262E0,1.195126E3,4.107080E2
5.291667E-1,,,,,
5.333333E-1,224,7.570698E0,4.209130E0,1.194164E3,4.105886E2
5.375000E-1,,,,,
5.416667E-1,226,7.526790E0,4.243459E0,1.192808E3,4.095290E2
5.458333E-1,,,,,
5.500000E-1,228,7.473489E0,4.228561E0,1.191163E3,4.099889E2
5.541667E-1,,,,,
5.583333E-1,230,7.456636E0,4.255684E0,1.190643E3,4.091517E2
5.625000E-1,,,,,
5.666667E-1,232,7.441262E0,4.245000E0,1.190169E3,4.094815E2
5.708333E-1,,,,,
5.750000E-1,234,7.424117E0,4.258456E0,1.189639E3,4.090662E2
5.791667E-1,,,,,
5.833333E-1,236,7.401620E0,4.269622E0,1.188945E3,4.087216E2
5.875000E-1,,,,,
5.916667E-1,238,7.387884E0,4.267422E0,1.188521E3,4.087894E2
5.958333E-1,,,,,
6.000000E-1,240,7.355858E0,4.294200E0,1.187533E3,4.079630E2
6.041667E-1,,,,,
6.083333E-1,242,7.313124E0,4.298253E0,1.186214E3,4.078379E2
6.125000E-1,,,,,
6.166667E-1,244,7.269282E0,4.314509E0,1.184861E3,4.073361E2
6.208333E-1,,,,,
6.250000E-1,246,7.204990E0,4.354086E0,1.182876E3,4.061146E2
6.291667E-1,,,,,
6.333333E-1,248,7.159171E0,4.376894E0,1.181462E3,4.054107E2
6.375000E-1,,,,,
6.416667E-1,250,7.091084E0,4.415310E0,1.179361E3,4.042250E2
6.458333E-1,,,,,
6.500000E-1,252,7.039540E0,4.442301E0,1.177770E3,4.033919E2
6.541667E-1,,,,,
6.583333E-1,254,6.989092E0,4.463869E0,1.176213E3,4.027263E2
6.625000E-1,,,,,
6.666667E-1,256,6.946516E0,4.472816E0,1.174899E3,4.024501E2
6.708333E-1,,,,,
6.750000E-1,258,6.920674E0,4.500379E0,1.174101E3,4.015994E2
6.791667E-1,,,,,
6.833333E-1,260,6.895241E0,4.517664E0,1.173316E3,4.010659E2
6.875000E-1,,,,,
6.916667E-1,262,6.886503E0,4.529822E0,1.173046E3,4.006907E2
6.958333E-1,,,,,
7.000000E-1,264,6.860779E0,4.540612E0,1.172252E3,4.003577E2
7.041667E-1,,,,,
7.083333E-1,266,6.847659E0,4.535616E0,1.171847E3,4.005119E2
7.125000E-1,,,,,
7.166667E-1,268,6.823085E0,4.548566E0,1.171089E3,4.001122E2
7.208333E-1,,,,,
7.250000E-1,270,6.800200E0,4.567960E0,1.170383E3,3.995136E2
7.291667E-1,,,,,
7.333333E-1,272,6.759367E0,4.588293E0,1.169122E3,3.988860E2
7.375000E-1,,,,,
7.416667E-1,274,6.707462E0,4.617674E0,1.167520E3,3.979792E2
7.458333E-1,,,,,
7.500000E-1,276,6.656528E0,4.637581E0,1.165948E3,3.973648E2
7.541667E-1,,,,,
7.583333E-1,278,6.591983E0,4.668890E0,1.163956E3,3.963984E2
7.625000E-1,,,,,
7.666667E-1,280,6.539980E0,4.715213E0,1.162351E3,3.949687E2
7.708333E-1,,,,,
7.750000E-1,282,6.490262E0,4.735569E0,1.160817E3,3.943405E2
7.791667E-1,,,,,
7.833333E-1,284,6.448517E0,4.761913E0,1.159528E3,3.935274E2
7.875000E-1,,,,,
7.916667E-1,286,6.402339E0,4.790153E0,1.158103E3,3.926558E2
7.958333E-1,,,,,
8.000000E-1,288,6.370432E0,4.811768E0,1.157118E3,3.919886E2
8.041667E-1,,,,,
8.083333E-1,290,6.362495E0,4.819157E0,1.156873E3,3.917606E2
8.125000E-1,,,,,
8.166667E-1,292,6.334964E0,4.830504E0,1.156024E3,3.914104E2
8.208333E-1,,,,,
8.250000E-1,294,6.325299E0,4.839831E0,1.155725E3,3.911225E2
8.291667E-1,,,,,
8.333333E-1,296,6.303029E0,4.836576E0,1.155038E3,3.912230E2
8.375000E-1,,,,,
8.416667E-1,298,6.284239E0,4.843218E0,1.154458E3,3.910180E2
8.458333E-1,,,,,
8.500000E-1,300,6.253962E0,4.873456E0,1.153524E3,3.900847E2
8.541667E-1,,,,,
8.583333E-1,302,6.212832E0,4.893744E0,1.152254E3,3.894585E2
8.625000E-1,,,,,
8.666667E-1,304,6.161112E0,4.907693E0,1.150658E3,3.890280E2
8.708333E-1,,,,,
8.750000E-1,306,6.109988E0,4.942135E0,1.149080E3,3.879650E2
8.791667E-1,,,,,
8.833333E-1,308,6.050273E0,4.972478E0,1.147237E3,3.870285E2
8.875000E-1,,,,,
8.916667E-1,310,5.993813E0,5.003664E0,1.145494E3,3.860659E2
8.958333E-1,,,,,
9.000000E-1,312,5.929767E0,5.021580E0,1.143518E3,3.855130E2
9.041667E-1,,,,,
9.083333E-1,314,5.890666E0,5.047960E0,1.142311E3,3.846988E2
9.125000E-1,,,,,
9.166667E-1,316,5.839615E0,5.066449E0,1.140735E3,3.841281E2
9.208333E-1,,,,,
9.250000E-1,318,5.803828E0,5.086106E0,1.139630E3,3.835214E2
9.291667E-1,,,,,
9.333333E-1,320,5.801397E0,5.099180E0,1.139555E3,3.831179E2
9.375000E-1,,,,,
9.416667E-1,322,5.778612E0,5.104994E0,1.138852E3,3.829384E2
9.458333E-1,,,,,
9.500000E-1,324,5.761058E0,5.114938E0,1.138310E3,3.826315E2
9.541667E-1,,,,,
9.583333E-1,326,5.741476E0,5.125611E0,1.137706E3,3.823021E2
9.625000E-1,,,,,
9.666667E-1,328,5.734410E0,5.141111E0,1.137488E3,3.818237E2
9.708333E-1,,,,,
9.750000E-1,330,5.699413E0,5.150970E0,1.136408E3,3.815195E2
9.791667E-1,,,,,
9.833333E-1,332,5.656391E0,5.181983E0,1.135080E3,3.805623E2
9.875000E-1,,,,,
9.916667E-1,334,5.603180E0,5.204736E0,1.133438E3,3.798600E2
9.958333E-1,,,,,
1.000000E0,336,5.552922E0,5.242393E0,1.131886E3,3.786977E2
1.004167E0,,,,,
1.008333E0,338,5.489883E0,5.268692E0,1.129941E3,3.778860E2
1.012500E0,,,,,
1.016667E0,340,5.428362E0,5.295243E0,1.128042E3,3.770666E2
1.020833E0,,,,,
1.025000E0,342,5.378449E0,5.309449E0,1.126502E3,3.766281E2
1.029167E0,,,,,
1.033333E0,344,5.335753E0,5.338539E0,1.125184E3,3.757303E2
1.037500E0,,,,,
1.041667E0,346,5.283976E0,5.356954E0,1.123586E3,3.751619E2
1.045833E0,,,,,
1.050000E0,348,5.262390E0,5.373049E0,1.122919E3,3.746651E2
1.054167E0,,,,,
1.058333E0,350,5.232299E0,5.383403E0,1.121991E3,3.743456E2
1.062500E0,,,,,
1.066667E0,352,5.219513E0,5.397594E0,1.121596E3,3.739076E2
1.070833E0,,,,,
1.075000E0,354,5.202621E0,5.391265E0,1.121075E3,3.741029E2
1.079167E0,,,,,
1.083333E0,356,5.187539E0,5.400172E0,1.120609E3,3.738280E2
1.087500E0,,,,,
1.091667E0,358,5.158789E0,5.426443E0,1.119722E3,3.730172E2
1.095833E0,,,,,
1.100000E0,360,5.134089E0,5.434538E0,1.118960E3,3.727673E2
1.104167E0,,,,,
1.108333E0,362,5.091787E0,5.448758E0,1.117654E3,3.723285E2
1.112500E0,,,,,
1.116667E0,364,5.046840E0,5.471398E0,1.116267E3,3.716297E2
1.120833E0,,,,,
1.125000E0,366,5.001089E0,5.511052E0,1.114855E3,3.704058E2
1.129167E0,,,,,
1.133333E0,368,4.944222E0,5.556314E0,1.113099E3,3.690088E2
1.137500E0,,,,,
1.141667E0,370,4.882695E0,5.595901E0,1.111200E3,3.677870E2
1.145833E0,,,,,
1.150000E0,372,4.846130E0,5.634691E0,1.110072E3,3.665898E2
1.154167E0,,,,,
1.158333E0,374,4.796655E0,5.663863E0,1.108545E3,3.656894E2
1.162500E0,,,,,
1.166667E0,376,4.769475E0,5.703919E0,1.107706E3,3.644531E2
1.170833E0,,,,,
1.175000E0,378,4.748819E0,5.724011E0,1.107068E3,3.638330E2
1.179167E0,,,,,
1.183333E0,380,4.719499E0,5.730981E0,1.106164E3,3.636179E2
1.187500E0,,,,,
1.191667E0,382,4.715879E0,5.752977E0,1.106052E3,3.629390E2
1.195833E0,,,,,
1.200000E0,384,4.704777E0,5.756849E0,1.105709E3,3.628195E2
1.204167E0,,,,,
1.208333E0,386,4.691376E0,5.779681E0,1.105296E3,3.621148E2
1.212500E0,,,,,
1.216667E0,388,4.673027E0,5.790937E0,1.104729E3,3.617674E2
1.220833E0,,,,,
1.225000E0,390,4.642831E0,5.820709E0,1.103797E3,3.608485E2
1.229167E0,,,,,
1.233333E0,392,4.611533E0,5.848339E0,1.102831E3,3.599957E2
1.237500E0,,,,,
1.241667E0,394,4.576297E0,5.896041E0,1.101744E3,3.585234E2
1.245833E0,,,,,
1.250000E0,396,4.533054E0,5.938449E0,1.100409E3,3.572146E2
1.254167E0,,,,,
1.258333E0,398,4.509714E0,5.996820E0,1.099689E3,3.554130E2
1.262500E0,,,,,
1.266667E0,400,4.461548E0,6.042726E0,1.098202E3,3.539961E2
1.270833E0,,,,,
1.275000E0,402,4.418819E0,6.102566E0,1.096883E3,3.521492E2
1.279167E0,,,,,
1.283333E0,404,4.385756E0,6.131394E0,1.095863E3,3.512594E2
1.287500E0,,,,,
1.291667E0,406,4.367234E0,6.155445E0,1.095291E3,3.505171E2
1.295833E0,,,,,
1.300000E0,408,4.349352E0,6.182894E0,1.094739E3,3.496699E2
1.304167E0,,,,,
1.308333E0,410,4.335302E0,6.215978E0,1.094306E3,3.486488E2
1.312500E0,,,,,
1.316667E0,412,4.315781E0,6.240208E0,1.093703E3,3.479010E2
1.320833E0,,,,,
1.325000E0,414,4.299682E0,6.241936E0,1.093206E3,3.478477E2
1.329167E0,,,,,
1.333333E0,416,4.296728E0,6.270963E0,1.093115E3,3.469518E2
1.337500E0,,,,,
1.341667E0,418,4.274970E0,6.278279E0,1.092444E3,3.467259E2
1.345833E0,,,,,
1.350000E0,420,4.256877E0,6.313937E0,1.091885E3,3.456254E2
1.354167E0,,,,,
1.358333E0,422,4.235598E0,6.349769E0,1.091228E3,3.445195E2
1.362500E0,,,,,
1.366667E0,424,4.210386E0,6.379951E0,1.090450E3,3.435879E2
1.370833E0,,,,,
1.375000E0,426,4.165848E0,6.431907E0,1.089076E3,3.419843E2
1.379167E0,,,,,
1.383333E0,428,4.118111E0,6.496108E0,1.087602E3,3.400029E2
1.387500E0,,,,,
1.391667E0,430,4.079737E0,6.549116E0,1.086418E3,3.383668E2
1.395833E0,,,,,
1.400000E0,432,4.053224E0,6.597106E0,1.085599E3,3.368856E2
1.404167E0,,,,,
1.408333E0,434,4.026695E0,6.637482E0,1.084781E3,3.356395E2
1.412500E0,,,,,
1.416667E0,436,3.981763E0,6.681038E0,1.083394E3,3.342951E2
1.420833E0,,,,,
1.425000E0,438,3.979736E0,6.710529E0,1.083331E3,3.333849E2
1.429167E0,,,,,
1.433333E0,440,3.962545E0,6.723488E0,1.082801E3,3.329849E2
1.437500E0,,,,,
1.441667E0,442,3.962326E0,6.748387E0,1.082794E3,3.322165E2
1.445833E0,,,,,
1.450000E0,444,3.945953E0,6.760648E0,1.082289E3,3.318380E2
1.454167E0,,,,,
1.458333E0,446,3.944479E0,6.783451E0,1.082243E3,3.311342E2
1.462500E0,,,,,
1.466667E0,448,3.917097E0,6.796254E0,1.081398E3,3.307391E2
1.470833E0,,,,,
1.475000E0,450,3.916000E0,6.830755E0,1.081364E3,3.296742E2
1.479167E0,,,,,
1.483333E0,452,3.891084E0,6.863091E0,1.080595E3,3.286762E2
1.487500E0,,,,,
1.491667E0,454,3.866214E0,6.920970E0,1.079828E3,3.268898E2
1.495833E0,,,,,
1.500000E0,456,3.835103E0,6.960255E0,1.078867E3,3.256773E2
1.504167E0,,,,,
1.508333E0,458,3.785721E0,7.015716E0,1.077343E3,3.239655E2
1.512500E0,,,,,
1.516667E0,460,3.750810E0,7.067424E0,1.076266E3,3.223696E2
1.520833E0,,,,,
1.525000E0,462,3.738940E0,7.135613E0,1.075899E3,3.202650E2
1.529167E0,,,,,
1.533333E0,464,3.707989E0,7.182017E0,1.074944E3,3.188328E2
1.537500E0,,,,,
1.541667E0,466,3.694002E0,7.211391E0,1.074512E3,3.179262E2
1.545833E0,,,,,
1.550000E0,468,3.681331E0,7.235792E0,1.074121E3,3.171731E2
1.554167E0,,,,,
1.558333E0,470,3.665377E0,7.258799E0,1.073629E3,3.164630E2
1.562500E0,,,,,
1.566667E0,472,3.651731E0,7.276875E0,1.073208E3,3.159051E2
1.570833E0,,,,,
1.575000E0,474,3.639959E0,7.296540E0,1.072844E3,3.152981E2
1.579167E0,,,,,
1.583333E0,476,3.629283E0,7.319368E0,1.072515E3,3.145936E2
1.587500E0,,,,,
1.591667E0,478,3.613257E0,7.338691E0,1.072020E3,3.139972E2
1.595833E0,,,,,
1.600000E0,480,3.597878E0,7.370387E0,1.071546E3,3.130189E2
1.604167E0,,,,,
1.608333E0,482,3.581205E0,7.402536E0,1.071031E3,3.120267E2
1.612500E0,,,,,
1.616667E0,484,3.541492E0,7.445386E0,1.069805E3,3.107041E2
1.620833E0,,,,,
1.625000E0,486,3.515291E0,7.505672E0,1.068997E3,3.088434E2
1.629167E0,,,,,
1.633333E0,488,3.478090E0,7.567812E0,1.067848E3,3.069255E2
1.637500E0,,,,,
1.641667E0,490,3.443890E0,7.616635E0,1.066793E3,3.054187E2
1.645833E0,,,,,
1.650000E0,492,3.424891E0,7.666536E0,1.066207E3,3.038785E2
1.654167E0,,,,,
1.658333E0,494,3.381283E0,7.720589E0,1.064861E3,3.022102E2
1.662500E0,,,,,
1.666667E0,496,3.354981E0,7.757923E0,1.064049E3,3.010579E2
1.670833E0,,,,,
1.675000E0,498,3.335858E0,7.779518E0,1.063459E3,3.003914E2
1.679167E0,,,,,
1.683333E0,500,3.315449E0,7.809856E0,1.062829E3,2.994551E2
1.687500E0,,,,,
1.691667E0,502,3.316268E0,7.816224E0,1.062854E3,2.992585E2
1.695833E0,,,,,
1.700000E0,504,3.295462E0,7.836822E0,1.062212E3,2.986228E2
1.704167E0,,,,,
1.708333E0,506,3.291469E0,7.843628E0,1.062089E3,2.984127E2
1.712500E0,,,,,
1.716667E0,508,3.268928E0,7.872695E0,1.061393E3,2.975156E2
1.720833E0,,,,,
1.725000E0,510,3.251093E0,7.881840E0,1.060842E3,2.972333E2
1.729167E0,,,,,
1.733333E0,512,3.223037E0,7.918091E0,1.059976E3,2.961145E2
1.737500E0,,,,,
1.741667E0,514,3.196582E0,7.965070E0,1.059160E3,2.946645E2
1.745833E0,,,,,
1.750000E0,516,3.148894E0,8.018392E0,1.057688E3,2.930188E2
1.754167E0,,,,,
1.758333E0,518,3.112827E0,8.063211E0,1.056575E3,2.916355E2
1.762500E0,,,,,
1.766667E0,520,3.067306E0,8.120204E0,1.055170E3,2.898764E2
1.770833E0,,,,,
1.775000E0,522,3.026238E0,8.159369E0,1.053902E3,2.886676E2
1.779167E0,,,,,
1.783333E0,524,2.986978E0,8.187498E0,1.052691E3,2.877994E2
1.787500E0,,,,,
1.791667E0,526,2.951185E0,8.229022E0,1.051586E3,2.865178E2
1.795833E0,,,,,
1.800000E0,528,2.936220E0,8.256343E0,1.051124E3,2.856746E2
1.804167E0,,,,,
1.808333E0,530,2.919964E0,8.278859E0,1.050622E3,2.849797E2
1.812500E0,,,,,
1.816667E0,532,2.905340E0,8.292837E0,1.050171E3,2.845482E2
1.820833E0,,,,,
1.825000E0,534,2.894350E0,8.307840E0,1.049832E3,2.840852E2
1.829167E0,,,,,
1.833333E0,536,2.884314E0,8.322707E0,1.049522E3,2.836263E2
1.837500E0,,,,,
1.841667E0,538,2.864107E0,8.323707E0,1.048898E3,2.835955E2
1.845833E0,,,,,
1.850000E0,540,2.855676E0,8.358261E0,1.048638E3,2.825290E2
1.854167E0,,,,,
1.858333E0,542,2.814530E0,8.398755E0,1.047368E3,2.812792E2
1.862500E0,,,,,
1.866667E0,544,2.773535E0,8.431580E0,1.046103E3,2.802660E2
1.870833E0,,,,,
1.875000E0,546,2.738583E0,8.472044E0,1.045024E3,2.790172E2
1.879167E0,,,,,
1.883333E0,548,2.679724E0,8.523087E0,1.043208E3,2.774418E2
1.887500E0,,,,,
1.891667E0,550,2.649883E0,8.572296E0,1.042287E3,2.759230E2
1.895833E0,,,,,
1.900000E0,552,2.597816E0,8.599173E0,1.040680E3,2.750934E2
1.904167E0,,,,,
1.908333E0,554,2.570331E0,8.647404E0,1.039831E3,2.736048E2
1.912500E0,,,,,
1.916667E0,556,2.542493E0,8.693686E0,1.038972E3,2.721764E2
1.920833E0,,,,,
1.925000E0,558,2.510144E0,8.708870E0,1.037974E3,2.717077E2
1.929167E0,,,,,
1.933333E0,560,2.496830E0,8.725805E0,1.037563E3,2.711850E2
1.937500E0,,,,,
1.941667E0,562,2.487299E0,8.733896E0,1.037268E3,2.709353E2
1.945833E0,,,,,
1.950000E0,564,2.471857E0,8.757870E0,1.036792E3,2.701954E2
1.954167E0,,,,,
1.958333E0,566,2.459464E0,8.777346E0,1.036409E3,2.695943E2
1.962500E0,,,,,
1.966667E0,568,2.436836E0,8.796328E0,1.035711E3,2.690084E2
1.970833E0,,,,,
1.975000E0,570,2.425231E0,8.808596E0,1.035353E3,2.686297E2
1.979167E0,,,,,
1.983333E0,572,2.387304E0,8.860843E0,1.034182E3,2.670172E2
1.987500E0,,,,,
1.991667E0,574,2.340428E0,8.879874E0,1.032735E3,2.664298E2
1.995833E0,,,,,
2.000000E0,576,2.290450E0,8.919649E0,1.031193E3,2.652022E2
2.004167E0,,,,,
2.008333E0,578,2.243421E0,8.955640E0,1.029741E3,2.640914E2
2.012500E0,,,,,
2.016667E0,580,2.190561E0,9.002636E0,1.028110E3,2.626409E2
2.020833E0,,,,,
2.025000E0,582,2.136502E0,9.044215E0,1.026441E3,2.613576E2
2.029167E0,,,,,
2.033333E0,584,2.089000E0,9.060016E0,1.024975E3,2.608699E2
2.037500E0,,,,,
2.041667E0,586,2.058013E0,9.095132E0,1.024019E3,2.597860E2
2.045833E0,,,,,
2.050000E0,588,2.013349E0,9.097053E0,1.022640E3,2.597267E2
2.054167E0,,,,,
2.058333E0,590,1.993181E0,9.107243E0,1.022018E3,2.594122E2
2.062500E0,,,,,
2.066667E0,592,1.982094E0,9.130583E0,1.021676E3,2.586919E2
2.070833E0,,,,,
2.075000E0,594,1.960963E0,9.122503E0,1.021024E3,2.589413E2
2.079167E0,,,,,
2.083333E0,596,1.954767E0,9.138970E0,1.020832E3,2.584330E2
2.087500E0,,,,,
2.091667E0,598,1.943099E0,9.151744E0,1.020472E3,2.580388E2
2.095833E0,,,,,
2.100000E0,600,1.900125E0,9.168102E0,1.019146E3,2.575339E2
2.104167E0,,,,,
2.108333E0,602,1.860367E0,9.175025E0,1.017919E3,2.573202E2
2.112500E0,,,,,
2.116667E0,604,1.801840E0,9.201958E0,1.016112E3,2.564890E2
2.120833E0,,,,,
2.125000E0,606,1.750488E0,9.234665E0,1.014527E3,2.554795E2
2.129167E0,,,,,
2.133333E0,608,1.697901E0,9.254311E0,1.012904E3,2.548731E2
2.137500E0,,,,,
2.141667E0,610,1.631313E0,9.267351E0,1.010849E3,2.544707E2
2.145833E0,,,,,
2.150000E0,612,1.566839E0,9.301555E0,1.008859E3,2.534150E2
2.154167E0,,,,,
2.158333E0,614,1.533582E0,9.320632E0,1.007833E3,2.528262E2
2.162500E0,,,,,
2.166667E0,616,1.473710E0,9.336232E0,1.005985E3,2.523447E2
2.170833E0,,,,,
2.175000E0,618,1.445798E0,9.351739E0,1.005123E3,2.518661E2
2.179167E0,,,,,
2.183333E0,620,1.421416E0,9.359233E0,1.004371E3,2.516348E2
2.187500E0,,,,,
2.191667E0,622,1.419047E0,9.366503E0,1.004298E3,2.514104E2
2.195833E0,,,,,
2.200000E0,624,1.390128E0,9.377137E0,1.003405E3,2.510822E2
2.204167E0,,,,,
2.208333E0,626,1.384914E0,9.387912E0,1.003244E3,2.507496E2
2.212500E0,,,,,
2.216667E0,628,1.346376E0,9.377881E0,1.002055E3,2.510592E2
2.220833E0,,,,,
2.225000E0,630,1.330037E0,9.403908E0,1.001551E3,2.502559E2
2.229167E0,,,,,
2.233333E0,632,1.283130E0,9.438197E0,1.000103E3,2.491976E2
2.237500E0,,,,,
2.241667E0,634,1.236782E0,9.448094E0,9.986723E2,2.488922E2
2.245833E0,,,,,
2.250000E0,636,1.172303E0,9.474056E0,9.966822E2,2.480909E2
2.254167E0,,,,,
2.258333E0,638,1.125362E0,9.502940E0,9.952334E2,2.471994E2
2.262500E0,,,,,
2.266667E0,640,1.057091E0,9.524738E0,9.931263E2,2.465266E2
2.270833E0,,,,,
2.275000E0,642,1.000782E0,9.553945E0,9.913883E2,2.456252E2
2.279167E0,,,,,
2.283333E0,644,9.571501E-1,9.576867E0,9.900417E2,2.449177E2
2.287500E0,,,,,
2.291667E0,646,9.132354E-1,9.597463E0,9.886863E2,2.442820E2
2.295833E0,,,,,
2.300000E0,648,8.839609E-1,9.612202E0,9.877827E2,2.438271E2
2.304167E0,,,,,
2.308333E0,650,8.581091E-1,9.630133E0,9.869848E2,2.432737E2
2.312500E0,,,,,
2.316667E0,652,8.480827E-1,9.639705E0,9.866754E2,2.429782E2
2.320833E0,,,,,
2.325000E0,654,8.306525E-1,9.645122E0,9.861374E2,2.428111E2
2.329167E0,,,,,
2.333333E0,656,8.165938E-1,9.648270E0,9.857035E2,2.427139E2
2.337500E0,,,,,
2.341667E0,658,8.019407E-1,9.667077E0,9.852513E2,2.421334E2
2.345833E0,,,,,
2.350000E0,660,7.741921E-1,9.677518E0,9.843948E2,2.418112E2
2.354167E0,,,,,
2.358333E0,662,7.300067E-1,9.704778E0,9.830311E2,2.409698E2
2.362500E0,,,,,
2.366667E0,664,6.707151E-1,9.723827E0,9.812011E2,2.403819E2
2.370833E0,,,,,
2.375000E0,666,6.195549E-1,9.748019E0,9.796221E2,2.396352E2
2.379167E0,,,,,
2.383333E0,668,5.656453E-1,9.786408E0,9.779582E2,2.384504E2
2.387500E0,,,,,
2.391667E0,670,4.961928E-1,9.807186E0,9.758146E2,2.378091E2
2.395833E0,,,,,
2.400000E0,672,4.461163E-1,9.832091E0,9.742690E2,2.370404E2
2.404167E0,,,,,
2.408333E0,674,4.049468E-1,9.864306E0,9.729984E2,2.360461E2
2.412500E0,,,,,
2.416667E0,676,3.534115E-1,9.876086E0,9.714078E2,2.356825E2
2.420833E0,,,,,
2.425000E0,678,3.322140E-1,9.900316E0,9.707535E2,2.349347E2
2.429167E0,,,,,
2.433333E0,680,3.251730E-1,9.919734E0,9.705362E2,2.343354E2
2.437500E0,,,,,
2.441667E0,682,2.777933E-1,9.934849E0,9.690739E2,2.338689E2
2.445833E0,,,,,
2.450000E0,684,2.814485E-1,9.933451E0,9.691867E2,2.339120E2
2.454167E0,,,,,
2.458333E0,686,2.608892E-1,9.944535E0,9.685521E2,2.335699E2
2.462500E0,,,,,
2.466667E0,688,2.401175E-1,9.953617E0,9.679110E2,2.332896E2
2.470833E0,,,,,
2.475000E0,690,2.066845E-1,9.967664E0,9.668792E2,2.328561E2
2.479167E0,,,,,
2.483333E0,692,1.686905E-1,9.981661E0,9.657065E2,2.324240E2
2.487500E0,,,,,
2.491667E0,694,1.167570E-1,1.001491E1,9.641036E2,2.313978E2
2.495833E0,,,,,
2.500000E0,696,6.182083E-2,1.002559E1,9.624081E2,2.310684E2
2.504167E0,,,,,
2.508333E0,698,1.277088E-2,1.005987E1,9.608942E2,2.300101E2
2.512500E0,,,,,
2.516667E0,700,-6.343404E-2,1.009169E1,9.585422E2,2.290279E2
2.520833E0,,,,,
2.525000E0,702,-1.183672E-1,1.011112E1,9.568467E2,2.284283E2
2.529167E0,,,,,
2.533333E0,704,-1.689207E-1,1.013792E1,9.552864E2,2.276011E2
2.537500E0,,,,,
2.541667E0,706,-1.987157E-1,1.015295E1,9.543668E2,2.271374E2
2.545833E0,,,,,
2.550000E0,708,-2.481885E-1,1.015546E1,9.528399E2,2.270598E2
2.554167E0,,,,,
2.558333E0,710,-2.615995E-1,1.018010E1,9.524259E2,2.262992E2
2.562500E0,,,,,
2.566667E0,712,-2.712639E-1,1.017592E1,9.521277E2,2.264283E2
2.570833E0,,,,,
2.575000E0,714,-3.003129E-1,1.018941E1,9.512311E2,2.260121E2
2.579167E0,,,,,
2.583333E0,716,-3.051832E-1,1.019479E1,9.510808E2,2.258459E2
2.587500E0,,,,,
2.591667E0,718,-3.359979E-1,1.020779E1,9.501297E2,2.254448E2
2.595833E0,,,,,
2.600000E0,720,-3.700125E-1,1.022169E1,9.490799E2,2.250157E2
2.604167E0,,,,,
2.608333E0,722,-3.977619E-1,1.022990E1,9.482234E2,2.247622E2
2.612500E0,,,,,
2.616667E0,724,-4.583253E-1,1.026069E1,9.463542E2,2.238119E2
2.620833E0,,,,,
2.625000E0,726,-5.128427E-1,1.027820E1,9.446715E2,2.232718E2
2.629167E0,,,,,
2.633333E0,728,-5.707342E-1,1.030781E1,9.428847E2,2.223579E2
2.637500E0,,,,,
2.641667E0,730,-6.442882E-1,1.033551E1,9.406146E2,2.215028E2
2.645833E0,,,,,
2.650000E0,732,-6.818507E-1,1.036582E1,9.394552E2,2.205673E2
2.654167E0,,,,,
2.658333E0,734,-7.311182E-1,1.038917E1,9.379346E2,2.198466E2
2.662500E0,,,,,
2.666667E0,736,-7.749779E-1,1.040363E1,9.365809E2,2.194002E2
2.670833E0,,,,,
2.675000E0,738,-8.087862E-1,1.042159E1,9.355375E2,2.188460E2
2.679167E0,,,,,
2.683333E0,740,-8.217492E-1,1.042867E1,9.351374E2,2.186276E2
2.687500E0,,,,,
2.691667E0,742,-8.371511E-1,1.043147E1,9.346620E2,2.185412E2
2.695833E0,,,,,
2.700000E0,744,-8.653247E-1,1.044142E1,9.337924E2,2.182341E2
2.704167E0,,,,,
2.708333E0,746,-8.756285E-1,1.045247E1,9.334744E2,2.178928E2
2.712500E0,,,,,
2.716667E0,748,-9.017807E-1,1.046983E1,9.326673E2,2.173570E2
2.720833E0,,,,,
2.725000E0,750,-9.375366E-1,1.047353E1,9.315637E2,2.172430E2
2.729167E0,,,,,
2.733333E0,752,-9.760033E-1,1.049634E1,9.303764E2,2.165388E2
2.737500E0,,,,,
2.741667E0,754,-1.016492E0,1.051767E1,9.291268E2,2.158806E2
2.745833E0,,,,,
2.750000E0,756,-1.069611E0,1.054295E1,9.274873E2,2.151003E2
2.754167E0,,,,,
2.758333E0,758,-1.140764E0,1.057568E1,9.252912E2,2.140900E2
2.762500E0,,,,,
2.766667E0,760,-1.195866E0,1.060967E1,9.235906E2,2.130410E2
2.770833E0,,,,,
2.775000E0,762,-1.245474E0,1.063544E1,9.220594E2,2.122457E2
2.779167E0,,,,,
2.783333E0,764,-1.310117E0,1.065687E1,9.200643E2,2.115841E2
2.787500E0,,,,,
2.791667E0,766,-1.337222E0,1.068517E1,9.192277E2,2.107109E2
2.795833E0,,,,,
2.800000E0,768,-1.367354E0,1.070135E1,9.182977E2,2.102114E2
2.804167E0,,,,,
2.808333E0,770,-1.379297E0,1.071506E1,9.179291E2,2.097883E2
2.812500E0,,,,,
2.816667E0,772,-1.396722E0,1.071464E1,9.173913E2,2.098011E2
2.820833E0,,,,,
2.825000E0,774,-1.414148E0,1.072802E1,9.168535E2,2.093882E2
2.829167E0,,,,,
2.833333E0,776,-1.435672E0,1.074110E1,9.161891E2,2.089847E2
2.837500E0,,,,,
2.841667E0,778,-1.457529E0,1.074887E1,9.155145E2,2.087447E2
2.845833E0,,,,,
2.850000E0,780,-1.491679E0,1.076428E1,9.144605E2,2.082690E2
2.854167E0,,,,,
2.858333E0,782,-1.526163E0,1.077379E1,9.133962E2,2.079757E2
2.862500E0,,,,,
2.866667E0,784,-1.578670E0,1.081097E1,9.117756E2,2.068282E2
2.870833E0,,,,,
2.875000E0,786,-1.633712E0,1.083506E1,9.100768E2,2.060845E2
2.879167E0,,,,,
2.883333E0,788,-1.690606E0,1.085414E1,9.083208E2,2.054956E2
2.887500E0,,,,,
2.891667E0,790,-1.743959E0,1.088589E1,9.066741E2,2.045159E2
2.895833E0,,,,,
2.900000E0,792,-1.800338E0,1.091802E1,9.049340E2,2.035241E2
2.904167E0,,,,,
2.908333E0,794,-1.851644E0,1.095480E1,9.033505E2,2.023889E2
2.912500E0,,,,,
2.916667E0,796,-1.885980E0,1.096098E1,9.022907E2,2.021982E2
2.920833E0,,,,,
2.925000E0,798,-1.916066E0,1.099236E1,9.013622E2,2.012295E2
2.929167E0,,,,,
2.933333E0,800,-1.951929E0,1.101137E1,9.002553E2,2.006428E2
2.937500E0,,,,,
2.941667E0,802,-1.958584E0,1.101590E1,9.000499E2,2.005032E2
2.945833E0,,,,,
2.950000E0,804,-1.974696E0,1.102055E1,8.995526E2,2.003596E2
2.954167E0,,,,,
2.958333E0,806,-1.987504E0,1.102488E1,8.991573E2,2.002259E2
2.962500E0,,,,,
2.966667E0,808,-2.005460E0,1.104253E1,8.986031E2,1.996813E2
2.970833E0,,,,,
2.975000E0,810,-2.032514E0,1.106305E1,8.977681E2,1.990479E2
2.979167E0,,,,,
2.983333E0,812,-2.077543E0,1.108299E1,8.963783E2,1.984326E2
2.987500E0,,,,,
2.991667E0,814,-2.129754E0,1.110258E1,8.947669E2,1.978279E2
2.995833E0,,,,,
3.000000E0,816,-2.186121E0,1.113689E1,8.930271E2,1.967688E2
3.004167E0,,,,,
3.008333E0,818,-2.232086E0,1.118607E1,8.916085E2,1.952511E2
3.012500E0,,,,,
3.016667E0,820,-2.285655E0,1.120698E1,8.899551E2,1.946057E2
3.020833E0,,,,,
3.025000E0,822,-2.337490E0,1.123591E1,8.883552E2,1.937127E2
3.029167E0,,,,,
3.033333E0,824,-2.386912E0,1.126171E1,8.868299E2,1.929163E2
3.037500E0,,,,,
3.041667E0,826,-2.422590E0,1.128584E1,8.857287E2,1.921716E2
3.045833E0,,,,,
3.050000E0,828,-2.446257E0,1.130486E1,8.849982E2,1.915847E2
3.054167E0,,,,,
3.058333E0,830,-2.462445E0,1.132115E1,8.844986E2,1.910819E2
3.062500E0,,,,,
3.066667E0,832,-2.475317E0,1.133422E1,8.841013E2,1.906785E2
3.070833E0,,,,,
3.075000E0,834,-2.500262E0,1.134132E1,8.833314E2,1.904593E2
3.079167E0,,,,,
3.083333E0,836,-2.516651E0,1.135679E1,8.828256E2,1.899818E2
3.087500E0,,,,,
3.091667E0,838,-2.535355E0,1.137879E1,8.822483E2,1.893028E2
3.095833E0,,,,,
3.100000E0,840,-2.567330E0,1.139630E1,8.812614E2,1.887625E2
3.104167E0,,,,,
3.108333E0,842,-2.601833E0,1.141807E1,8.801965E2,1.880903E2
3.112500E0,,,,,
3.116667E0,844,-2.656321E0,1.143717E1,8.785148E2,1.875010E2
3.120833E0,,,,,
3.125000E0,846,-2.707574E0,1.147581E1,8.769329E2,1.863082E2
3.129167E0,,,,,
3.133333E0,848,-2.758032E0,1.150683E1,8.753756E2,1.853509E2
3.137500E0,,,,,
3.141667E0,850,-2.817448E0,1.154281E1,8.735417E2,1.842403E2
3.145833E0,,,,,
3.150000E0,852,-2.869387E0,1.157642E1,8.719387E2,1.832031E2
3.154167E0,,,,,
3.158333E0,854,-2.903111E0,1.159942E1,8.708978E2,1.824933E2
3.162500E0,,,,,
3.166667E0,856,-2.954083E0,1.162620E1,8.693246E2,1.816666E2
3.170833E0,,,,,
3.175000E0,858,-2.983182E0,1.163567E1,8.684265E2,1.813743E2
3.179167E0,,,,,
3.183333E0,860,-3.013605E0,1.166365E1,8.674875E2,1.805109E2
3.187500E0,,,,,
3.191667E0,862,-3.029901E0,1.166213E1,8.669845E2,1.805576E2
3.195833E0,,,,,
3.200000E0,864,-3.048156E0,1.167427E1,8.664211E2,1.801831E2
3.204167E0,,,,,
3.208333E0,866,-3.058010E0,1.167739E1,8.661170E2,1.800867E2
3.212500E0,,,,,
3.216667E0,868,-3.075128E0,1.169135E1,8.655887E2,1.796560E2
3.220833E0,,,,,
3.225000E0,870,-3.098037E0,1.170642E1,8.648816E2,1.791907E2
3.229167E0,,,,,
3.233333E0,872,-3.131121E0,1.172765E1,8.638605E2,1.785354E2
3.237500E0,,,,,
3.241667E0,874,-3.191364E0,1.174757E1,8.620011E2,1.779206E2
3.245833E0,,,,,
3.250000E0,876,-3.251671E0,1.178340E1,8.601398E2,1.768148E2
3.254167E0,,,,,
3.258333E0,878,-3.312906E0,1.180128E1,8.582498E2,1.762629E2
3.262500E0,,,,,
3.266667E0,880,-3.363784E0,1.181788E1,8.566795E2,1.757505E2
3.270833E0,,,,,
3.275000E0,882,-3.439165E0,1.184606E1,8.543529E2,1.748808E2
3.279167E0,,,,,
3.283333E0,884,-3.481268E0,1.186390E1,8.530534E2,1.743302E2
3.287500E0,,,,,
3.291667E0,886,-3.520370E0,1.187284E1,8.518466E2,1.740545E2
3.295833E0,,,,,
3.300000E0,888,-3.538665E0,1.189717E1,8.512820E2,1.733035E2
3.304167E0,,,,,
3.308333E0,890,-3.576890E0,1.190990E1,8.501022E2,1.729106E2
3.312500E0,,,,,
3.316667E0,892,-3.605805E0,1.191520E1,8.492097E2,1.727469E2
3.320833E0,,,,,
3.325000E0,894,-3.611569E0,1.190863E1,8.490318E2,1.729497E2
3.329167E0,,,,,
3.333333E0,896,-3.641873E0,1.192350E1,8.480965E2,1.724907E2
3.337500E0,,,,,
3.341667E0,898,-3.642219E0,1.193146E1,8.480858E2,1.722449E2
3.345833E0,,,,,
3.350000E0,900,-3.678847E0,1.193922E1,8.469553E2,1.720055E2
3.354167E0,,,,,
3.358333E0,902,-3.724204E0,1.195448E1,8.455554E2,1.715346E2
3.362500E0,,,,,
3.366667E0,904,-3.777258E0,1.196380E1,8.439180E2,1.712468E2
3.370833E0,,,,,
3.375000E0,906,-3.840761E0,1.199756E1,8.419580E2,1.702048E2
3.379167E0,,,,,
3.383333E0,908,-3.895422E0,1.199350E1,8.402709E2,1.703302E2
3.387500E0,,,,,
3.391667E0,910,-3.956089E0,1.201471E1,8.383985E2,1.696757E2
3.395833E0,,,,,
3.400000E0,912,-4.024874E0,1.204863E1,8.362755E2,1.686288E2
3.404167E0,,,,,
3.408333E0,914,-4.077800E0,1.206002E1,8.346420E2,1.682771E2
3.412500E0,,,,,
3.416667E0,916,-4.114868E0,1.206224E1,8.334979E2,1.682085E2
3.420833E0,,,,,
3.425000E0,918,-4.149519E0,1.206917E1,8.324284E2,1.679948E2
3.429167E0,,,,,
3.433333E0,920,-4.175353E0,1.207609E1,8.316311E2,1.677811E2
3.437500E0,,,,,
3.441667E0,922,-4.190905E0,1.208883E1,8.311511E2,1.673881E2
3.445833E0,,,,,
3.450000E0,924,-4.212828E0,1.209374E1,8.304744E2,1.672364E2
3.454167E0,,,,,
3.458333E0,926,-4.223357E0,1.207305E1,8.301495E2,1.678750E2
3.462500E0,,,,,
3.466667E0,928,-4.244123E0,1.209867E1,8.295085E2,1.670844E2
3.470833E0,,,,,
3.475000E0,930,-4.283716E0,1.210427E1,8.282865E2,1.669114E2
3.479167E0,,,,,
3.483333E0,932,-4.318510E0,1.213069E1,8.272127E2,1.660959E2
3.487500E0,,,,,
3.491667E0,934,-4.383482E0,1.214047E1,8.252073E2,1.657940E2
3.495833E0,,,,,
3.500000E0,936,-4.424315E0,1.216043E1,8.239471E2,1.651780E2
3.504167E0,,,,,
3.508333E0,938,-4.506247E0,1.219151E1,8.214183E2,1.642187E2
3.512500E0,,,,,
3.516667E0,940,-4.556554E0,1.220620E1,8.198656E2,1.637654E2
3.520833E0,,,,,
3.525000E0,942,-4.613713E0,1.221410E1,8.181015E2,1.635215E2
3.529167E0,,,,,
3.533333E0,944,-4.661315E0,1.223438E1,8.166323E2,1.628958E2
3.537500E0,,,,,
3.541667E0,946,-4.707376E0,1.226363E1,8.152106E2,1.619929E2
3.545833E0,,,,,
3.550000E0,948,-4.742021E0,1.225390E1,8.141413E2,1.622933E2
3.554167E0,,,,,
3.558333E0,950,-4.765405E0,1.226283E1,8.134196E2,1.620176E2
3.562500E0,,,,,
3.566667E0,952,-4.794854E0,1.226904E1,8.125107E2,1.618259E2
3.570833E0,,,,,
3.575000E0,954,-4.803360E0,1.226752E1,8.122481E2,1.618727E2
3.579167E0,,,,,
3.583333E0,956,-4.822024E0,1.226218E1,8.116721E2,1.620378E2
3.587500E0,,,,,
3.591667E0,958,-4.854072E0,1.226402E1,8.106830E2,1.619810E2
3.595833E0,,,,,
3.600000E0,960,-4.880986E0,1.227166E1,8.098523E2,1.617452E2
3.604167E0,,,,,
3.608333E0,962,-4.933741E0,1.228765E1,8.082241E2,1.612516E2
3.612500E0,,,,,
3.616667E0,964,-4.980787E0,1.227476E1,8.067720E2,1.616494E2
3.620833E0,,,,,
3.625000E0,966,-5.042919E0,1.228729E1,8.048543E2,1.612627E2
3.629167E0,,,,,
3.633333E0,968,-5.111510E0,1.230418E1,8.027374E2,1.607414E2
3.637500E0,,,,,
3.641667E0,970,-5.174373E0,1.229726E1,8.007971E2,1.609550E2
3.645833E0,,,,,
3.650000E0,972,-5.225886E0,1.231512E1,7.992072E2,1.604037E2
3.654167E0,,,,,
3.658333E0,974,-5.293055E0,1.231653E1,7.971341E2,1.603601E2
3.662500E0,,,,,
3.666667E0,976,-5.327918E0,1.233693E1,7.960581E2,1.597304E2
3.670833E0,,,,,
3.675000E0,978,-5.374305E0,1.234082E1,7.946264E2,1.596105E2
3.679167E0,,,,,
3.683333E0,980,-5.385586E0,1.234677E1,7.942782E2,1.594269E2
3.687500E0,,,,,
3.691667E0,982,-5.408301E0,1.235061E1,7.935771E2,1.593084E2
3.695833E0,,,,,
3.700000E0,984,-5.419396E0,1.236643E1,7.932347E2,1.588201E2
3.704167E0,,,,,
3.708333E0,986,-5.444869E0,1.237121E1,7.924485E2,1.586725E2
3.712500E0,,,,,
3.716667E0,988,-5.469122E0,1.237227E1,7.916999E2,1.586399E2
3.720833E0,,,,,
3.725000E0,990,-5.495588E0,1.237922E1,7.908831E2,1.584253E2
3.729167E0,,,,,
3.733333E0,992,-5.542783E0,1.239787E1,7.894264E2,1.578498E2
3.737500E0,,,,,
3.741667E0,994,-5.599911E0,1.241317E1,7.876633E2,1.573776E2
3.745833E0,,,,,
3.750000E0,996,-5.663468E0,1.242311E1,7.857016E2,1.570707E2
3.754167E0,,,,,
3.758333E0,998,-5.717694E0,1.244628E1,7.840280E2,1.563556E2
3.762500E0,,,,,
3.766667E0,1000,-5.781530E0,1.244403E1,7.820577E2,1.564250E2
3.770833E0,,,,,
3.775000E0,1002,-5.839879E0,1.244866E1,7.802568E2,1.562820E2
3.779167E0,,,,,
3.783333E0,1004,-5.898500E0,1.247605E1,7.784475E2,1.554368E2
3.787500E0,,,,,
3.791667E0,1006,-5.929037E0,1.248173E1,7.775050E2,1.552614E2
3.795833E0,,,,,
3.800000E0,1008,-5.967187E0,1.249409E1,7.763276E2,1.548798E2
3.804167E0,,,,,
3.808333E0,1010,-5.992430E0,1.249915E1,7.755485E2,1.547237E2
3.812500E0,,,,,
3.816667E0,1012,-6.007154E0,1.250254E1,7.750940E2,1.546191E2
3.820833E0,,,,,
3.825000E0,1014,-6.016616E0,1.249285E1,7.748020E2,1.549183E2
3.829167E0,,,,,
3.833333E0,1016,-6.051790E0,1.250400E1,7.737164E2,1.545740E2
3.837500E0,,,,,
3.841667E0,1018,-6.079787E0,1.248599E1,7.728523E2,1.551300E2
3.845833E0,,,,,
3.850000E0,1020,-6.114647E0,1.250508E1,7.717763E2,1.545408E2
3.854167E0,,,,,
3.858333E0,1022,-6.161386E0,1.251457E1,7.703338E2,1.542479E2
3.862500E0,,,,,
3.866667E0,1024,-6.209313E0,1.251322E1,7.688545E2,1.542895E2
3.870833E0,,,,,
3.875000E0,1026,-6.274539E0,1.252760E1,7.668414E2,1.538458E2
3.879167E0,,,,,
3.883333E0,1028,-6.339270E0,1.253721E1,7.648435E2,1.535490E2
3.887500E0,,,,,
3.891667E0,1030,-6.392062E0,1.254856E1,7.632141E2,1.531987E2
3.895833E0,,,,,
3.900000E0,1032,-6.459191E0,1.255481E1,7.611422E2,1.530057E2
3.904167E0,,,,,
3.908333E0,1034,-6.512719E0,1.255798E1,7.594902E2,1.529079E2
3.912500E0,,,,,
3.916667E0,1036,-6.559357E0,1.255797E1,7.580507E2,1.529083E2
3.920833E0,,,,,
3.925000E0,1038,-6.598292E0,1.255779E1,7.568490E2,1.529140E2
3.929167E0,,,,,
3.933333E0,1040,-6.611133E0,1.256602E1,7.564527E2,1.526599E2
3.937500E0,,,,,
3.941667E0,1042,-6.626467E0,1.256877E1,7.559794E2,1.525749E2
3.945833E0,,,,,
3.950000E0,1044,-6.653761E0,1.256993E1,7.551370E2,1.525393E2
3.954167E0,,,,,
3.958333E0,1046,-6.674790E0,1.255974E1,7.544880E2,1.528536E2
3.962500E0,,,,,
3.966667E0,1048,-6.691355E0,1.258160E1,7.539767E2,1.521790E2
3.970833E0,,,,,
3.975000E0,1050,-6.729464E0,1.257723E1,7.528005E2,1.523140E2
3.979167E0,,,,,
3.983333E0,1052,-6.775609E0,1.257084E1,7.513763E2,1.525111E2
3.987500E0,,,,,
3.991667E0,1054,-6.833849E0,1.258449E1,7.495787E2,1.520899E2
3.995833E0,,,,,
4.000000E0,1056,-6.903405E0,1.258152E1,7.474319E2,1.521814E2
4.004167E0,,,,,
4.008333E0,1058,-6.953125E0,1.258531E1,7.458974E2,1.520645E2
4.012500E0,,,,,
4.016667E0,1060,-7.011858E0,1.258920E1,7.440846E2,1.519444E2
4.020833E0,,,,,
4.025000E0,1062,-7.081561E0,1.259110E1,7.419333E2,1.518858E2
4.029167E0,,,,,
4.033333E0,1064,-7.130369E0,1.260383E1,7.404269E2,1.514929E2
4.037500E0,,,,,
4.041667E0,1066,-7.194559E0,1.259368E1,7.384457E2,1.518061E2
4.045833E0,,,,,
4.050000E0,1068,-7.224242E0,1.259648E1,7.375296E2,1.517197E2
4.054167E0,,,,,
4.058333E0,1070,-7.236618E0,1.260577E1,7.371476E2,1.514329E2
4.062500E0,,,,,
4.066667E0,1072,-7.256431E0,1.259218E1,7.365361E2,1.518523E2
4.070833E0,,,,,
4.075000E0,1074,-7.269316E0,1.261345E1,7.361384E2,1.511961E2
4.079167E0,,,,,
4.083333E0,1076,-7.297036E0,1.260609E1,7.352828E2,1.514231E2
4.087500E0,,,,,
4.091667E0,1078,-7.319422E0,1.261969E1,7.345919E2,1.510035E2
4.095833E0,,,,,
4.100000E0,1080,-7.357906E0,1.262004E1,7.334041E2,1.509926E2
4.104167E0,,,,,
4.108333E0,1082,-7.400789E0,1.263348E1,7.320806E2,1.505779E2
4.112500E0,,,,,
4.116667E0,1084,-7.451552E0,1.263379E1,7.305138E2,1.505682E2
4.120833E0,,,,,
4.125000E0,1086,-7.510334E0,1.264286E1,7.286996E2,1.502882E2
4.129167E0,,,,,
4.133333E0,1088,-7.577858E0,1.265463E1,7.266155E2,1.499249E2
4.137500E0,,,,,
4.141667E0,1090,-7.634199E0,1.266002E1,7.248766E2,1.497585E2
4.145833E0,,,,,
4.150000E0,1092,-7.707685E0,1.265717E1,7.226085E2,1.498466E2
4.154167E0,,,,,
4.158333E0,1094,-7.758304E0,1.266750E1,7.210462E2,1.495277E2
4.162500E0,,,,,
4.166667E0,1096,-7.798258E0,1.268033E1,7.198130E2,1.491317E2
4.170833E0,,,,,
4.175000E0,1098,-7.844640E0,1.267366E1,7.183815E2,1.493377E2
4.179167E0,,,,,
4.183333E0,1100,-7.862231E0,1.268483E1,7.178386E2,1.489929E2
4.187500E0,,,,,
4.191667E0,1102,-7.869932E0,1.268346E1,7.176009E2,1.490351E2
4.195833E0,,,,,
4.200000E0,1104,-7.894295E0,1.269507E1,7.168489E2,1.486770E2
4.204167E0,,,,,
4.208333E0,1106,-7.922833E0,1.268697E1,7.159681E2,1.489267E2
4.212500E0,,,,,
4.216667E0,1108,-7.937832E0,1.269546E1,7.155052E2,1.486648E2
4.220833E0,,,,,
4.225000E0,1110,-7.981001E0,1.269217E1,7.141728E2,1.487664E2
4.229167E0,,,,,
4.233333E0,1112,-7.929787E0,1.269504E1,7.157535E2,1.486778E2
4.237500E0,,,,,
4.241667E0,1114,-7.859433E0,1.269044E1,7.179249E2,1.488197E2
4.245833E0,,,,,
4.250000E0,1116,-7.807766E0,1.268454E1,7.195196E2,1.490018E2
4.254167E0,,,,,
4.258333E0,1118,-7.746688E0,1.267325E1,7.214047E2,1.493503E2
4.262500E0,,,,,
4.266667E0,1120,-7.686663E0,1.265440E1,7.232573E2,1.499320E2
4.270833E0,,,,,
4.275000E0,1122,-7.629139E0,1.264338E1,7.250328E2,1.502722E2
4.279167E0,,,,,
4.283333E0,1124,-7.573132E0,1.263441E1,7.267614E2,1.505491E2
4.287500E0,,,,,
4.291667E0,1126,-7.520085E0,1.262303E1,7.283986E2,1.509005E2
4.295833E0,,,,,
4.300000E0,1128,-7.502201E0,1.261894E1,7.289506E2,1.510266E2
4.304167E0,,,,,
4.308333E0,1130,-7.478755E0,1.260335E1,7.296742E2,1.515078E2
4.312500E0,,,,,
4.316667E0,1132,-7.456016E0,1.260557E1,7.303761E2,1.514393E2
4.320833E0,,,,,
4.325000E0,1134,-7.431669E0,1.261390E1,7.311275E2,1.511823E2
4.329167E0,,,,,
4.333333E0,1136,-7.419792E0,1.260165E1,7.314941E2,1.515602E2
4.337500E0,,,,,
4.341667E0,1138,-7.388877E0,1.259636E1,7.324482E2,1.517233E2
4.345833E0,,,,,
4.350000E0,1140,-7.354292E0,1.259504E1,7.335157E2,1.517641E2
4.354167E0,,,,,
4.358333E0,1142,-7.319989E0,1.258614E1,7.345744E2,1.520388E2
4.362500E0,,,,,
4.366667E0,1144,-7.264991E0,1.258122E1,7.362719E2,1.521908E2
4.370833E0,,,,,
4.375000E0,1146,-7.191360E0,1.256408E1,7.385444E2,1.527197E2
4.379167E0,,,,,
4.383333E0,1148,-7.140669E0,1.255979E1,7.401090E2,1.528521E2
4.387500E0,,,,,
4.391667E0,1150,-7.070647E0,1.256111E1,7.422702E2,1.528115E2
4.395833E0,,,,,
4.400000E0,1152,-7.006293E0,1.253857E1,7.442564E2,1.535070E2
4.404167E0,,,,,
4.408333E0,1154,-6.936037E0,1.252930E1,7.464248E2,1.537931E2
4.412500E0,,,,,
4.416667E0,1156,-6.912806E0,1.252104E1,7.471418E2,1.540482E2
4.420833E0,,,,,
4.425000E0,1158,-6.874408E0,1.251941E1,7.483269E2,1.540986E2
4.429167E0,,,,,
4.433333E0,1160,-6.859629E0,1.251519E1,7.487831E2,1.542288E2
4.437500E0,,,,,
4.441667E0,1162,-6.826804E0,1.250687E1,7.497962E2,1.544855E2
4.445833E0,,,,,
4.450000E0,1164,-6.818085E0,1.251499E1,7.500653E2,1.542348E2
4.454167E0,,,,,
4.458333E0,1166,-6.790209E0,1.251048E1,7.509257E2,1.543740E2
4.462500E0,,,,,
4.466667E0,1168,-6.763985E0,1.250813E1,7.517350E2,1.544467E2
4.470833E0,,,,,
4.475000E0,1170,-6.735638E0,1.251547E1,7.526099E2,1.542200E2
4.479167E0,,,,,
4.483333E0,1172,-6.695924E0,1.249898E1,7.538357E2,1.547289E2
4.487500E0,,,,,
4.491667E0,1174,-6.643513E0,1.248254E1,7.554533E2,1.552365E2
4.495833E0,,,,,
4.500000E0,1176,-6.587680E0,1.248154E1,7.571765E2,1.552674E2
4.504167E0,,,,,
4.508333E0,1178,-6.516378E0,1.246109E1,7.593772E2,1.558985E2
4.512500E0,,,,,
4.516667E0,1180,-6.448472E0,1.244781E1,7.614731E2,1.563084E2
4.520833E0,,,,,
4.525000E0,1182,-6.384020E0,1.243803E1,7.634623E2,1.566101E2
4.529167E0,,,,,
4.533333E0,1184,-6.338798E0,1.242387E1,7.648581E2,1.570471E2
4.537500E0,,,,,
4.541667E0,1186,-6.304416E0,1.241534E1,7.659193E2,1.573104E2
4.545833E0,,,,,
4.550000E0,1188,-6.272904E0,1.241223E1,7.668919E2,1.574063E2
4.554167E0,,,,,
4.558333E0,1190,-6.233786E0,1.241097E1,7.680992E2,1.574454E2
4.562500E0,,,,,
4.566667E0,1192,-6.233526E0,1.239677E1,7.681072E2,1.578837E2
4.570833E0,,,,,
4.575000E0,1194,-6.198254E0,1.240895E1,7.691959E2,1.575078E2
4.579167E0,,,,,
4.583333E0,1196,-6.182157E0,1.240240E1,7.696927E2,1.577099E2
4.587500E0,,,,,
4.591667E0,1198,-6.162101E0,1.239724E1,7.703117E2,1.578690E2
4.595833E0,,,,,
4.600000E0,1200,-6.127160E0,1.238618E1,7.713901E2,1.582104E2
4.604167E0,,,,,
4.608333E0,1202,-6.080392E0,1.237832E1,7.728336E2,1.584530E2
4.612500E0,,,,,
4.616667E0,1204,-6.026569E0,1.237286E1,7.744948E2,1.586217E2
4.620833E0,,,,,
4.625000E0,1206,-5.975239E0,1.236055E1,7.760790E2,1.590016E2
4.629167E0,,,,,
4.633333E0,1208,-5.897939E0,1.235944E1,7.784648E2,1.590359E2
4.637500E0,,,,,
4.641667E0,1210,-5.826866E0,1.234843E1,7.806585E2,1.593756E2
4.645833E0,,,,,
4.650000E0,1212,-5.776570E0,1.235454E1,7.822108E2,1.591870E2
4.654167E0,,,,,
4.658333E0,1214,-5.724055E0,1.234784E1,7.838316E2,1.593938E2
4.662500E0,,,,,
4.666667E0,1216,-5.680641E0,1.233653E1,7.851716E2,1.597429E2
4.670833E0,,,,,
4.675000E0,1218,-5.636957E0,1.234549E1,7.865198E2,1.594662E2
4.679167E0,,,,,
4.683333E0,1220,-5.613628E0,1.233849E1,7.872399E2,1.596824E2
4.687500E0,,,,,
4.691667E0,1222,-5.598304E0,1.232742E1,7.877129E2,1.600240E2
4.695833E0,,,,,
4.700000E0,1224,-5.572391E0,1.232067E1,7.885126E2,1.602324E2
4.704167E0,,,,,
4.708333E0,1226,-5.563922E0,1.234035E1,7.887740E2,1.596249E2
4.712500E0,,,,,
4.716667E0,1228,-5.540687E0,1.233050E1,7.894911E2,1.599290E2
4.720833E0,,,,,
4.725000E0,1230,-5.503540E0,1.232710E1,7.906377E2,1.600341E2
4.729167E0,,,,,
4.733333E0,1232,-5.459991E0,1.232564E1,7.919818E2,1.600789E2
4.737500E0,,,,,
4.741667E0,1234,-5.401355E0,1.232410E1,7.937915E2,1.601266E2
4.745833E0,,,,,
4.750000E0,1236,-5.337965E0,1.232829E1,7.957480E2,1.599974E2
4.754167E0,,,,,
4.758333E0,1238,-5.271802E0,1.231584E1,7.977901E2,1.603814E2
4.762500E0,,,,,
4.766667E0,1240,-5.214353E0,1.232914E1,7.995632E2,1.599711E2
4.770833E0,,,,,
4.775000E0,1242,-5.147088E0,1.233428E1,8.016393E2,1.598123E2
4.779167E0,,,,,
4.783333E0,1244,-5.091179E0,1.233604E1,8.033649E2,1.597581E2
4.787500E0,,,,,
4.791667E0,1246,-5.046461E0,1.233402E1,8.047450E2,1.598204E2
4.795833E0,,,,,
4.800000E0,1248,-5.018287E0,1.234061E1,8.056146E2,1.596170E2
4.804167E0,,,,,
4.808333E0,1250,-4.986459E0,1.235067E1,8.065969E2,1.593066E2
4.812500E0,,,,,
4.816667E0,1252,-4.973311E0,1.233383E1,8.070028E2,1.598264E2
4.820833E0,,,,,
4.825000E0,1254,-4.964950E0,1.234019E1,8.072608E2,1.596298E2
4.829167E0,,,,,
4.833333E0,1256,-4.933201E0,1.233009E1,8.082407E2,1.599416E2
4.837500E0,,,,,
4.841667E0,1258,-4.907346E0,1.233108E1,8.090387E2,1.599111E2
4.845833E0,,,,,
4.850000E0,1260,-4.879687E0,1.233636E1,8.098924E2,1.597482E2
4.854167E0,,,,,
4.858333E0,1262,-4.838489E0,1.234631E1,8.111639E2,1.594410E2
4.862500E0,,,,,
4.866667E0,1264,-4.786981E0,1.235708E1,8.127537E2,1.591088E2
4.870833E0,,,,,
4.875000E0,1266,-4.718504E0,1.234521E1,8.148672E2,1.594751E2
4.879167E0,,,,,
4.883333E0,1268,-4.653450E0,1.234589E1,8.168750E2,1.594541E2
4.887500E0,,,,,
4.891667E0,1270,-4.576373E0,1.235309E1,8.192539E2,1.592317E2
4.895833E0,,,,,
4.900000E0,1272,-4.529829E0,1.235846E1,8.206905E2,1.590660E2
4.904167E0,,,,,
4.908333E0,1274,-4.470747E0,1.234320E1,8.225140E2,1.595370E2
4.912500E0,,,,,
4.916667E0,1276,-4.419890E0,1.234349E1,8.240836E2,1.595282E2
4.920833E0,,,,,
4.925000E0,1278,-4.386689E0,1.234009E1,8.251084E2,1.596332E2
4.929167E0,,,,,
4.933333E0,1280,-4.382911E0,1.234144E1,8.252250E2,1.595914E2
4.937500E0,,,,,
4.941667E0,1282,-4.342837E0,1.234064E1,8.264618E2,1.596160E2
4.945833E0,,,,,
4.950000E0,1284,-4.323307E0,1.234721E1,8.270646E2,1.594133E2
4.954167E0,,,,,
4.958333E0,1286,-4.307667E0,1.234310E1,8.275473E2,1.595400E2
4.962500E0,,,,,
4.966667E0,1288,-4.293366E0,1.233046E1,8.279887E2,1.599302E2
4.970833E0,,,,,
4.975000E0,1290,-4.249489E0,1.233666E1,8.293429E2,1.597388E2
4.979167E0,,,,,
4.983333E0,1292,-4.222111E0,1.233514E1,8.301879E2,1.597859E2
4.987500E0,,,,,
4.991667E0,1294,-4.173789E0,1.232684E1,8.316793E2,1.600421E2
4.995833E0,,,,,
5.000000E0,1296,-4.091472E0,1.230633E1,8.342200E2,1.606749E2
5.004167E0,,,,,
5.008333E0,1298,-4.045512E0,1.231087E1,8.356385E2,1.605349E2
5.012500E0,,,,,
5.016667E0,1300,-3.962463E0,1.229702E1,8.382018E2,1.609622E2
5.020833E0,,,,,
5.025000E0,1302,-3.895640E0,1.230167E1,8.402642E2,1.608189E2
5.029167E0,,,,,
5.033333E0,1304,-3.849546E0,1.227541E1,8.416868E2,1.616292E2
5.037500E0,,,,,
5.041667E0,1306,-3.812310E0,1.227488E1,8.428361E2,1.616458E2
5.045833E0,,,,,
5.050000E0,1308,-3.770350E0,1.226150E1,8.441312E2,1.620587E2
5.054167E0,,,,,
5.058333E0,1310,-3.754088E0,1.227063E1,8.446331E2,1.617769E2
5.062500E0,,,,,
5.066667E0,1312,-3.735311E0,1.226627E1,8.452126E2,1.619113E2
5.070833E0,,,,,
5.075000E0,1314,-3.715604E0,1.227209E1,8.458209E2,1.617319E2
5.079167E0,,,,,
5.083333E0,1316,-3.693488E0,1.225790E1,8.465035E2,1.621698E2
5.087500E0,,,,,
5.091667E0,1318,-3.668992E0,1.224584E1,8.472595E2,1.625420E2
5.095833E0,,,,,
5.100000E0,1320,-3.634761E0,1.224748E1,8.483160E2,1.624914E2
5.104167E0,,,,,
5.108333E0,1322,-3.593493E0,1.223883E1,8.495897E2,1.627583E2
5.112500E0,,,,,
5.116667E0,1324,-3.538772E0,1.222825E1,8.512786E2,1.630849E2
5.120833E0,,,,,
5.125000E0,1326,-3.474422E0,1.221531E1,8.532648E2,1.634843E2
5.129167E0,,,,,
5.133333E0,1328,-3.412581E0,1.220345E1,8.551734E2,1.638504E2
5.137500E0,,,,,
5.141667E0,1330,-3.338444E0,1.219511E1,8.574616E2,1.641078E2
5.145833E0,,,,,
5.150000E0,1332,-3.298447E0,1.217440E1,8.586961E2,1.647468E2
5.154167E0,,,,,
5.158333E0,1334,-3.243335E0,1.215271E1,8.603971E2,1.654162E2
5.162500E0,,,,,
5.166667E0,1336,-3.201713E0,1.214121E1,8.616817E2,1.657714E2
5.170833E0,,,,,
5.175000E0,1338,-3.162730E0,1.212681E1,8.628849E2,1.662159E2
5.179167E0,,,,,
5.183333E0,1340,-3.129094E0,1.212298E1,8.639230E2,1.663338E2
5.187500E0,,,,,
5.191667E0,1342,-3.117613E0,1.211659E1,8.642774E2,1.665310E2
5.195833E0,,,,,
5.200000E0,1344,-3.100354E0,1.211697E1,8.648101E2,1.665193E2
5.204167E0,,,,,
5.208333E0,1346,-3.098273E0,1.210677E1,8.648743E2,1.668341E2
5.212500E0,,,,,
5.216667E0,1348,-3.059255E0,1.210450E1,8.660785E2,1.669042E2
5.220833E0,,,,,
5.225000E0,1350,-3.027951E0,1.207936E1,8.670447E2,1.676802E2
5.229167E0,,,,,
5.233333E0,1352,-2.990767E0,1.207525E1,8.681924E2,1.678072E2
5.237500E0,,,,,
5.241667E0,1354,-2.932620E0,1.205599E1,8.699870E2,1.684015E2
5.245833E0,,,,,
5.250000E0,1356,-2.877456E0,1.202993E1,8.716896E2,1.692060E2
5.254167E0,,,,,
5.258333E0,1358,-2.818365E0,1.201389E1,8.735134E2,1.697010E2
5.262500E0,,,,,
5.266667E0,1360,-2.762227E0,1.199891E1,8.752461E2,1.701632E2
5.270833E0,,,,,
5.275000E0,1362,-2.704296E0,1.197816E1,8.770341E2,1.708037E2
5.279167E0,,,,,
5.283333E0,1364,-2.635062E0,1.195162E1,8.791709E2,1.716230E2
5.287500E0,,,,,
5.291667E0,1366,-2.599385E0,1.195433E1,8.802721E2,1.715393E2
5.295833E0,,,,,
5.300000E0,1368,-2.572221E0,1.194697E1,8.811105E2,1.717664E2
5.304167E0,,,,,
5.308333E0,1370,-2.540050E0,1.192777E1,8.821034E2,1.723590E2
5.312500E0,,,,,
5.316667E0,1372,-2.528574E0,1.192656E1,8.824576E2,1.723964E2
5.320833E0,,,,,
5.325000E0,1374,-2.500437E0,1.191621E1,8.833260E2,1.727158E2
5.329167E0,,,,,
5.333333E0,1376,-2.481982E0,1.192353E1,8.838956E2,1.724897E2
5.337500E0,,,,,
5.341667E0,1378,-2.481025E0,1.191217E1,8.839251E2,1.728403E2
5.345833E0,,,,,
5.350000E0,1380,-2.437401E0,1.190412E1,8.852716E2,1.730889E2
5.354167E0,,,,,
5.358333E0,1382,-2.395372E0,1.189396E1,8.865688E2,1.734024E2
5.362500E0,,,,,
5.366667E0,1384,-2.344952E0,1.186794E1,8.881249E2,1.742056E2
5.370833E0,,,,,
5.375000E0,1386,-2.280090E0,1.185282E1,8.901269E2,1.746721E2
5.379167E0,,,,,
5.383333E0,1388,-2.217365E0,1.184563E1,8.920628E2,1.748943E2
5.387500E0,,,,,
5.391667E0,1390,-2.142647E0,1.181276E1,8.943689E2,1.759088E2
5.395833E0,,,,,
5.400000E0,1392,-2.095566E0,1.180541E1,8.958220E2,1.761354E2
5.404167E0,,,,,
5.408333E0,1394,-2.034663E0,1.178850E1,8.977018E2,1.766575E2
5.412500E0,,,,,
5.416667E0,1396,-2.000350E0,1.178574E1,8.987608E2,1.767427E2
5.420833E0,,,,,
5.425000E0,1398,-1.967169E0,1.177374E1,8.997849E2,1.771129E2
5.429167E0,,,,,
5.433333E0,1400,-1.948429E0,1.176499E1,9.003633E2,1.773830E2
5.437500E0,,,,,
5.441667E0,1402,-1.920800E0,1.177344E1,9.012161E2,1.771221E2
5.445833E0,,,,,
5.450000E0,1404,-1.901226E0,1.176895E1,9.018202E2,1.772607E2
5.454167E0,,,,,
5.458333E0,1406,-1.887372E0,1.174834E1,9.022478E2,1.778969E2
5.462500E0,,,,,
5.466667E0,1408,-1.859956E0,1.174147E1,9.030939E2,1.781089E2
5.470833E0,,,,,
5.475000E0,1410,-1.832433E0,1.174515E1,9.039434E2,1.779954E2
5.479167E0,,,,,
5.483333E0,1412,-1.785860E0,1.173407E1,9.053809E2,1.783372E2
5.487500E0,,,,,
5.491667E0,1414,-1.728274E0,1.171823E1,9.071582E2,1.788262E2
5.495833E0,,,,,
5.500000E0,1416,-1.680099E0,1.170381E1,9.086451E2,1.792713E2
5.504167E0,,,,,
5.508333E0,1418,-1.613742E0,1.167398E1,9.106931E2,1.801921E2
5.512500E0,,,,,
5.516667E0,1420,-1.536903E0,1.166933E1,9.130647E2,1.803354E2
5.520833E0,,,,,
5.525000E0,1422,-1.504377E0,1.165443E1,9.140686E2,1.807953E2
5.529167E0,,,,,
5.533333E0,1424,-1.447960E0,1.162840E1,9.158099E2,1.815987E2
5.537500E0,,,,,
5.541667E0,1426,-1.402296E0,1.161369E1,9.172193E2,1.820527E2
5.545833E0,,,,,
5.550000E0,1428,-1.363779E0,1.160850E1,9.184080E2,1.822130E2
5.554167E0,,,,,
5.558333E0,1430,-1.350154E0,1.159798E1,9.188286E2,1.825377E2
5.562500E0,,,,,
5.566667E0,1432,-1.319550E0,1.159592E1,9.197732E2,1.826013E2
5.570833E0,,,,,
5.575000E0,1434,-1.302974E0,1.158393E1,9.202847E2,1.829712E2
5.579167E0,,,,,
5.583333E0,1436,-1.289843E0,1.157070E1,9.206900E2,1.833797E2
5.587500E0,,,,,
5.591667E0,1438,-1.266350E0,1.155936E1,9.214151E2,1.837295E2
5.595833E0,,,,,
5.600000E0,1440,-1.238100E0,1.154707E1,9.222870E2,1.841088E2
5.604167E0,,,,,
5.608333E0,1442,-1.183263E0,1.153729E1,9.239795E2,1.844109E2
5.612500E0,,,,,
5.616667E0,1444,-1.161205E0,1.150417E1,9.246603E2,1.854330E2
5.620833E0,,,,,
5.625000E0,1446,-1.089742E0,1.149733E1,9.268660E2,1.856443E2
5.629167E0,,,,,
5.633333E0,1448,-1.034643E0,1.146523E1,9.285666E2,1.866347E2
5.637500E0,,,,,
5.641667E0,1450,-9.637545E-1,1.143905E1,9.307545E2,1.874429E2
5.645833E0,,,,,
5.650000E0,1452,-8.974360E-1,1.143018E1,9.328014E2,1.877167E2
5.654167E0,,,,,
5.658333E0,1454,-8.508280E-1,1.141539E1,9.342399E2,1.881731E2
5.662500E0,,,,,
5.666667E0,1456,-8.074319E-1,1.140363E1,9.355793E2,1.885362E2
5.670833E0,,,,,
5.675000E0,1458,-7.797499E-1,1.139909E1,9.364336E2,1.886763E2
5.679167E0,,,,,
5.683333E0,1460,-7.445579E-1,1.139880E1,9.375198E2,1.886853E2
5.687500E0,,,,,
5.691667E0,1462,-7.350600E-1,1.139157E1,9.378130E2,1.889083E2
5.695833E0,,,,,
5.700000E0,1464,-7.131506E-1,1.138136E1,9.384892E2,1.892235E2
5.704167E0,,,,,
5.708333E0,1466,-6.878651E-1,1.137518E1,9.392696E2,1.894141E2
5.712500E0,,,,,
5.716667E0,1468,-6.724006E-1,1.137646E1,9.397469E2,1.893746E2
5.720833E0,,,,,
5.725000E0,1470,-6.434562E-1,1.137239E1,9.406402E2,1.895003E2
5.729167E0,,,,,
5.733333E0,1472,-5.983061E-1,1.134511E1,9.420338E2,1.903424E2
5.737500E0,,,,,
5.741667E0,1474,-5.581003E-1,1.133293E1,9.432747E2,1.907182E2
5.745833E0,,,,,
5.750000E0,1476,-4.822266E-1,1.131922E1,9.456165E2,1.911414E2
5.754167E0,,,,,
5.758333E0,1478,-4.347496E-1,1.128399E1,9.470818E2,1.922288E2
5.762500E0,,,,,
5.766667E0,1480,-3.629160E-1,1.126415E1,9.492989E2,1.928411E2
5.770833E0,,,,,
5.775000E0,1482,-3.112475E-1,1.124473E1,9.508936E2,1.934404E2
5.779167E0,,,,,
5.783333E0,1484,-2.569368E-1,1.123161E1,9.525699E2,1.938455E2
5.787500E0,,,,,
5.791667E0,1486,-2.202989E-1,1.121163E1,9.537007E2,1.944620E2
5.795833E0,,,,,
5.800000E0,1488,-1.799200E-1,1.120704E1,9.549469E2,1.946037E2
5.804167E0,,,,,
5.808333E0,1490,-1.640045E-1,1.120505E1,9.554381E2,1.946650E2
5.812500E0,,,,,
5.816667E0,1492,-1.338033E-1,1.119894E1,9.563703E2,1.948538E2
5.820833E0,,,,,
5.825000E0,1494,-1.186437E-1,1.118888E1,9.568382E2,1.951641E2
5.829167E0,,,,,
5.833333E0,1496,-9.683170E-2,1.118779E1,9.575114E2,1.951977E2
5.837500E0,,,,,
5.841667E0,1498,-7.926140E-2,1.117681E1,9.580537E2,1.955366E2
5.845833E0,,,,,
5.850000E0,1500,-5.896027E-2,1.117862E1,9.586802E2,1.954809E2
5.854167E0,,,,,
5.858333E0,1502,1.560047E-2,1.116216E1,9.609815E2,1.959888E2
5.862500E0,,,,,
5.866667E0,1504,4.471178E-2,1.114818E1,9.618800E2,1.964202E2
5.870833E0,,,,,
5.875000E0,1506,1.066751E-1,1.114018E1,9.637924E2,1.966672E2
5.879167E0,,,,,
5.883333E0,1508,1.647995E-1,1.111802E1,9.655864E2,1.973513E2
5.887500E0,,,,,
5.891667E0,1510,2.402475E-1,1.109204E1,9.679150E2,1.981529E2
5.895833E0,,,,,
5.900000E0,1512,2.813204E-1,1.108284E1,9.691827E2,1.984369E2
5.904167E0,,,,,
5.908333E0,1514,3.440452E-1,1.106155E1,9.711187E2,1.990941E2
5.912500E0,,,,,
5.916667E0,1516,3.916840E-1,1.104337E1,9.725890E2,1.996553E2
5.920833E0,,,,,
5.925000E0,1518,4.200495E-1,1.104591E1,9.734645E2,1.995769E2
5.929167E0,,,,,
5.933333E0,1520,4.344444E-1,1.103299E1,9.739088E2,1.999756E2
5.937500E0,,,,,
5.941667E0,1522,4.509880E-1,1.101905E1,9.744194E2,2.004059E2
5.945833E0,,,,,
5.950000E0,1524,4.752519E-1,1.101545E1,9.751683E2,2.005171E2
5.954167E0,,,,,
5.958333E0,1526,4.987999E-1,1.100974E1,9.758951E2,2.006933E2
5.962500E0,,,,,
5.966667E0,1528,5.134087E-1,1.100092E1,9.763459E2,2.009654E2
5.970833E0,,,,,
5.975000E0,1530,5.440641E-1,1.099027E1,9.772921E2,2.012940E2
5.979167E0,,,,,
5.983333E0,1532,5.820180E-1,1.098773E1,9.784635E2,2.013725E2
5.987500E0,,,,,
5.991667E0,1534,6.342850E-1,1.096626E1,9.800767E2,2.020351E2
5.995833E0,,,,,
6.000000E0,1536,7.018545E-1,1.094796E1,9.821622E2,2.026000E2
6.004167E0,,,,,
6.008333E0,1538,7.763253E-1,1.091116E1,9.844607E2,2.037357E2
6.012500E0,,,,,
6.016667E0,1540,8.252569E-1,1.089905E1,9.859709E2,2.041097E2
6.020833E0,,,,,
6.025000E0,1542,8.857956E-1,1.087476E1,9.878394E2,2.048593E2
6.029167E0,,,,,
6.033333E0,1544,9.359056E-1,1.086207E1,9.893860E2,2.052509E2
6.037500E0,,,,,
6.041667E0,1546,9.685007E-1,1.085345E1,9.903920E2,2.055170E2
6.045833E0,,,,,
6.050000E0,1548,1.019851E0,1.083027E1,9.919769E2,2.062323E2
6.054167E0,,,,,
6.058333E0,1550,1.031838E0,1.082542E1,9.923468E2,2.063822E2
6.062500E0,,,,,
6.066667E0,1552,1.042256E0,1.082329E1,9.926684E2,2.064479E2
6.070833E0,,,,,
6.075000E0,1554,1.066229E0,1.082080E1,9.934083E2,2.065246E2
6.079167E0,,,,,
6.083333E0,1556,1.084634E0,1.081518E1,9.939764E2,2.066981E2
6.087500E0,,,,,
6.091667E0,1558,1.115206E0,1.081117E1,9.949199E2,2.068218E2
6.095833E0,,,,,
6.100000E0,1560,1.139950E0,1.079879E1,9.956837E2,2.072040E2
6.104167E0,,,,,
6.108333E0,1562,1.188982E0,1.080138E1,9.971970E2,2.071241E2
6.112500E0,,,,,
6.116667E0,1564,1.228369E0,1.078236E1,9.984126E2,2.077112E2
6.120833E0,,,,,
6.125000E0,1566,1.297908E0,1.077373E1,1.000559E3,2.079776E2
6.129167E0,,,,,
6.133333E0,1568,1.368635E0,1.076302E1,1.002742E3,2.083081E2
6.137500E0,,,,,
6.141667E0,1570,1.422209E0,1.075137E1,1.004395E3,2.086677E2
6.145833E0,,,,,
6.150000E0,1572,1.486862E0,1.074194E1,1.006391E3,2.089587E2
6.154167E0,,,,,
6.158333E0,1574,1.538651E0,1.072579E1,1.007989E3,2.094570E2
6.162500E0,,,,,
6.166667E0,1576,1.584915E0,1.072252E1,1.009417E3,2.095579E2
6.170833E0,,,,,
6.175000E0,1578,1.616006E0,1.071101E1,1.010377E3,2.099133E2
6.179167E0,,,,,
6.183333E0,1580,1.661398E0,1.071229E1,1.011778E3,2.098737E2
6.187500E0,,,,,
6.191667E0,1582,1.661769E0,1.070948E1,1.011789E3,2.099604E2
6.195833E0,,,,,
6.200000E0,1584,1.679915E0,1.070488E1,1.012349E3,2.101025E2
6.204167E0,,,,,
6.208333E0,1586,1.709017E0,1.070151E1,1.013247E3,2.102065E2
6.212500E0,,,,,
6.216667E0,1588,1.726606E0,1.070334E1,1.013790E3,2.101501E2
6.220833E0,,,,,
6.225000E0,1590,1.763805E0,1.070282E1,1.014938E3,2.101659E2
6.229167E0,,,,,
6.233333E0,1592,1.807574E0,1.070575E1,1.016289E3,2.100756E2
6.237500E0,,,,,
6.241667E0,1594,1.859788E0,1.070991E1,1.017901E3,2.099471E2
6.245833E0,,,,,
6.250000E0,1596,1.931866E0,1.070070E1,1.020125E3,2.102315E2
6.254167E0,,,,,
6.258333E0,1598,1.991066E0,1.069703E1,1.021953E3,2.103449E2
6.262500E0,,,,,
6.266667E0,1600,2.049683E0,1.068517E1,1.023762E3,2.107109E2
6.270833E0,,,,,
6.275000E0,1602,2.120032E0,1.069852E1,1.025933E3,2.102989E2
6.279167E0,,,,,
6.283333E0,1604,2.148978E0,1.068587E1,1.026826E3,2.106892E2
6.287500E0,,,,,
6.291667E0,1606,2.211510E0,1.068730E1,1.028756E3,2.106450E2
6.295833E0,,,,,
6.300000E0,1608,2.251370E0,1.068634E1,1.029987E3,2.106748E2
6.304167E0,,,,,
6.308333E0,1610,2.273022E0,1.067215E1,1.030655E3,2.111126E2
6.312500E0,,,,,
6.316667E0,1612,2.292478E0,1.067834E1,1.031256E3,2.109218E2
6.320833E0,,,,,
6.325000E0,1614,2.303006E0,1.067078E1,1.031580E3,2.111548E2
6.329167E0,,,,,
6.333333E0,1616,2.326563E0,1.067064E1,1.032308E3,2.111593E2
6.337500E0,,,,,
6.341667E0,1618,2.348344E0,1.066633E1,1.032980E3,2.112922E2
6.345833E0,,,,,
6.350000E0,1620,2.383004E0,1.065783E1,1.034050E3,2.115547E2
6.354167E0,,,,,
6.358333E0,1622,2.416588E0,1.065122E1,1.035086E3,2.117587E2
6.362500E0,,,,,
6.366667E0,1624,2.483018E0,1.064915E1,1.037136E3,2.118226E2
6.370833E0,,,,,
6.375000E0,1626,2.553763E0,1.065571E1,1.039320E3,2.116202E2
6.379167E0,,,,,
6.383333E0,1628,2.601859E0,1.064627E1,1.040804E3,2.119114E2
6.387500E0,,,,,
6.391667E0,1630,2.678920E0,1.064706E1,1.043183E3,2.118871E2
6.395833E0,,,,,
6.400000E0,1632,2.745087E0,1.064178E1,1.045225E3,2.120501E2
6.404167E0,,,,,
6.408333E0,1634,2.798796E0,1.064683E1,1.046883E3,2.118943E2
6.412500E0,,,,,
6.416667E0,1636,2.825634E0,1.063698E1,1.047711E3,2.121982E2
6.420833E0,,,,,
6.425000E0,1638,2.862626E0,1.065376E1,1.048853E3,2.116801E2
6.429167E0,,,,,
6.433333E0,1640,2.890493E0,1.064697E1,1.049713E3,2.118897E2
6.437500E0,,,,,
6.441667E0,1642,2.910977E0,1.064498E1,1.050345E3,2.119514E2
6.445833E0,,,,,
6.450000E0,1644,2.941996E0,1.065680E1,1.051302E3,2.115865E2
6.454167E0,,,,,
6.458333E0,1646,2.943059E0,1.064098E1,1.051335E3,2.120748E2
6.462500E0,,,,,
6.466667E0,1648,2.995190E0,1.065221E1,1.052944E3,2.117280E2
6.470833E0,,,,,
6.475000E0,1650,3.013992E0,1.065032E1,1.053524E3,2.117865E2
6.479167E0,,,,,
6.483333E0,1652,3.050378E0,1.065514E1,1.054647E3,2.116377E2
6.487500E0,,,,,
6.491667E0,1654,3.097814E0,1.065502E1,1.056112E3,2.116414E2
6.495833E0,,,,,
6.500000E0,1656,3.170509E0,1.066788E1,1.058355E3,2.112444E2
6.504167E0,,,,,
6.508333E0,1658,3.225905E0,1.068043E1,1.060065E3,2.108571E2
6.512500E0,,,,,
6.516667E0,1660,3.292219E0,1.067112E1,1.062112E3,2.111444E2
6.520833E0,,,,,
6.525000E0,1662,3.362776E0,1.068018E1,1.064289E3,2.108649E2
6.529167E0,,,,,
6.533333E0,1664,3.413723E0,1.067789E1,1.065862E3,2.109355E2
6.537500E0,,,,,
6.541667E0,1666,3.458571E0,1.069202E1,1.067246E3,2.104992E2
6.545833E0,,,,,
6.550000E0,1668,3.490994E0,1.069784E1,1.068247E3,2.103198E2
6.554167E0,,,,,
6.558333E0,1670,3.523469E0,1.070193E1,1.069249E3,2.101936E2
6.562500E0,,,,,
6.566667E0,1672,3.536395E0,1.068988E1,1.069648E3,2.105656E2
6.570833E0,,,,,
6.575000E0,1674,3.557507E0,1.068829E1,1.070300E3,2.106145E2
6.579167E0,,,,,
6.583333E0,1676,3.572893E0,1.067894E1,1.070774E3,2.109032E2
6.587500E0,,,,,
6.591667E0,1678,3.608340E0,1.069458E1,1.071869E3,2.104203E2
6.595833E0,,,,,
6.600000E0,1680,3.627498E0,1.067645E1,1.072460E3,2.109799E2
6.604167E0,,,,,
6.608333E0,1682,3.676662E0,1.068471E1,1.073977E3,2.107249E2
6.612500E0,,,,,
6.616667E0,1684,3.735323E0,1.067405E1,1.075788E3,2.110540E2
6.620833E0,,,,,
6.625000E0,1686,3.792724E0,1.067912E1,1.077559E3,2.108977E2
6.629167E0,,,,,
6.633333E0,1688,3.858950E0,1.066353E1,1.079603E3,2.113788E2
6.637500E0,,,,,
6.641667E0,1690,3.921600E0,1.065081E1,1.081537E3,2.117713E2
6.645833E0,,,,,
6.650000E0,1692,3.977402E0,1.065127E1,1.083259E3,2.117570E2
6.654167E0,,,,,
6.658333E0,1694,4.037567E0,1.065208E1,1.085116E3,2.117322E2
6.662500E0,,,,,
6.666667E0,1696,4.084942E0,1.065671E1,1.086578E3,2.115893E2
6.670833E0,,,,,
6.675000E0,1698,4.123817E0,1.064002E1,1.087778E3,2.121042E2
6.679167E0,,,,,
6.683333E0,1700,4.146967E0,1.063429E1,1.088493E3,2.122812E2
6.687500E0,,,,,
6.691667E0,1702,4.171150E0,1.062736E1,1.089239E3,2.124950E2
6.695833E0,,,,,
6.700000E0,1704,4.174672E0,1.063399E1,1.089348E3,2.122903E2
6.704167E0,,,,,
6.708333E0,1706,4.191099E0,1.062357E1,1.089855E3,2.126121E2
6.712500E0,,,,,
6.716667E0,1708,4.219746E0,1.062504E1,1.090739E3,2.125667E2
6.720833E0,,,,,
6.725000E0,1710,4.254409E0,1.062520E1,1.091809E3,2.125617E2
6.729167E0,,,,,
6.733333E0,1712,4.292766E0,1.060925E1,1.092993E3,2.130541E2
6.737500E0,,,,,
6.741667E0,1714,4.347329E0,1.060906E1,1.094677E3,2.130599E2
6.745833E0,,,,,
6.750000E0,1716,4.412610E0,1.059116E1,1.096692E3,2.136124E2
6.754167E0,,,,,
6.758333E0,1718,4.479853E0,1.057799E1,1.098767E3,2.140188E2
6.762500E0,,,,,
6.766667E0,1720,4.540944E0,1.057449E1,1.100653E3,2.141270E2
6.770833E0,,,,,
6.775000E0,1722,4.604900E0,1.057390E1,1.102627E3,2.141450E2
6.779167E0,,,,,
6.783333E0,1724,4.661559E0,1.056883E1,1.104375E3,2.143016E2
6.787500E0,,,,,
6.791667E0,1726,4.690152E0,1.055830E1,1.105258E3,2.146266E2
6.795833E0,,,,,
6.800000E0,1728,4.732097E0,1.055555E1,1.106552E3,2.147115E2
6.804167E0,,,,,
6.808333E0,1730,4.762798E0,1.054201E1,1.107500E3,2.151293E2
6.812500E0,,,,,
6.816667E0,1732,4.780283E0,1.053518E1,1.108040E3,2.153402E2
6.820833E0,,,,,
6.825000E0,1734,4.786809E0,1.053813E1,1.108241E3,2.152491E2
6.829167E0,,,,,
6.833333E0,1736,4.812730E0,1.053787E1,1.109041E3,2.152571E2
6.837500E0,,,,,
6.841667E0,1738,4.826625E0,1.053303E1,1.109470E3,2.154066E2
6.845833E0,,,,,
6.850000E0,1740,4.857277E0,1.053593E1,1.110416E3,2.153170E2
6.854167E0,,,,,
6.858333E0,1742,4.918471E0,1.052425E1,1.112305E3,2.156774E2
6.862500E0,,,,,
6.866667E0,1744,4.966007E0,1.052703E1,1.113772E3,2.155916E2
6.870833E0,,,,,
6.875000E0,1746,5.021542E0,1.049953E1,1.115486E3,2.164405E2
6.879167E0,,,,,
6.883333E0,1748,5.099825E0,1.049459E1,1.117902E3,2.165929E2
6.887500E0,,,,,
6.891667E0,1750,5.156711E0,1.047874E1,1.119658E3,2.170823E2
6.895833E0,,,,,
6.900000E0,1752,5.215471E0,1.045519E1,1.121471E3,2.178090E2
6.904167E0,,,,,
6.908333E0,1754,5.263149E0,1.044613E1,1.122943E3,2.180886E2
6.912500E0,,,,,
6.916667E0,1756,5.307393E0,1.042714E1,1.124308E3,2.186747E2
6.920833E0,,,,,
6.925000E0,1758,5.345263E0,1.041140E1,1.125477E3,2.191604E2
6.929167E0,,,,,
6.933333E0,1760,5.354886E0,1.040575E1,1.125774E3,2.193350E2
6.937500E0,,,,,
6.941667E0,1762,5.381704E0,1.041708E1,1.126602E3,2.189852E2
6.945833E0,,,,,
6.950000E0,1764,5.406871E0,1.039122E1,1.127379E3,2.197833E2
6.954167E0,,,,,
6.958333E0,1766,5.415868E0,1.039169E1,1.127656E3,2.197687E2
6.962500E0,,,,,
6.966667E0,1768,5.442958E0,1.038810E1,1.128493E3,2.198795E2
6.970833E0,,,,,
6.975000E0,1770,5.473845E0,1.037974E1,1.129446E3,2.201377E2
6.979167E0,,,,,
6.983333E0,1772,5.511537E0,1.036263E1,1.130609E3,2.206658E2
6.987500E0,,,,,
6.991667E0,1774,5.573600E0,1.034738E1,1.132525E3,2.211366E2
6.995833E0,,,,,
7.000000E0,1776,5.640443E0,1.033572E1,1.134588E3,2.214963E2
7.004167E0,,,,,
7.008333E0,1778,5.692467E0,1.032113E1,1.136193E3,2.219465E2
7.012500E0,,,,,
7.016667E0,1780,5.755737E0,1.030132E1,1.138146E3,2.225580E2
7.020833E0,,,,,
7.025000E0,1782,5.812190E0,1.027074E1,1.139889E3,2.235018E2
7.029167E0,,,,,
7.033333E0,1784,5.868730E0,1.025133E1,1.141634E3,2.241010E2
7.037500E0,,,,,
7.041667E0,1786,5.907707E0,1.023650E1,1.142837E3,2.245585E2
7.045833E0,,,,,
7.050000E0,1788,5.937676E0,1.022082E1,1.143762E3,2.250425E2
7.054167E0,,,,,
7.058333E0,1790,5.959140E0,1.020287E1,1.144424E3,2.255966E2
7.062500E0,,,,,
7.066667E0,1792,5.981547E0,1.019790E1,1.145116E3,2.257500E2
7.070833E0,,,,,
7.075000E0,1794,5.997936E0,1.019730E1,1.145621E3,2.257684E2
7.079167E0,,,,,
7.083333E0,1796,6.014195E0,1.018259E1,1.146123E3,2.262225E2
7.087500E0,,,,,
7.091667E0,1798,6.038708E0,1.018719E1,1.146880E3,2.260805E2
7.095833E0,,,,,
7.100000E0,1800,6.057210E0,1.016374E1,1.147451E3,2.268045E2
7.104167E0,,,,,
7.108333E0,1802,6.096260E0,1.013326E1,1.148656E3,2.277452E2
7.112500E0,,,,,
7.116667E0,1804,6.155094E0,1.011899E1,1.150472E3,2.281855E2
7.120833E0,,,,,
7.125000E0,1806,6.225466E0,1.009440E1,1.152644E3,2.289444E2
7.129167E0,,,,,
7.133333E0,1808,6.276568E0,1.009645E1,1.154221E3,2.288810E2
7.137500E0,,,,,
7.141667E0,1810,6.341524E0,1.005413E1,1.156226E3,2.301872E2
7.145833E0,,,,,
7.150000E0,1812,6.392809E0,1.003425E1,1.157809E3,2.308010E2
7.154167E0,,,,,
7.158333E0,1814,6.443041E0,1.000624E1,1.159359E3,2.316653E2
7.162500E0,,,,,
7.166667E0,1816,6.490185E0,1.000152E1,1.160814E3,2.318111E2
7.170833E0,,,,,
7.175000E0,1818,6.506650E0,9.985795E0,1.161323E3,2.322965E2
7.179167E0,,,,,
7.183333E0,1820,6.530880E0,9.982619E0,1.162070E3,2.323945E2
7.187500E0,,,,,
7.191667E0,1822,6.550864E0,9.959294E0,1.162687E3,2.331144E2
7.195833E0,,,,,
7.200000E0,1824,6.570557E0,9.948217E0,1.163295E3,2.334563E2
7.204167E0,,,,,
7.208333E0,1826,6.582710E0,9.953380E0,1.163670E3,2.332969E2
7.212500E0,,,,,
7.216667E0,1828,6.604232E0,9.924239E0,1.164334E3,2.341963E2
7.220833E0,,,,,
7.225000E0,1830,6.642351E0,9.922809E0,1.165511E3,2.342405E2
7.229167E0,,,,,
7.233333E0,1832,6.683665E0,9.885278E0,1.166786E3,2.353988E2
7.237500E0,,,,,
7.241667E0,1834,6.717558E0,9.873419E0,1.167832E3,2.357648E2
7.245833E0,,,,,
7.250000E0,1836,6.778473E0,9.832350E0,1.169712E3,2.370324E2
7.254167E0,,,,,
7.258333E0,1838,6.843242E0,9.818327E0,1.171711E3,2.374652E2
7.262500E0,,,,,
7.266667E0,1840,6.890504E0,9.774405E0,1.173170E3,2.388208E2
7.270833E0,,,,,
7.275000E0,1842,6.956214E0,9.741599E0,1.175198E3,2.398334E2
7.279167E0,,,,,
7.283333E0,1844,6.987493E0,9.724680E0,1.176163E3,2.403556E2
7.287500E0,,,,,
7.291667E0,1846,7.044518E0,9.700965E0,1.177923E3,2.410875E2
7.295833E0,,,,,
7.300000E0,1848,7.063978E0,9.695370E0,1.178524E3,2.412602E2
7.304167E0,,,,,
7.308333E0,1850,7.089033E0,9.660677E0,1.179297E3,2.423310E2
7.312500E0,,,,,
7.316667E0,1852,7.109360E0,9.672354E0,1.179925E3,2.419705E2
7.320833E0,,,,,
7.325000E0,1854,7.112964E0,9.647956E0,1.180036E3,2.427236E2
7.329167E0,,,,,
7.333333E0,1856,7.129639E0,9.644976E0,1.180551E3,2.428156E2
7.337500E0,,,,,
7.341667E0,1858,7.157718E0,9.623626E0,1.181417E3,2.434745E2
7.345833E0,,,,,
7.350000E0,1860,7.189573E0,9.608379E0,1.182400E3,2.439451E2
7.354167E0,,,,,
7.358333E0,1862,7.224982E0,9.582693E0,1.183493E3,2.447379E2
7.362500E0,,,,,
7.366667E0,1864,7.262621E0,9.554863E0,1.184655E3,2.455968E2
7.370833E0,,,,,
7.375000E0,1866,7.322423E0,9.515367E0,1.186501E3,2.468158E2
7.379167E0,,,,,
7.383333E0,1868,7.357563E0,9.487129E0,1.187585E3,2.476874E2
7.387500E0,,,,,
7.391667E0,1870,7.420497E0,9.437603E0,1.189528E3,2.492160E2
7.395833E0,,,,,
7.400000E0,1872,7.465119E0,9.404051E0,1.190905E3,2.502515E2
7.404167E0,,,,,
7.408333E0,1874,7.503398E0,9.369801E0,1.192086E3,2.513086E2
7.412500E0,,,,,
7.416667E0,1876,7.548876E0,9.348510E0,1.193490E3,2.519657E2
7.420833E0,,,,,
7.425000E0,1878,7.562561E0,9.313548E0,1.193912E3,2.530448E2
7.429167E0,,,,,
7.433333E0,1880,7.596817E0,9.308034E0,1.194970E3,2.532150E2
7.437500E0,,,,,
7.441667E0,1882,7.604887E0,9.292266E0,1.195219E3,2.537017E2
7.445833E0,,,,,
7.450000E0,1884,7.615963E0,9.292474E0,1.195561E3,2.536952E2
7.454167E0,,,,,
7.458333E0,1886,7.627935E0,9.270335E0,1.195930E3,2.543786E2
7.462500E0,,,,,
7.466667E0,1888,7.656346E0,9.252608E0,1.196807E3,2.549257E2
7.470833E0,,,,,
7.475000E0,1890,7.671115E0,9.231952E0,1.197263E3,2.555632E2
7.479167E0,,,,,
7.483333E0,1892,7.705385E0,9.201612E0,1.198321E3,2.564996E2
7.487500E0,,,,,
7.491667E0,1894,7.747647E0,9.159755E0,1.199625E3,2.577915E2
7.495833E0,,,,,
7.500000E0,1896,7.782455E0,9.126036E0,1.200699E3,2.588322E2
7.504167E0,,,,,
7.508333E0,1898,7.843330E0,9.052629E0,1.202578E3,2.610979E2
7.512500E0,,,,,
7.516667E0,1900,7.881596E0,9.021131E0,1.203759E3,2.620700E2
7.520833E0,,,,,
7.525000E0,1902,7.911745E0,8.965104E0,1.204690E3,2.637993E2
7.529167E0,,,,,
7.533333E0,1904,7.957694E0,8.942978E0,1.206108E3,2.644822E2
7.537500E0,,,,,
7.541667E0,1906,7.994664E0,8.918901E0,1.207249E3,2.652253E2
7.545833E0,,,,,
7.550000E0,1908,8.018514E0,8.882914E0,1.207985E3,2.663360E2
7.554167E0,,,,,
7.558333E0,1910,8.034233E0,8.867545E0,1.208470E3,2.668103E2
7.562500E0,,,,,
7.566667E0,1912,8.044375E0,8.847632E0,1.208783E3,2.674249E2
7.570833E0,,,,,
7.575000E0,1914,8.063093E0,8.838800E0,1.209361E3,2.676975E2
7.579167E0,,,,,
7.583333E0,1916,8.069696E0,8.840839E0,1.209565E3,2.676346E2
7.587500E0,,,,,
7.591667E0,1918,8.100580E0,8.813304E0,1.210518E3,2.684844E2
7.595833E0,,,,,
7.600000E0,1920,8.114797E0,8.786358E0,1.210957E3,2.693161E2
7.604167E0,,,,,
7.608333E0,1922,8.145506E0,8.760702E0,1.211905E3,2.701080E2
7.612500E0,,,,,
7.616667E0,1924,8.197600E0,8.731794E0,1.213512E3,2.710002E2
7.620833E0,,,,,
7.625000E0,1926,8.235617E0,8.678143E0,1.214686E3,2.726561E2
7.629167E0,,,,,
7.633333E0,1928,8.288994E0,8.648356E0,1.216333E3,2.735754E2
7.637500E0,,,,,
7.641667E0,1930,8.345371E0,8.599696E0,1.218073E3,2.750773E2
7.645833E0,,,,,
7.650000E0,1932,8.390757E0,8.551124E0,1.219474E3,2.765764E2
7.654167E0,,,,,
7.658333E0,1934,8.409176E0,8.517404E0,1.220042E3,2.776172E2
7.662500E0,,,,,
7.666667E0,1936,8.442012E0,8.477377E0,1.221056E3,2.788526E2
7.670833E0,,,,,
7.675000E0,1938,8.472473E0,8.454658E0,1.221996E3,2.795538E2
7.679167E0,,,,,
7.683333E0,1940,8.483602E0,8.431473E0,1.222340E3,2.802693E2
7.687500E0,,,,,
7.691667E0,1942,8.503306E0,8.417038E0,1.222948E3,2.807149E2
7.695833E0,,,,,
7.700000E0,1944,8.512730E0,8.413313E0,1.223239E3,2.808298E2
7.704167E0,,,,,
7.708333E0,1946,8.521367E0,8.398913E0,1.223505E3,2.812743E2
7.712500E0,,,,,
7.716667E0,1948,8.543510E0,8.381794E0,1.224189E3,2.818026E2
7.720833E0,,,,,
7.725000E0,1950,8.565255E0,8.355570E0,1.224860E3,2.826120E2
7.729167E0,,,,,
7.733333E0,1952,8.594410E0,8.329141E0,1.225760E3,2.834278E2
7.737500E0,,,,,
7.741667E0,1954,8.632101E0,8.271025E0,1.226923E3,2.852215E2
7.745833E0,,,,,
7.750000E0,1956,8.665934E0,8.236529E0,1.227967E3,2.862861E2
7.754167E0,,,,,
7.758333E0,1958,8.719985E0,8.188578E0,1.229635E3,2.877661E2
7.762500E0,,,,,
7.766667E0,1960,8.755424E0,8.132017E0,1.230729E3,2.895118E2
7.770833E0,,,,,
7.775000E0,1962,8.815329E0,8.104934E0,1.232578E3,2.903477E2
7.779167E0,,,,,
7.783333E0,1964,8.838353E0,8.050954E0,1.233289E3,2.920138E2
7.787500E0,,,,,
7.791667E0,1966,8.869684E0,8.020558E0,1.234256E3,2.929519E2
7.795833E0,,,,,
7.800000E0,1968,8.893986E0,8.000663E0,1.235006E3,2.935660E2
7.804167E0,,,,,
7.808333E0,1970,8.895754E0,7.978525E0,1.235060E3,2.942492E2
7.812500E0,,,,,
7.816667E0,1972,8.924337E0,7.950997E0,1.235943E3,2.950989E2
7.820833E0,,,,,
7.825000E0,1974,8.941738E0,7.957686E0,1.236480E3,2.948924E2
7.829167E0,,,,,
7.833333E0,1976,8.943208E0,7.935248E0,1.236525E3,2.955849E2
7.837500E0,,,,,
7.841667E0,1978,8.964570E0,7.914517E0,1.237184E3,2.962248E2
7.845833E0,,,,,
7.850000E0,1980,8.991204E0,7.895740E0,1.238006E3,2.968043E2
7.854167E0,,,,,
7.858333E0,1982,9.020076E0,7.859896E0,1.238897E3,2.979106E2
7.862500E0,,,,,
7.866667E0,1984,9.060245E0,7.818534E0,1.240137E3,2.991872E2
7.870833E0,,,,,
7.875000E0,1986,9.105684E0,7.779547E0,1.241540E3,3.003905E2
7.879167E0,,,,,
7.883333E0,1988,9.143470E0,7.740898E0,1.242706E3,3.015834E2
7.887500E0,,,,,
7.891667E0,1990,9.204124E0,7.681873E0,1.244578E3,3.034052E2
7.895833E0,,,,,
7.900000E0,1992,9.233016E0,7.640008E0,1.245470E3,3.046973E2
7.904167E0,,,,,
7.908333E0,1994,9.285733E0,7.602900E0,1.247097E3,3.058426E2
7.912500E0,,,,,
7.916667E0,1996,9.303525E0,7.564551E0,1.247646E3,3.070262E2
7.920833E0,,,,,
7.925000E0,1998,9.333070E0,7.546842E0,1.248558E3,3.075728E2
7.929167E0,,,,,
7.933333E0,2000,9.344369E0,7.537166E0,1.248906E3,3.078714E2
7.937500E0,,,,,
7.941667E0,2002,9.360440E0,7.518148E0,1.249402E3,3.084584E2
7.945833E0,,,,,
7.950000E0,2004,9.376984E0,7.499454E0,1.249913E3,3.090354E2
7.954167E0,,,,,
7.958333E0,2006,9.408111E0,7.487716E0,1.250874E3,3.093976E2
7.962500E0,,,,,
7.966667E0,2008,9.411643E0,7.484724E0,1.250983E3,3.094900E2
7.970833E0,,,,,
7.975000E0,2010,9.431128E0,7.448598E0,1.251584E3,3.106050E2
7.979167E0,,,,,
7.983333E0,2012,9.457510E0,7.410086E0,1.252398E3,3.117937E2
7.987500E0,,,,,
7.991667E0,2014,9.497023E0,7.378792E0,1.253618E3,3.127595E2
7.995833E0,,,,,
8.000000E0,2016,9.548139E0,7.338946E0,1.255196E3,3.139893E2
8.004167E0,,,,,
8.008333E0,2018,9.567577E0,7.285364E0,1.255796E3,3.156431E2
8.012500E0,,,,,
8.016667E0,2020,9.632767E0,7.244415E0,1.257808E3,3.169069E2
8.020833E0,,,,,
8.025000E0,2022,9.683130E0,7.200508E0,1.259362E3,3.182621E2
8.029167E0,,,,,
8.033333E0,2024,9.716587E0,7.171007E0,1.260395E3,3.191726E2
8.037500E0,,,,,
8.041667E0,2026,9.752087E0,7.130864E0,1.261490E3,3.204116E2
8.045833E0,,,,,
8.050000E0,2028,9.775198E0,7.110079E0,1.262204E3,3.210531E2
8.054167E0,,,,,
8.058333E0,2030,9.802608E0,7.102350E0,1.263050E3,3.212917E2
8.062500E0,,,,,
8.066667E0,2032,9.816414E0,7.082846E0,1.263476E3,3.218936E2
8.070833E0,,,,,
8.075000E0,2034,9.827842E0,7.075602E0,1.263828E3,3.221172E2
8.079167E0,,,,,
8.083333E0,2036,9.858128E0,7.065700E0,1.264763E3,3.224228E2
8.087500E0,,,,,
8.091667E0,2038,9.853574E0,7.040476E0,1.264623E3,3.232014E2
8.095833E0,,,,,
8.100000E0,2040,9.882448E0,7.019079E0,1.265514E3,3.238618E2
8.104167E0,,,,,
8.108333E0,2042,9.918188E0,6.983400E0,1.266617E3,3.249630E2
8.112500E0,,,,,
8.116667E0,2044,9.965442E0,6.956756E0,1.268075E3,3.257853E2
8.120833E0,,,,,
8.125000E0,2046,1.001548E1,6.915275E0,1.269620E3,3.270656E2
8.129167E0,,,,,
8.133333E0,2048,1.005700E1,6.885823E0,1.270901E3,3.279746E2
8.137500E0,,,,,
8.141667E0,2050,1.011704E1,6.842055E0,1.272754E3,3.293255E2
8.145833E0,,,,,
8.150000E0,2052,1.016607E1,6.803852E0,1.274268E3,3.305046E2
8.154167E0,,,,,
8.158333E0,2054,1.020070E1,6.768559E0,1.275336E3,3.315938E2
8.162500E0,,,,,
8.166667E0,2056,1.022843E1,6.740420E0,1.276192E3,3.324623E2
8.170833E0,,,,,
8.175000E0,2058,1.027379E1,6.713307E0,1.277592E3,3.332992E2
8.179167E0,,,,,
8.183333E0,2060,1.028247E1,6.711089E0,1.277860E3,3.333676E2
8.187500E0,,,,,
8.191667E0,2062,1.030025E1,6.684546E0,1.278409E3,3.341868E2
8.195833E0,,,,,
8.200000E0,2064,1.030022E1,6.678241E0,1.278408E3,3.343815E2
8.204167E0,,,,,
8.208333E0,2066,1.032977E1,6.676770E0,1.279320E3,3.344268E2
8.212500E0,,,,,
8.216667E0,2068,1.035254E1,6.660398E0,1.280023E3,3.349322E2
8.220833E0,,,,,
8.225000E0,2070,1.037732E1,6.648030E0,1.280788E3,3.353139E2
8.229167E0,,,,,
8.233333E0,2072,1.041475E1,6.623787E0,1.281943E3,3.360621E2
8.237500E0,,,,,
8.241667E0,2074,1.046228E1,6.599330E0,1.283410E3,3.368170E2
8.245833E0,,,,,
8.250000E0,2076,1.051811E1,6.555540E0,1.285133E3,3.381685E2
8.254167E0,,,,,
8.258333E0,2078,1.057775E1,6.524416E0,1.286974E3,3.391291E2
8.262500E0,,,,,
8.266667E0,2080,1.062583E1,6.495283E0,1.288458E3,3.400283E2
8.270833E0,,,,,
8.275000E0,2082,1.069237E1,6.458138E0,1.290511E3,3.411747E2
8.279167E0,,,,,
8.283333E0,2084,1.072527E1,6.448535E0,1.291527E3,3.414711E2
8.287500E0,,,,,
8.291667E0,2086,1.077352E1,6.420932E0,1.293016E3,3.423231E2
8.295833E0,,,,,
8.300000E0,2088,1.080270E1,6.388250E0,1.293917E3,3.433318E2
8.304167E0,,,,,
8.308333E0,2090,1.081012E1,6.376730E0,1.294146E3,3.436874E2
8.312500E0,,,,,
8.316667E0,2092,1.083051E1,6.365210E0,1.294775E3,3.440429E2
8.320833E0,,,,,
8.325000E0,2094,1.084694E1,6.367371E0,1.295282E3,3.439762E2
8.329167E0,,,,,
8.333333E0,2096,1.087436E1,6.364387E0,1.296128E3,3.440683E2
8.337500E0,,,,,
8.341667E0,2098,1.089056E1,6.345362E0,1.296628E3,3.446555E2
8.345833E0,,,,,
8.350000E0,2100,1.090668E1,6.323573E0,1.297126E3,3.453280E2
8.354167E0,,,,,
8.358333E0,2102,1.096807E1,6.302588E0,1.299021E3,3.459757E2
8.362500E0,,,,,
8.366667E0,2104,1.101764E1,6.282065E0,1.300551E3,3.466091E2
8.370833E0,,,,,
8.375000E0,2106,1.105047E1,6.249311E0,1.301564E3,3.476200E2
8.379167E0,,,,,
8.383333E0,2108,1.111027E1,6.218780E0,1.303410E3,3.485624E2
8.387500E0,,,,,
8.391667E0,2110,1.116709E1,6.179177E0,1.305163E3,3.497847E2
8.395833E0,,,,,
8.400000E0,2112,1.122254E1,6.156064E0,1.306875E3,3.504980E2
8.404167E0,,,,,
8.408333E0,2114,1.126857E1,6.128917E0,1.308295E3,3.513359E2
8.412500E0,,,,,
8.416667E0,2116,1.130068E1,6.091280E0,1.309287E3,3.524975E2
8.420833E0,,,,,
8.425000E0,2118,1.132279E1,6.078404E0,1.309969E3,3.528949E2
8.429167E0,,,,,
8.433333E0,2120,1.135345E1,6.069778E0,1.310915E3,3.531612E2
8.437500E0,,,,,
8.441667E0,2122,1.138166E1,6.058432E0,1.311786E3,3.535114E2
8.445833E0,,,,,
8.450000E0,2124,1.137512E1,6.037318E0,1.311584E3,3.541630E2
8.454167E0,,,,,
8.458333E0,2126,1.138903E1,6.034580E0,1.312013E3,3.542475E2
8.462500E0,,,,,
8.466667E0,2128,1.142347E1,6.026283E0,1.313076E3,3.545036E2
8.470833E0,,,,,
8.475000E0,2130,1.144232E1,6.007413E0,1.313658E3,3.550860E2
8.479167E0,,,,,
8.483333E0,2132,1.147899E1,5.986737E0,1.314790E3,3.557242E2
8.487500E0,,,,,
8.491667E0,2134,1.153881E1,5.954895E0,1.316636E3,3.567069E2
8.495833E0,,,,,
8.500000E0,2136,1.159116E1,5.933609E0,1.318252E3,3.573639E2
8.504167E0,,,,,
8.508333E0,2138,1.165692E1,5.891932E0,1.320282E3,3.586503E2
8.512500E0,,,,,
8.516667E0,2140,1.171642E1,5.869473E0,1.322118E3,3.593434E2
8.520833E0,,,,,
8.525000E0,2142,1.176053E1,5.845750E0,1.323479E3,3.600756E2
8.529167E0,,,,,
8.533333E0,2144,1.179763E1,5.804924E0,1.324624E3,3.613357E2
8.537500E0,,,,,
8.541667E0,2146,1.184706E1,5.777750E0,1.326150E3,3.621744E2
8.545833E0,,,,,
8.550000E0,2148,1.187867E1,5.758694E0,1.327125E3,3.627625E2
8.554167E0,,,,,
8.558333E0,2150,1.189994E1,5.759405E0,1.327782E3,3.627406E2
8.562500E0,,,,,
8.566667E0,2152,1.191663E1,5.747497E0,1.328297E3,3.631081E2
8.570833E0,,,,,
8.575000E0,2154,1.192420E1,5.727147E0,1.328531E3,3.637362E2
8.579167E0,,,,,
8.583333E0,2156,1.193888E1,5.714771E0,1.328984E3,3.641182E2
8.587500E0,,,,,
8.591667E0,2158,1.195769E1,5.710660E0,1.329565E3,3.642450E2
8.595833E0,,,,,
8.600000E0,2160,1.199545E1,5.691227E0,1.330730E3,3.648448E2
8.604167E0,,,,,
8.608333E0,2162,1.203261E1,5.657866E0,1.331877E3,3.658745E2
8.612500E0,,,,,
8.616667E0,2164,1.206085E1,5.624283E0,1.332748E3,3.669110E2
8.620833E0,,,,,
8.625000E0,2166,1.212681E1,5.591751E0,1.334784E3,3.679151E2
8.629167E0,,,,,
8.633333E0,2168,1.217950E1,5.564611E0,1.336410E3,3.687527E2
8.637500E0,,,,,
8.641667E0,2170,1.223179E1,5.511830E0,1.338024E3,3.703818E2
8.645833E0,,,,,
8.650000E0,2172,1.227937E1,5.481624E0,1.339493E3,3.713141E2
8.654167E0,,,,,
8.658333E0,2174,1.234295E1,5.462446E0,1.341455E3,3.719060E2
8.662500E0,,,,,
8.666667E0,2176,1.235957E1,5.437589E0,1.341968E3,3.726732E2
8.670833E0,,,,,
8.675000E0,2178,1.238981E1,5.419104E0,1.342901E3,3.732437E2
8.679167E0,,,,,
8.683333E0,2180,1.240704E1,5.403274E0,1.343433E3,3.737323E2
8.687500E0,,,,,
8.691667E0,2182,1.241840E1,5.391590E0,1.343784E3,3.740929E2
8.695833E0,,,,,
8.700000E0,2184,1.243376E1,5.378788E0,1.344258E3,3.744880E2
8.704167E0,,,,,
8.708333E0,2186,1.245985E1,5.370648E0,1.345063E3,3.747393E2
8.712500E0,,,,,
8.716667E0,2188,1.246635E1,5.359281E0,1.345264E3,3.750901E2
8.720833E0,,,,,
8.725000E0,2190,1.250844E1,5.338525E0,1.346563E3,3.757307E2
8.729167E0,,,,,
8.733333E0,2192,1.253857E1,5.300848E0,1.347493E3,3.768936E2
8.737500E0,,,,,
8.741667E0,2194,1.258052E1,5.278476E0,1.348788E3,3.775841E2
8.745833E0,,,,,
8.750000E0,2196,1.263729E1,5.230336E0,1.350540E3,3.790699E2
8.754167E0,,,,,
8.758333E0,2198,1.267709E1,5.195631E0,1.351768E3,3.801410E2
8.762500E0,,,,,
8.766667E0,2200,1.274873E1,5.144499E0,1.353979E3,3.817192E2
8.770833E0,,,,,
8.775000E0,2202,1.277672E1,5.125925E0,1.354843E3,3.822924E2
8.779167E0,,,,,
8.783333E0,2204,1.282984E1,5.073675E0,1.356483E3,3.839051E2
8.787500E0,,,,,
8.791667E0,2206,1.287076E1,5.065258E0,1.357746E3,3.841649E2
8.795833E0,,,,,
8.800000E0,2208,1.288782E1,5.041486E0,1.358272E3,3.848986E2
8.804167E0,,,,,
8.808333E0,2210,1.291233E1,5.016682E0,1.359029E3,3.856641E2
8.812500E0,,,,,
8.816667E0,2212,1.292029E1,5.017284E0,1.359274E3,3.856455E2
8.820833E0,,,,,
8.825000E0,2214,1.294183E1,4.996202E0,1.359939E3,3.862962E2
8.829167E0,,,,,
8.833333E0,2216,1.296060E1,4.988885E0,1.360518E3,3.865221E2
8.837500E0,,,,,
8.841667E0,2218,1.297550E1,4.978040E0,1.360978E3,3.868568E2
8.845833E0,,,,,
8.850000E0,2220,1.300180E1,4.950995E0,1.361790E3,3.876915E2
8.854167E0,,,,,
8.858333E0,2222,1.302391E1,4.926361E0,1.362473E3,3.884518E2
8.862500E0,,,,,
8.866667E0,2224,1.307872E1,4.891630E0,1.364164E3,3.895238E2
8.870833E0,,,,,
8.875000E0,2226,1.314336E1,4.863252E0,1.366159E3,3.903996E2
8.879167E0,,,,,
8.883333E0,2228,1.320071E1,4.829408E0,1.367929E3,3.914442E2
8.887500E0,,,,,
8.891667E0,2230,1.325125E1,4.796439E0,1.369489E3,3.924618E2
8.895833E0,,,,,
8.900000E0,2232,1.329395E1,4.760639E0,1.370807E3,3.935667E2
8.904167E0,,,,,
8.908333E0,2234,1.334970E1,4.732935E0,1.372528E3,3.944217E2
8.912500E0,,,,,
8.916667E0,2236,1.338365E1,4.708502E0,1.373576E3,3.951759E2
8.920833E0,,,,,
8.925000E0,2238,1.341149E1,4.676308E0,1.374435E3,3.961695E2
8.929167E0,,,,,
8.933333E0,2240,1.343463E1,4.674170E0,1.375149E3,3.962355E2
8.937500E0,,,,,
8.941667E0,2242,1.346194E1,4.671217E0,1.375992E3,3.963266E2
8.945833E0,,,,,
8.950000E0,2244,1.345939E1,4.662108E0,1.375913E3,3.966078E2
8.954167E0,,,,,
8.958333E0,2246,1.348020E1,4.638770E0,1.376556E3,3.973281E2
8.962500E0,,,,,
8.966667E0,2248,1.350090E1,4.644717E0,1.377194E3,3.971445E2
8.970833E0,,,,,
8.975000E0,2250,1.353894E1,4.616355E0,1.378369E3,3.980199E2
8.979167E0,,,,,
8.983333E0,2252,1.356014E1,4.596182E0,1.379023E3,3.986425E2
8.987500E0,,,,,
8.991667E0,2254,1.360682E1,4.562086E0,1.380464E3,3.996949E2
8.995833E0,,,,,
9.000000E0,2256,1.365811E1,4.535738E0,1.382047E3,4.005081E2
9.004167E0,,,,,
9.008333E0,2258,1.372344E1,4.494515E0,1.384063E3,4.017804E2
9.012500E0,,,,,
9.016667E0,2260,1.378576E1,4.466001E0,1.385986E3,4.026605E2
9.020833E0,,,,,
9.025000E0,2262,1.382369E1,4.426491E0,1.387157E3,4.038799E2
9.029167E0,,,,,
9.033333E0,2264,1.388373E1,4.400520E0,1.389010E3,4.046815E2
9.037500E0,,,,,
9.041667E0,2266,1.392287E1,4.366377E0,1.390218E3,4.057353E2
9.045833E0,,,,,
9.050000E0,2268,1.394507E1,4.357863E0,1.390903E3,4.059980E2
9.054167E0,,,,,
9.058333E0,2270,1.396306E1,4.345739E0,1.391458E3,4.063722E2
9.062500E0,,,,,
9.066667E0,2272,1.396657E1,4.334975E0,1.391567E3,4.067045E2
9.070833E0,,,,,
9.075000E0,2274,1.398623E1,4.316481E0,1.392174E3,4.072753E2
9.079167E0,,,,,
9.083333E0,2276,1.399993E1,4.311071E0,1.392596E3,4.074422E2
9.087500E0,,,,,
9.091667E0,2278,1.404125E1,4.292605E0,1.393872E3,4.080122E2
9.095833E0,,,,,
9.100000E0,2280,1.405938E1,4.266109E0,1.394431E3,4.088300E2
9.104167E0,,,,,
9.108333E0,2282,1.407229E1,4.242816E0,1.394830E3,4.095489E2
9.112500E0,,,,,
9.116667E0,2284,1.412658E1,4.218338E0,1.396506E3,4.103044E2
9.120833E0,,,,,
9.125000E0,2286,1.418120E1,4.188106E0,1.398191E3,4.112375E2
9.129167E0,,,,,
9.133333E0,2288,1.424222E1,4.149493E0,1.400075E3,4.124292E2
9.137500E0,,,,,
9.141667E0,2290,1.428371E1,4.093153E0,1.401355E3,4.141681E2
9.145833E0,,,,,
9.150000E0,2292,1.432621E1,4.059925E0,1.402667E3,4.151937E2
9.154167E0,,,,,
9.158333E0,2294,1.437885E1,4.044524E0,1.404292E3,4.156690E2
9.162500E0,,,,,
9.166667E0,2296,1.441117E1,4.014829E0,1.405289E3,4.165855E2
9.170833E0,,,,,
9.175000E0,2298,1.444505E1,3.995652E0,1.406335E3,4.171774E2
9.179167E0,,,,,
9.183333E0,2300,1.446100E1,3.968464E0,1.406827E3,4.180166E2
9.187500E0,,,,,
9.191667E0,2302,1.444916E1,3.987403E0,1.406462E3,4.174320E2
9.195833E0,,,,,
9.200000E0,2304,1.443504E1,3.995278E0,1.406026E3,4.171890E2
9.204167E0,,,,,
9.208333E0,2306,1.441307E1,3.999330E0,1.405348E3,4.170639E2
9.212500E0,,,,,
9.216667E0,2308,1.438668E1,4.016459E0,1.404533E3,4.165352E2
9.220833E0,,,,,
9.225000E0,2310,1.436951E1,4.027234E0,1.404003E3,4.162027E2
9.229167E0,,,,,
9.233333E0,2312,1.432704E1,4.050743E0,1.402693E3,4.154771E2
9.237500E0,,,,,
9.241667E0,2314,1.428805E1,4.080760E0,1.401489E3,4.145506E2
9.245833E0,,,,,
9.250000E0,2316,1.423634E1,4.118467E0,1.399893E3,4.133868E2
9.254167E0,,,,,
9.258333E0,2318,1.417973E1,4.147751E0,1.398146E3,4.124830E2
9.262500E0,,,,,
9.266667E0,2320,1.412983E1,4.185159E0,1.396606E3,4.113284E2
9.270833E0,,,,,
9.275000E0,2322,1.408831E1,4.224818E0,1.395324E3,4.101044E2
9.279167E0,,,,,
9.283333E0,2324,1.402937E1,4.268234E0,1.393505E3,4.087644E2
9.287500E0,,,,,
9.291667E0,2326,1.399550E1,4.289418E0,1.392460E3,4.081106E2
9.295833E0,,,,,
9.300000E0,2328,1.397216E1,4.308009E0,1.391739E3,4.075368E2
9.304167E0,,,,,
9.308333E0,2330,1.395762E1,4.332759E0,1.391291E3,4.067729E2
9.312500E0,,,,,
9.316667E0,2332,1.393372E1,4.348873E0,1.390553E3,4.062755E2
9.320833E0,,,,,
9.325000E0,2334,1.391852E1,4.340418E0,1.390084E3,4.065365E2
9.329167E0,,,,,
9.333333E0,2336,1.390810E1,4.367200E0,1.389762E3,4.057099E2
9.337500E0,,,,,
9.341667E0,2338,1.388352E1,4.380849E0,1.389004E3,4.052886E2
9.345833E0,,,,,
9.350000E0,2340,1.386730E1,4.404807E0,1.388503E3,4.045492E2
9.354167E0,,,,,
9.358333E0,2342,1.382714E1,4.417609E0,1.387264E3,4.041540E2
9.362500E0,,,,,
9.366667E0,2344,1.379049E1,4.458776E0,1.386132E3,4.028835E2
9.370833E0,,,,,
9.375000E0,2346,1.373435E1,4.478849E0,1.384400E3,4.022639E2
9.379167E0,,,,,
9.383333E0,2348,1.368983E1,4.531974E0,1.383026E3,4.006243E2
9.387500E0,,,,,
9.391667E0,2350,1.363099E1,4.581598E0,1.381210E3,3.990927E2
9.395833E0,,,,,
9.400000E0,2352,1.358073E1,4.616376E0,1.379658E3,3.980193E2
9.404167E0,,,,,
9.408333E0,2354,1.353747E1,4.642566E0,1.378323E3,3.972109E2
9.412500E0,,,,,
9.416667E0,2356,1.349149E1,4.674489E0,1.376904E3,3.962257E2
9.420833E0,,,,,
9.425000E0,2358,1.346613E1,4.678419E0,1.376121E3,3.961043E2
9.429167E0,,,,,
9.433333E0,2360,1.344735E1,4.697569E0,1.375542E3,3.955133E2
9.437500E0,,,,,
9.441667E0,2362,1.343818E1,4.703840E0,1.375259E3,3.953197E2
9.445833E0,,,,,
9.450000E0,2364,1.342232E1,4.719153E0,1.374769E3,3.948471E2
9.454167E0,,,,,
9.458333E0,2366,1.341686E1,4.737276E0,1.374601E3,3.942878E2
9.462500E0,,,,,
9.466667E0,2368,1.339267E1,4.744056E0,1.373854E3,3.940785E2
9.470833E0,,,,,
9.475000E0,2370,1.335182E1,4.781781E0,1.372593E3,3.929142E2
9.479167E0,,,,,
9.483333E0,2372,1.332442E1,4.802199E0,1.371748E3,3.922840E2
9.487500E0,,,,,
9.491667E0,2374,1.327447E1,4.831101E0,1.370206E3,3.913919E2
9.495833E0,,,,,
9.500000E0,2376,1.322677E1,4.872283E0,1.368734E3,3.901209E2
9.504167E0,,,,,
9.508333E0,2378,1.317982E1,4.912769E0,1.367284E3,3.888713E2
9.512500E0,,,,,
9.516667E0,2380,1.311417E1,4.943795E0,1.365258E3,3.879137E2
9.520833E0,,,,,
9.525000E0,2382,1.307820E1,4.975956E0,1.364148E3,3.869211E2
9.529167E0,,,,,
9.533333E0,2384,1.303092E1,5.006976E0,1.362689E3,3.859637E2
9.537500E0,,,,,
9.541667E0,2386,1.299107E1,5.040981E0,1.361459E3,3.849142E2
9.545833E0,,,,,
9.550000E0,2388,1.297170E1,5.055078E0,1.360861E3,3.844791E2
9.554167E0,,,,,
9.558333E0,2390,1.295311E1,5.076933E0,1.360287E3,3.838045E2
9.562500E0,,,,,
9.566667E0,2392,1.293307E1,5.081168E0,1.359669E3,3.836738E2
9.570833E0,,,,,
9.575000E0,2394,1.292324E1,5.089134E0,1.359366E3,3.834280E2
9.579167E0,,,,,
9.583333E0,2396,1.290256E1,5.100704E0,1.358727E3,3.830709E2
9.587500E0,,,,,
9.591667E0,2398,1.287423E1,5.115771E0,1.357853E3,3.826058E2
9.595833E0,,,,,
9.600000E0,2400,1.285581E1,5.139157E0,1.357284E3,3.818840E2
9.604167E0,,,,,
9.608333E0,2402,1.280230E1,5.157349E0,1.355633E3,3.813226E2
9.612500E0,,,,,
9.616667E0,2404,1.275869E1,5.185595E0,1.354287E3,3.804508E2
9.620833E0,,,,,
9.625000E0,2406,1.270717E1,5.213119E0,1.352697E3,3.796013E2
9.629167E0,,,,,
9.633333E0,2408,1.264080E1,5.238991E0,1.350648E3,3.788027E2
9.637500E0,,,,,
9.641667E0,2410,1.260338E1,5.281826E0,1.349493E3,3.774807E2
9.645833E0,,,,,
9.650000E0,2412,1.254078E1,5.309425E0,1.347561E3,3.766289E2
9.654167E0,,,,,
9.658333E0,2414,1.249287E1,5.338741E0,1.346082E3,3.757241E2
9.662500E0,,,,,
9.666667E0,2416,1.246514E1,5.355833E0,1.345227E3,3.751965E2
9.670833E0,,,,,
9.675000E0,2418,1.244550E1,5.374553E0,1.344621E3,3.746187E2
9.679167E0,,,,,
9.683333E0,2420,1.242118E1,5.381505E0,1.343870E3,3.744042E2
9.687500E0,,,,,
9.691667E0,2422,1.239550E1,5.397029E0,1.343077E3,3.739250E2
9.695833E0,,,,,
9.700000E0,2424,1.237683E1,5.411554E0,1.342501E3,3.734767E2
9.704167E0,,,,,
9.708333E0,2426,1.236222E1,5.415772E0,1.342050E3,3.733465E2
9.712500E0,,,,,
9.716667E0,2428,1.234075E1,5.437090E0,1.341387E3,3.726886E2
9.720833E0,,,,,
9.725000E0,2430,1.230594E1,5.461198E0,1.340313E3,3.719445E2
9.729167E0,,,,,
9.733333E0,2432,1.228013E1,5.475983E0,1.339516E3,3.714882E2
9.737500E0,,,,,
9.741667E0,2434,1.222063E1,5.499198E0,1.337680E3,3.707717E2
9.745833E0,,,,,
9.750000E0,2436,1.217829E1,5.533003E0,1.336373E3,3.697283E2
9.754167E0,,,,,
9.758333E0,2438,1.211215E1,5.566355E0,1.334332E3,3.686989E2
9.762500E0,,,,,
9.766667E0,2440,1.205568E1,5.586468E0,1.332589E3,3.680781E2
9.770833E0,,,,,
9.775000E0,2442,1.200695E1,5.629037E0,1.331085E3,3.667643E2
9.779167E0,,,,,
9.783333E0,2444,1.196342E1,5.651550E0,1.329741E3,3.660695E2
9.787500E0,,,,,
9.791667E0,2446,1.192965E1,5.683084E0,1.328699E3,3.650962E2
9.795833E0,,,,,
9.800000E0,2448,1.189214E1,5.691529E0,1.327541E3,3.648355E2
9.804167E0,,,,,
9.808333E0,2450,1.185890E1,5.700700E0,1.326515E3,3.645525E2
9.812500E0,,,,,
9.816667E0,2452,1.185081E1,5.715939E0,1.326266E3,3.640821E2
9.820833E0,,,,,
9.825000E0,2454,1.182509E1,5.726677E0,1.325472E3,3.637507E2
9.829167E0,,,,,
9.833333E0,2456,1.181375E1,5.738628E0,1.325122E3,3.633818E2
9.837500E0,,,,,
9.841667E0,2458,1.179642E1,5.736189E0,1.324587E3,3.634571E2
9.845833E0,,,,,
9.850000E0,2460,1.177457E1,5.749832E0,1.323913E3,3.630360E2
9.854167E0,,,,,
9.858333E0,2462,1.173002E1,5.773917E0,1.322538E3,3.622927E2
9.862500E0,,,,,
9.866667E0,2464,1.168785E1,5.812761E0,1.321236E3,3.610938E2
9.870833E0,,,,,
9.875000E0,2466,1.162629E1,5.835701E0,1.319336E3,3.603858E2
9.879167E0,,,,,
9.883333E0,2468,1.156489E1,5.855424E0,1.317441E3,3.597770E2
9.887500E0,,,,,
9.891667E0,2470,1.151407E1,5.900558E0,1.315872E3,3.583840E2
9.895833E0,,,,,
9.900000E0,2472,1.145698E1,5.930787E0,1.314111E3,3.574510E2
9.904167E0,,,,,
9.908333E0,2474,1.142197E1,5.966032E0,1.313030E3,3.563632E2
9.912500E0,,,,,
9.916667E0,2476,1.138628E1,5.987096E0,1.311928E3,3.557131E2
9.920833E0,,,,,
9.925000E0,2478,1.134675E1,6.005459E0,1.310708E3,3.551463E2
9.929167E0,,,,,
9.933333E0,2480,1.132619E1,6.002830E0,1.310074E3,3.552275E2
9.937500E0,,,,,
9.941667E0,2482,1.130048E1,6.012603E0,1.309280E3,3.549258E2
9.945833E0,,,,,
9.950000E0,2484,1.128064E1,6.036622E0,1.308668E3,3.541845E2
9.954167E0,,,,,
9.958333E0,2486,1.127682E1,6.032667E0,1.308550E3,3.543066E2
9.962500E0,,,,,
9.966667E0,2488,1.125622E1,6.051255E0,1.307914E3,3.537329E2
9.970833E0,,,,,
9.975000E0,2490,1.122927E1,6.055935E0,1.307082E3,3.535884E2
9.979167E0,,,,,
9.983333E0,2492,1.117344E1,6.084119E0,1.305359E3,3.527186E2
9.987500E0,,,,,
9.991667E0,2494,1.113386E1,6.123413E0,1.304138E3,3.515058E2
